doc_id,theme,secteur,title,type,agencies,date,effective_date,significant,url
2026-12670,semiconductor,Information Technology,Indefinite Suspension of the De Minimis Exemption for Merchandise Arriving Through All Modes Other Than the International Postal Network,Rule,Homeland Security Department; U.S. Customs and Border Protection,2026-06-24,2026-06-24,,https://www.federalregister.gov/documents/2026/06/24/2026-12670/indefinite-suspension-of-the-de-minimis-exemption-for-merchandise-arriving-through-all-modes-other
2026-12669,semiconductor,Information Technology,Indefinite Suspension of the De Minimis Exemption for Mail Shipments and New Postal Informal Entry Process,Rule,Homeland Security Department; U.S. Customs and Border Protection,2026-06-24,2026-07-24,,https://www.federalregister.gov/documents/2026/06/24/2026-12669/indefinite-suspension-of-the-de-minimis-exemption-for-mail-shipments-and-new-postal-informal-entry
2026-11593,semiconductor,Information Technology,Significant New Use Rules on Certain Chemical Substances (26-1),Proposed Rule,Environmental Protection Agency,2026-06-10,,False,https://www.federalregister.gov/documents/2026/06/10/2026-11593/significant-new-use-rules-on-certain-chemical-substances-26-1
2026-11319,semiconductor,Information Technology,Significant New Use Rules on Certain Chemical Substances (25-3.5e),Proposed Rule,Environmental Protection Agency,2026-06-05,,False,https://www.federalregister.gov/documents/2026/06/05/2026-11319/significant-new-use-rules-on-certain-chemical-substances-25-35e
2026-10712,semiconductor,Information Technology,Significant New Use Rules on Certain Chemical Substances (25-2.5e),Rule,Environmental Protection Agency,2026-05-29,2026-07-28,False,https://www.federalregister.gov/documents/2026/05/29/2026-10712/significant-new-use-rules-on-certain-chemical-substances-25-25e
2026-10387,semiconductor,Information Technology,Phasedown of Hydrofluorocarbons: Reconsideration of Certain Regulatory Requirements Promulgated Under the Technology Transitions Provisions of the American Innovation and Manufacturing Act of 2020,Rule,Environmental Protection Agency,2026-05-26,2026-07-27,True,https://www.federalregister.gov/documents/2026/05/26/2026-10387/phasedown-of-hydrofluorocarbons-reconsideration-of-certain-regulatory-requirements-promulgated-under
2026-10264,semiconductor,Information Technology,Significant New Use Rules on Certain Chemical Substances (25-1.5e),Rule,Environmental Protection Agency,2026-05-22,2026-07-21,False,https://www.federalregister.gov/documents/2026/05/22/2026-10264/significant-new-use-rules-on-certain-chemical-substances-25-15e
2026-10132,semiconductor,Information Technology,Rescission of Policy Regarding Denials in Settlements of Enforcement Actions,Rule,Securities and Exchange Commission,2026-05-21,2026-05-21,,https://www.federalregister.gov/documents/2026/05/21/2026-10132/rescission-of-policy-regarding-denials-in-settlements-of-enforcement-actions
2026-09524,semiconductor,Information Technology,Begin Actual Construction in the New Source Review (NSR) Preconstruction Permitting Program,Proposed Rule,Environmental Protection Agency,2026-05-13,,True,https://www.federalregister.gov/documents/2026/05/13/2026-09524/begin-actual-construction-in-the-new-source-review-nsr-preconstruction-permitting-program
2026-06271,semiconductor,Information Technology,Whistleblower Incentives and Protections,Proposed Rule,Treasury Department; Financial Crimes Enforcement Network,2026-04-01,,False,https://www.federalregister.gov/documents/2026/04/01/2026-06271/whistleblower-incentives-and-protections
2026-03995,semiconductor,Information Technology,Extending the Reporting Deadline Under the Greenhouse Gas Reporting Rule for 2025,Rule,Environmental Protection Agency,2026-02-27,2026-02-27,False,https://www.federalregister.gov/documents/2026/02/27/2026-03995/extending-the-reporting-deadline-under-the-greenhouse-gas-reporting-rule-for-2025
2026-03065,semiconductor,Information Technology,Federal Acquisition Regulation: Prohibition on Certain Semiconductor Products and Services,Proposed Rule,Management and Budget Office; Federal Procurement Policy Office; Defense Department; General Services Administration; National Aeronautics and Space Administration,2026-02-17,,True,https://www.federalregister.gov/documents/2026/02/17/2026-03065/federal-acquisition-regulation-prohibition-on-certain-semiconductor-products-and-services
2026-00789,semiconductor,Information Technology,Revision to License Review Policy for Advanced Computing Commodities,Rule,Commerce Department; Industry and Security Bureau,2026-01-15,2026-01-15,,https://www.federalregister.gov/documents/2026/01/15/2026-00789/revision-to-license-review-policy-for-advanced-computing-commodities
2025-24149,semiconductor,Information Technology,National Emission Standards for Hazardous Air Pollutants; Delegation of Authority to Oklahoma,Rule,Environmental Protection Agency,2026-01-02,2026-02-02,,https://www.federalregister.gov/documents/2026/01/02/2025-24149/national-emission-standards-for-hazardous-air-pollutants-delegation-of-authority-to-oklahoma
2025-24102,semiconductor,Information Technology,Effluent Limitations Guidelines and Standards for the Steam Electric Power Generating Point Source Category-Deadline Extensions,Rule,Environmental Protection Agency,2025-12-31,2026-03-02,,https://www.federalregister.gov/documents/2025/12/31/2025-24102/effluent-limitations-guidelines-and-standards-for-the-steam-electric-power-generating-point-source
2025-23853,semiconductor,Information Technology,Weighted Selection Process for Registrants and Petitioners Seeking To File Cap-Subject H-1B Petitions,Rule,Homeland Security Department,2025-12-29,2026-02-27,True,https://www.federalregister.gov/documents/2025/12/29/2025-23853/weighted-selection-process-for-registrants-and-petitioners-seeking-to-file-cap-subject-h-1b
2025-23284,semiconductor,Information Technology,New Source Performance Standards and National Emission Standards for Hazardous Air Pollutants; Delegation of Authority to Louisiana,Rule,Environmental Protection Agency,2025-12-18,2026-01-20,,https://www.federalregister.gov/documents/2025/12/18/2025-23284/new-source-performance-standards-and-national-emission-standards-for-hazardous-air-pollutants
2025-21928,semiconductor,Information Technology,Protecting Against National Security Threats to the Communications Supply Chain Through the Equipment Authorization Program,Proposed Rule,Federal Communications Commission,2025-12-04,,,https://www.federalregister.gov/documents/2025/12/04/2025-21928/protecting-against-national-security-threats-to-the-communications-supply-chain-through-the
2025-19773,semiconductor,Information Technology,Significant New Use Rules on Certain Chemical Substances (24-4.5e),Rule,Environmental Protection Agency,2025-11-04,2026-01-05,False,https://www.federalregister.gov/documents/2025/11/04/2025-19773/significant-new-use-rules-on-certain-chemical-substances-24-45e
2025-19757,semiconductor,Information Technology,Significant New Use Rules on Certain Chemical Substances (25-2.5e),Proposed Rule,Environmental Protection Agency,2025-11-03,,False,https://www.federalregister.gov/documents/2025/11/03/2025-19757/significant-new-use-rules-on-certain-chemical-substances-25-25e
2025-19756,semiconductor,Information Technology,Significant New Use Rules on Certain Chemical Substances (24-5.5e),Proposed Rule,Environmental Protection Agency,2025-11-03,,False,https://www.federalregister.gov/documents/2025/11/03/2025-19756/significant-new-use-rules-on-certain-chemical-substances-24-55e
2025-19755,semiconductor,Information Technology,Significant New Use Rules on Certain Chemical Substances (25-1.5e),Proposed Rule,Environmental Protection Agency,2025-11-03,,False,https://www.federalregister.gov/documents/2025/11/03/2025-19755/significant-new-use-rules-on-certain-chemical-substances-25-15e
2025-19438,semiconductor,Information Technology,Phasedown of Hydrofluorocarbons: Reconsideration of Certain Regulatory Requirements Promulgated Under the Technology Transitions Provisions of the American Innovation and Manufacturing Act of 2020,Proposed Rule,Environmental Protection Agency,2025-10-03,,True,https://www.federalregister.gov/documents/2025/10/03/2025-19438/phasedown-of-hydrofluorocarbons-reconsideration-of-certain-regulatory-requirements-promulgated-under
2025-19268,semiconductor,Information Technology,Effluent Limitations Guidelines and Standards for the Steam Electric Power Generating Point Source Category-Deadline Extensions,Proposed Rule,Environmental Protection Agency,2025-10-02,,,https://www.federalregister.gov/documents/2025/10/02/2025-19268/effluent-limitations-guidelines-and-standards-for-the-steam-electric-power-generating-point-source
2025-18473,semiconductor,Information Technology,Weighted Selection Process for Registrants and Petitioners Seeking To File Cap-Subject H-1B Petitions,Proposed Rule,Homeland Security Department,2025-09-24,,True,https://www.federalregister.gov/documents/2025/09/24/2025-18473/weighted-selection-process-for-registrants-and-petitioners-seeking-to-file-cap-subject-h-1b
2025-17923,semiconductor,Information Technology,Reconsideration of the Greenhouse Gas Reporting Program,Proposed Rule,Environmental Protection Agency,2025-09-16,,False,https://www.federalregister.gov/documents/2025/09/16/2025-17923/reconsideration-of-the-greenhouse-gas-reporting-program
2025-17895,semiconductor,Information Technology,Implementation of the National Suicide Hotline Act of 2018,Rule,Federal Communications Commission,2025-09-16,2025-10-16,,https://www.federalregister.gov/documents/2025/09/16/2025-17895/implementation-of-the-national-suicide-hotline-act-of-2018
2025-17893,semiconductor,Information Technology,Additions and Revisions to the Entity List,Rule,Commerce Department; Industry and Security Bureau,2025-09-16,2025-09-12,,https://www.federalregister.gov/documents/2025/09/16/2025-17893/additions-and-revisions-to-the-entity-list
2025-16735,semiconductor,Information Technology,Revocation of Validated End-User Authorizations in the People's Republic of China,Rule,Commerce Department; Industry and Security Bureau,2025-09-02,2025-12-31,,https://www.federalregister.gov/documents/2025/09/02/2025-16735/revocation-of-validated-end-user-authorizations-in-the-peoples-republic-of-china
2025-16357,semiconductor,Information Technology,Phasedown of Hydrofluorocarbons: Review and Renewal of Eligibility for Application-Specific Allowances,Rule,Environmental Protection Agency,2025-08-26,2025-09-25,True,https://www.federalregister.gov/documents/2025/08/26/2025-16357/phasedown-of-hydrofluorocarbons-review-and-renewal-of-eligibility-for-application-specific
2025-14970,semiconductor,Information Technology,"Promoting the Integrity and Security of Telecommunications Certification Bodies, Measurement Facilities, and the Equipment Authorization Program",Rule,Federal Communications Commission,2025-08-07,2025-09-08,,https://www.federalregister.gov/documents/2025/08/07/2025-14970/promoting-the-integrity-and-security-of-telecommunications-certification-bodies-measurement
2025-14256,semiconductor,Information Technology,Significant New Use Rules on Certain Chemical Substances (24-1.5e),Rule,Environmental Protection Agency,2025-07-29,2025-09-29,False,https://www.federalregister.gov/documents/2025/07/29/2025-14256/significant-new-use-rules-on-certain-chemical-substances-24-15e
2025-13677,semiconductor,Information Technology,Significant New Use Rules on Certain Chemical Substances (23-3.5e); Correction,Rule,Environmental Protection Agency,2025-07-21,2025-08-12,False,https://www.federalregister.gov/documents/2025/07/21/2025-13677/significant-new-use-rules-on-certain-chemical-substances-23-35e-correction
2025-13363,semiconductor,Information Technology,Significant New Use Rules on Certain Chemical Substances (24-3.5e),Rule,Environmental Protection Agency,2025-07-17,2025-09-15,False,https://www.federalregister.gov/documents/2025/07/17/2025-13363/significant-new-use-rules-on-certain-chemical-substances-24-35e
2025-13360,semiconductor,Information Technology,Medicare and Medicaid Programs: Hospital Outpatient Prospective Payment and Ambulatory Surgical Center Payment Systems; Quality Reporting Programs; Overall Hospital Quality Star Ratings; and Hospital Price Transparency,Proposed Rule,Health and Human Services Department; Centers for Medicare & Medicaid Services; Office of the Secretary,2025-07-17,,True,https://www.federalregister.gov/documents/2025/07/17/2025-13360/medicare-and-medicaid-programs-hospital-outpatient-prospective-payment-and-ambulatory-surgical
2025-12644,semiconductor,Information Technology,2025 Increase of the Annual Limit on Accepted Requests for Prioritized Examination,Rule,Commerce Department; Patent and Trademark Office,2025-07-08,2025-07-08,False,https://www.federalregister.gov/documents/2025/07/08/2025-12644/2025-increase-of-the-annual-limit-on-accepted-requests-for-prioritized-examination
2025-12586,semiconductor,Information Technology,Air Plan Approval; California; Revised Format for Nonregulatory Provisions,Rule,Environmental Protection Agency,2025-07-07,2025-07-07,,https://www.federalregister.gov/documents/2025/07/07/2025-12586/air-plan-approval-california-revised-format-for-nonregulatory-provisions
2025-11489,semiconductor,Information Technology,Significant New Use Rules on Certain Chemical Substances (24-2.5e),Rule,Environmental Protection Agency,2025-06-23,2025-08-22,False,https://www.federalregister.gov/documents/2025/06/23/2025-11489/significant-new-use-rules-on-certain-chemical-substances-24-25e
2025-11265,semiconductor,Information Technology,National Emission Standards for Hazardous Air Pollutants; Delegation of Authority to Oklahoma,Rule,Environmental Protection Agency,2025-06-20,2025-07-21,,https://www.federalregister.gov/documents/2025/06/20/2025-11265/national-emission-standards-for-hazardous-air-pollutants-delegation-of-authority-to-oklahoma
2025-10812,semiconductor,Information Technology,Significant New Use Rules on Certain Chemical Substances (23-3.5e),Rule,Environmental Protection Agency,2025-06-13,2025-08-12,False,https://www.federalregister.gov/documents/2025/06/13/2025-10812/significant-new-use-rules-on-certain-chemical-substances-23-35e
2025-10000,semiconductor,Information Technology,Air Plan Approval; California; Revised Format for Materials Incorporated by Reference,Rule,Environmental Protection Agency,2025-06-04,2025-06-04,,https://www.federalregister.gov/documents/2025/06/04/2025-10000/air-plan-approval-california-revised-format-for-materials-incorporated-by-reference
2025-09279,semiconductor,Information Technology,Facilitating Implementation of Next Generation 911 Services (NG911); Improving 911 Reliability,Proposed Rule,Federal Communications Commission,2025-06-04,2025-07-21,,https://www.federalregister.gov/documents/2025/06/04/2025-09279/facilitating-implementation-of-next-generation-911-services-ng911-improving-911-reliability
2025-06865,semiconductor,Information Technology,Wireless E911 Location Accuracy Requirements,Proposed Rule,Federal Communications Commission,2025-05-07,,,https://www.federalregister.gov/documents/2025/05/07/2025-06865/wireless-e911-location-accuracy-requirements
2025-05480,semiconductor,Information Technology,Significant New Use Rules on Certain Chemical Substances (24-4.5e),Proposed Rule,Environmental Protection Agency,2025-04-04,,False,https://www.federalregister.gov/documents/2025/04/04/2025-05480/significant-new-use-rules-on-certain-chemical-substances-24-45e
2025-04724,semiconductor,Information Technology,Extending the Reporting Deadline Under the Greenhouse Gas Reporting Rule for 2024 Data,Rule,Environmental Protection Agency,2025-03-20,2025-03-20,,https://www.federalregister.gov/documents/2025/03/20/2025-04724/extending-the-reporting-deadline-under-the-greenhouse-gas-reporting-rule-for-2024-data
2024-31214,semiconductor,Information Technology,"Energy Conservation Program: Energy Conservation Standards for Commercial Refrigerators, Freezers, and Refrigerator-Freezers",Rule,Energy Department,2025-01-21,2025-03-24,False,https://www.federalregister.gov/documents/2025/01/21/2024-31214/energy-conservation-program-energy-conservation-standards-for-commercial-refrigerators-freezers-and
2025-00711,semiconductor,Information Technology,Implementation of Additional Due Diligence Measures for Advanced Computing Integrated Circuits; Amendments and Clarifications; and Extension of Comment Period,Rule,Commerce Department; Industry and Security Bureau,2025-01-16,2025-01-16,False,https://www.federalregister.gov/documents/2025/01/16/2025-00711/implementation-of-additional-due-diligence-measures-for-advanced-computing-integrated-circuits
2025-00592,semiconductor,Information Technology,Securing the Information and Communications Technology and Services Supply Chain: Connected Vehicles,Rule,Commerce Department; Industry and Security Bureau,2025-01-16,2025-03-17,True,https://www.federalregister.gov/documents/2025/01/16/2025-00592/securing-the-information-and-communications-technology-and-services-supply-chain-connected-vehicles
2025-00636,semiconductor,Information Technology,Framework for Artificial Intelligence Diffusion,Rule,Commerce Department; Industry and Security Bureau,2025-01-15,2025-01-13,True,https://www.federalregister.gov/documents/2025/01/15/2025-00636/framework-for-artificial-intelligence-diffusion
2024-31486,semiconductor,Information Technology,Preventing Access to U.S. Sensitive Personal Data and Government-Related Data by Countries of Concern or Covered Persons,Rule,Justice Department,2025-01-08,2025-04-08,False,https://www.federalregister.gov/documents/2025/01/08/2024-31486/preventing-access-to-us-sensitive-personal-data-and-government-related-data-by-countries-of-concern
2024-31242,semiconductor,Information Technology,"Practice and Procedure: Rules of General Application, Safeguards, Antidumping and Countervailing Duty Investigations, and Section 337 Adjudication and Enforcement",Rule,International Trade Commission,2025-01-03,2025-02-03,,https://www.federalregister.gov/documents/2025/01/03/2024-31242/practice-and-procedure-rules-of-general-application-safeguards-antidumping-and-countervailing-duty
2024-30117,semiconductor,Information Technology,Perchloroethylene (PCE); Regulation Under the Toxic Substances Control Act (TSCA),Rule,Environmental Protection Agency,2024-12-18,2025-01-17,False,https://www.federalregister.gov/documents/2024/12/18/2024-30117/perchloroethylene-pce-regulation-under-the-toxic-substances-control-act-tsca
2024-29862,semiconductor,Information Technology,Event Data Recorders,Rule,Transportation Department; National Highway Traffic Safety Administration,2024-12-18,2025-01-17,False,https://www.federalregister.gov/documents/2024/12/18/2024-29862/event-data-recorders
2024-29354,semiconductor,Information Technology,"Modernizing H-1B Requirements, Providing Flexibility in the F-1 Program, and Program Improvements Affecting Other Nonimmigrant Workers",Rule,Homeland Security Department,2024-12-18,2025-01-17,True,https://www.federalregister.gov/documents/2024/12/18/2024-29354/modernizing-h-1b-requirements-providing-flexibility-in-the-f-1-program-and-program-improvements
2024-28870,semiconductor,Information Technology,Updates to New Chemicals Regulations Under the Toxic Substances Control Act (TSCA),Rule,Environmental Protection Agency,2024-12-18,2025-01-17,True,https://www.federalregister.gov/documents/2024/12/18/2024-28870/updates-to-new-chemicals-regulations-under-the-toxic-substances-control-act-tsca
2024-29275,semiconductor,Information Technology,Significant New Use Rules on Certain Chemical Substances (24-3.5e),Proposed Rule,Environmental Protection Agency,2024-12-17,,False,https://www.federalregister.gov/documents/2024/12/17/2024-29275/significant-new-use-rules-on-certain-chemical-substances-24-35e
2024-29274,semiconductor,Information Technology,Trichloroethylene (TCE); Regulation Under the Toxic Substances Control Act (TSCA),Rule,Environmental Protection Agency,2024-12-17,2025-01-16,True,https://www.federalregister.gov/documents/2024/12/17/2024-29274/trichloroethylene-tce-regulation-under-the-toxic-substances-control-act-tsca
2024-28335,semiconductor,Information Technology,Securing the Information and Communications Technology and Services Supply Chain,Rule,Commerce Department,2024-12-06,2025-02-04,False,https://www.federalregister.gov/documents/2024/12/06/2024-28335/securing-the-information-and-communications-technology-and-services-supply-chain
2024-28270,semiconductor,Information Technology,"Foreign-Produced Direct Product Rule Additions, and Refinements to Controls for Advanced Computing and Semiconductor Manufacturing Items",Rule,Commerce Department; Industry and Security Bureau,2024-12-05,2024-12-02,False,https://www.federalregister.gov/documents/2024/12/05/2024-28270/foreign-produced-direct-product-rule-additions-and-refinements-to-controls-for-advanced-computing
2024-28267,semiconductor,Information Technology,Additions and Modifications to the Entity List; Removals From the Validated End-User (VEU) Program,Rule,Commerce Department; Industry and Security Bureau,2024-12-05,2024-12-02,False,https://www.federalregister.gov/documents/2024/12/05/2024-28267/additions-and-modifications-to-the-entity-list-removals-from-the-validated-end-user-veu-program
2024-28423,semiconductor,Information Technology,Public Briefing on Changes to Advanced Computing and Semiconductor Manufacturing Items,Rule,Commerce Department; Industry and Security Bureau,2024-12-04,,,https://www.federalregister.gov/documents/2024/12/04/2024-28423/public-briefing-on-changes-to-advanced-computing-and-semiconductor-manufacturing-items
2024-27912,semiconductor,Information Technology,Significant New Use Rules on Certain Chemical Substances (24-2.5e),Proposed Rule,Environmental Protection Agency,2024-12-02,,False,https://www.federalregister.gov/documents/2024/12/02/2024-27912/significant-new-use-rules-on-certain-chemical-substances-24-25e
2024-27427,semiconductor,Information Technology,Advanced Manufacturing Investment Credit Rules Under Sections 48D and 50; Correction,Rule,Treasury Department; Internal Revenue Service,2024-11-25,2024-12-23,False,https://www.federalregister.gov/documents/2024/11/25/2024-27427/advanced-manufacturing-investment-credit-rules-under-sections-48d-and-50-correction
2024-26795,semiconductor,Information Technology,Implementation of the National Suicide Hotline Act of 2018,Proposed Rule,Federal Communications Commission,2024-11-20,2024-12-20,,https://www.federalregister.gov/documents/2024/11/20/2024-26795/implementation-of-the-national-suicide-hotline-act-of-2018
2024-25758,semiconductor,Information Technology,"Decabromodiphenyl Ether and Phenol, Isopropylated Phosphate (3:1); Revision to the Regulation of Persistent, Bioaccumulative, and Toxic Chemicals Under the Toxic Substances Control Act (TSCA)",Rule,Environmental Protection Agency,2024-11-19,2025-01-21,False,https://www.federalregister.gov/documents/2024/11/19/2024-25758/decabromodiphenyl-ether-and-phenol-isopropylated-phosphate-31-revision-to-the-regulation-of
2024-25422,semiconductor,Information Technology,Provisions Pertaining to U.S. Investments in Certain National Security Technologies and Products in Countries of Concern,Rule,Treasury Department; Investment Security Office,2024-11-15,2025-01-02,True,https://www.federalregister.gov/documents/2024/11/15/2024-25422/provisions-pertaining-to-us-investments-in-certain-national-security-technologies-and-products-in
2024-25912,semiconductor,Information Technology,Implementation of the National Suicide Hotline Act of 2018,Rule,Federal Communications Commission,2024-11-12,2024-12-12,,https://www.federalregister.gov/documents/2024/11/12/2024-25912/implementation-of-the-national-suicide-hotline-act-of-2018
2024-25411,semiconductor,Information Technology,Additions and Revisions of Entities to the Entity List,Rule,Commerce Department; Industry and Security Bureau,2024-11-01,2024-11-01,,https://www.federalregister.gov/documents/2024/11/01/2024-25411/additions-and-revisions-of-entities-to-the-entity-list
2024-24582,semiconductor,Information Technology,Provisions Pertaining to Preventing Access to U.S. Sensitive Personal Data and Government-Related Data by Countries of Concern or Covered Persons,Proposed Rule,Justice Department,2024-10-29,,False,https://www.federalregister.gov/documents/2024/10/29/2024-24582/provisions-pertaining-to-preventing-access-to-us-sensitive-personal-data-and-government-related-data
2024-24840,semiconductor,Information Technology,Advanced Manufacturing Production Credit,Rule,Treasury Department; Internal Revenue Service,2024-10-28,2024-12-27,False,https://www.federalregister.gov/documents/2024/10/28/2024-24840/advanced-manufacturing-production-credit
2024-23857,semiconductor,Information Technology,Advanced Manufacturing Investment Credit Rules Under Sections 48D and 50,Rule,Treasury Department; Internal Revenue Service,2024-10-23,2024-12-23,False,https://www.federalregister.gov/documents/2024/10/23/2024-23857/advanced-manufacturing-investment-credit-rules-under-sections-48d-and-50
2024-23809,semiconductor,Information Technology,Hazardous Waste Management System; Identification and Listing of Hazardous Waste,Rule,Environmental Protection Agency,2024-10-18,2024-10-18,,https://www.federalregister.gov/documents/2024/10/18/2024-23809/hazardous-waste-management-system-identification-and-listing-of-hazardous-waste
2024-21967,semiconductor,Information Technology,Phasedown of Hydrofluorocarbons: Management of Certain Hydrofluorocarbons and Substitutes Under the American Innovation and Manufacturing Act of 2020,Rule,Environmental Protection Agency,2024-10-11,2024-12-10,True,https://www.federalregister.gov/documents/2024/10/11/2024-21967/phasedown-of-hydrofluorocarbons-management-of-certain-hydrofluorocarbons-and-substitutes-under-the
2024-22587,semiconductor,Information Technology,Expansion of Validated End User Authorization: Data Center Validated End User Authorization,Rule,Commerce Department; Industry and Security Bureau,2024-10-02,2024-10-02,False,https://www.federalregister.gov/documents/2024/10/02/2024-22587/expansion-of-validated-end-user-authorization-data-center-validated-end-user-authorization
2024-22060,semiconductor,Information Technology,Chemical Data Reporting; Extension of the 2024 Submission Period,Rule,Environmental Protection Agency,2024-09-27,2024-09-27,True,https://www.federalregister.gov/documents/2024/09/27/2024-22060/chemical-data-reporting-extension-of-the-2024-submission-period
2024-21798,semiconductor,Information Technology,Publication of Russian Harmful Foreign Activities Sanctions Regulations Determinations,Rule,Treasury Department; Foreign Assets Control Office,2024-09-25,2023-12-22,,https://www.federalregister.gov/documents/2024/09/25/2024-21798/publication-of-russian-harmful-foreign-activities-sanctions-regulations-determinations
2024-18603,semiconductor,Information Technology,Facilitating Implementation of Next Generation 911 Services (NG911); Location-Based Routing for Wireless 911 Calls,Rule,Federal Communications Commission,2024-09-24,2024-11-25,,https://www.federalregister.gov/documents/2024/09/24/2024-18603/facilitating-implementation-of-next-generation-911-services-ng911-location-based-routing-for
2024-20602,semiconductor,Information Technology,Phasedown of Hydrofluorocarbons: Review and Renewal of Eligibility for Application-Specific Allowances,Proposed Rule,Environmental Protection Agency,2024-09-16,,True,https://www.federalregister.gov/documents/2024/09/16/2024-20602/phasedown-of-hydrofluorocarbons-review-and-renewal-of-eligibility-for-application-specific
2024-20191,semiconductor,Information Technology,Phasedown of Hydrofluorocarbons: Vacated Provisions,Rule,Environmental Protection Agency,2024-09-11,2024-09-11,True,https://www.federalregister.gov/documents/2024/09/11/2024-20191/phasedown-of-hydrofluorocarbons-vacated-provisions
2024-19927,semiconductor,Information Technology,"Publication of Russian Harmful Foreign Activities Sanctions Regulations Web General Licenses 103, 104, 105, 106, and 107",Rule,Treasury Department; Foreign Assets Control Office,2024-09-06,,,https://www.federalregister.gov/documents/2024/09/06/2024-19927/publication-of-russian-harmful-foreign-activities-sanctions-regulations-web-general-licenses-103-104
2024-19633,semiconductor,Information Technology,Commerce Control List Additions and Revisions; Implementation of Controls on Advanced Technologies Consistent With Controls Implemented by International Partners,Rule,Commerce Department; Industry and Security Bureau,2024-09-06,2024-09-06,True,https://www.federalregister.gov/documents/2024/09/06/2024-19633/commerce-control-list-additions-and-revisions-implementation-of-controls-on-advanced-technologies
2024-14824,semiconductor,Information Technology,Heat Injury and Illness Prevention in Outdoor and Indoor Work Settings,Proposed Rule,Labor Department; Occupational Safety and Health Administration,2024-08-30,,True,https://www.federalregister.gov/documents/2024/08/30/2024-14824/heat-injury-and-illness-prevention-in-outdoor-and-indoor-work-settings
2024-19130,semiconductor,Information Technology,Revisions to the Entity List,Rule,Commerce Department; Industry and Security Bureau,2024-08-27,2024-08-27,,https://www.federalregister.gov/documents/2024/08/27/2024-19130/revisions-to-the-entity-list
2024-18259,semiconductor,Information Technology,Significant New Use Rules on Certain Chemical Substances (24-1.5e),Proposed Rule,Environmental Protection Agency,2024-08-20,,False,https://www.federalregister.gov/documents/2024/08/20/2024-18259/significant-new-use-rules-on-certain-chemical-substances-24-15e
2024-15370,semiconductor,Information Technology,Clarifications and Updates to Defense Priorities and Allocations System Regulation,Rule,Commerce Department; Industry and Security Bureau,2024-07-22,2024-08-21,False,https://www.federalregister.gov/documents/2024/07/22/2024-15370/clarifications-and-updates-to-defense-priorities-and-allocations-system-regulation
2024-14491,semiconductor,Information Technology,"Promoting the Integrity and Security of Telecommunications Certification Bodies, Measurement Facilities, and the Equipment Authorization Program",Proposed Rule,Federal Communications Commission,2024-07-05,,,https://www.federalregister.gov/documents/2024/07/05/2024-14491/promoting-the-integrity-and-security-of-telecommunications-certification-bodies-measurement
2024-13923,semiconductor,Information Technology,Provisions Pertaining to U.S. Investments in Certain National Security Technologies and Products in Countries of Concern,Proposed Rule,Treasury Department; Investment Security Office,2024-07-05,,True,https://www.federalregister.gov/documents/2024/07/05/2024-13923/provisions-pertaining-to-us-investments-in-certain-national-security-technologies-and-products-in
2024-13819,semiconductor,Information Technology,Federal Acquisition Regulation: Prohibition on Certain Semiconductor Products and Services,Proposed Rule,Defense Department; General Services Administration; National Aeronautics and Space Administration,2024-06-26,2024-05-03,True,https://www.federalregister.gov/documents/2024/06/26/2024-13819/federal-acquisition-regulation-prohibition-on-certain-semiconductor-products-and-services
2024-12643,semiconductor,Information Technology,n-Methylpyrrolidone (NMP); Regulation Under the Toxic Substances Control Act (TSCA),Proposed Rule,Environmental Protection Agency,2024-06-14,,True,https://www.federalregister.gov/documents/2024/06/14/2024-12643/n-methylpyrrolidone-nmp-regulation-under-the-toxic-substances-control-act-tsca
2024-10341,semiconductor,Information Technology,Updates to Marine Engineering Standards,Rule,Homeland Security Department; Coast Guard,2024-06-12,2024-09-10,False,https://www.federalregister.gov/documents/2024/06/12/2024-10341/updates-to-marine-engineering-standards
2024-12620,semiconductor,Information Technology,Significant New Use Rules on Certain Chemical Substances (23-3.5e),Proposed Rule,Environmental Protection Agency,2024-06-11,,False,https://www.federalregister.gov/documents/2024/06/11/2024-12620/significant-new-use-rules-on-certain-chemical-substances-23-35e
2024-11761,semiconductor,Information Technology,National Suicide Hotline Act of 2018,Proposed Rule,Federal Communications Commission,2024-05-29,,,https://www.federalregister.gov/documents/2024/05/29/2024-11761/national-suicide-hotline-act-of-2018
2024-07873,semiconductor,Information Technology,Energy Conservation Program: Energy Conservation Standards for Circulator Pumps,Rule,Energy Department,2024-05-20,2024-08-05,False,https://www.federalregister.gov/documents/2024/05/20/2024-07873/energy-conservation-program-energy-conservation-standards-for-circulator-pumps
2024-10632,semiconductor,Information Technology,Federal Acquisition Regulation: Prohibition on Certain Semiconductor Products and Services; Correction,Proposed Rule,Defense Department; General Services Administration; National Aeronautics and Space Administration,2024-05-15,,True,https://www.federalregister.gov/documents/2024/05/15/2024-10632/federal-acquisition-regulation-prohibition-on-certain-semiconductor-products-and-services-correction
2024-10485,semiconductor,Information Technology,Additions of Entities to the Entity List,Rule,Commerce Department; Industry and Security Bureau,2024-05-14,2024-05-09,False,https://www.federalregister.gov/documents/2024/05/14/2024-10485/additions-of-entities-to-the-entity-list
2024-09233,semiconductor,Information Technology,"New Source Performance Standards for Greenhouse Gas Emissions From New, Modified, and Reconstructed Fossil Fuel-Fired Electric Generating Units; Emission Guidelines for Greenhouse Gas Emissions From Existing Fossil Fuel-Fired Electric Generating Units; and Repeal of the Affordable Clean Energy Rule",Rule,Environmental Protection Agency,2024-05-09,2024-07-08,False,https://www.federalregister.gov/documents/2024/05/09/2024-09233/new-source-performance-standards-for-greenhouse-gas-emissions-from-new-modified-and-reconstructed
2024-09171,semiconductor,Information Technology,Non-Compete Clause Rule,Rule,Federal Trade Commission,2024-05-07,2024-09-04,True,https://www.federalregister.gov/documents/2024/05/07/2024-09171/non-compete-clause-rule
2024-08001,semiconductor,Information Technology,Energy Conservation Program: Energy Conservation Standards for Miscellaneous Refrigeration Products,Rule,Energy Department,2024-05-07,2024-09-04,True,https://www.federalregister.gov/documents/2024/05/07/2024-08001/energy-conservation-program-energy-conservation-standards-for-miscellaneous-refrigeration-products
2024-08913,semiconductor,Information Technology,Interpretation of Foreign Entity of Concern,Rule,Energy Department,2024-05-06,2024-05-06,,https://www.federalregister.gov/documents/2024/05/06/2024-08913/interpretation-of-foreign-entity-of-concern
2024-08735,semiconductor,Information Technology,Federal Acquisition Regulation: Prohibition on Certain Semiconductor Products and Services,Proposed Rule,Defense Department; General Services Administration; National Aeronautics and Space Administration,2024-05-03,,True,https://www.federalregister.gov/documents/2024/05/03/2024-08735/federal-acquisition-regulation-prohibition-on-certain-semiconductor-products-and-services
2026-13716,pharmaceutical,Health Care,New Animal Drugs; Approval of New Animal Drug Applications; Withdrawal of Approval of New Animal Drug Application; Change of Sponsor,Rule,Health and Human Services Department; Food and Drug Administration,2026-07-07,2026-07-07,,https://www.federalregister.gov/documents/2026/07/07/2026-13716/new-animal-drugs-approval-of-new-animal-drug-applications-withdrawal-of-approval-of-new-animal-drug
2026-13656,pharmaceutical,Health Care,Medicare Program: Hospital Outpatient Prospective Payment and Ambulatory Surgical Center Payment Systems; and Quality Reporting Programs; Including the Hospital Outpatient Quality Reporting Program and Ambulatory Surgical Center Quality Program; Request for Information on Strengthening the Standardization and Comparability of Hospital Price Transparency (HPT) Data; Prior Authorization; Accrediting Organization (AO) Deeming for Emergency Medical Treatment and Labor Act (EMTALA); and Notices of Closure of Teaching Hospitals and Opportunities To Apply for Available Slots,Proposed Rule,Health and Human Services Department; Centers for Medicare & Medicaid Services,2026-07-07,,,https://www.federalregister.gov/documents/2026/07/07/2026-13656/medicare-program-hospital-outpatient-prospective-payment-and-ambulatory-surgical-center-payment
2026-13602,pharmaceutical,Health Care,"Calendar Year 2027 Home Health Prospective Payment System (HH PPS) Rate Update; Requirements for the HH Quality Reporting Program and the Expanded HH Value-Based Purchasing Model; Medicare Provider Enrollment, Durable Medical Equipment (DME), and DME, Prosthetics, Orthotics, and Supplies (DMEPOS) Policies",Proposed Rule,Health and Human Services Department; Centers for Medicare & Medicaid Services,2026-07-06,,,https://www.federalregister.gov/documents/2026/07/06/2026-13602/calendar-year-2027-home-health-prospective-payment-system-hh-pps-rate-update-requirements-for-the-hh
2026-13581,pharmaceutical,Health Care,"Schedules of Controlled Substances: Temporary Placement of Mitragynine Pseudoindoxyl, MGM-15, and MGM-16 in Schedule I",Proposed Rule,Justice Department; Drug Enforcement Administration,2026-07-06,,,https://www.federalregister.gov/documents/2026/07/06/2026-13581/schedules-of-controlled-substances-temporary-placement-of-mitragynine-pseudoindoxyl-mgm-15-and
2026-13580,pharmaceutical,Health Care,Schedules of Controlled Substance: Temporary Placement of 7-Hydroxymitragynine Above a Specified Threshold in Schedule I,Proposed Rule,Justice Department; Drug Enforcement Administration,2026-07-06,,,https://www.federalregister.gov/documents/2026/07/06/2026-13580/schedules-of-controlled-substance-temporary-placement-of-7-hydroxymitragynine-above-a-specified
2026-13538,pharmaceutical,Health Care,Airworthiness Directives; Airbus Helicopters,Rule,Transportation Department; Federal Aviation Administration,2026-07-06,2026-08-10,False,https://www.federalregister.gov/documents/2026/07/06/2026-13538/airworthiness-directives-airbus-helicopters
2026-13364,pharmaceutical,Health Care,"Schedules of Controlled Substances: Temporary Placement of 5,6- Dichloro Brorphine, 5,6-Dichloro Desmethylchlorphine, N-Propionitrile Chlorphine, and Spirochlorphine in Schedule I of the Controlled Substances Act",Proposed Rule,Justice Department; Drug Enforcement Administration,2026-07-01,2026-07-01,,https://www.federalregister.gov/documents/2026/07/01/2026-13364/schedules-of-controlled-substances-temporary-placement-of-56--dichloro-brorphine-56-dichloro
2026-13263,pharmaceutical,Health Care,Revisions To Establish the Sixth Unregulated Contaminant Monitoring Rule (UCMR 6) for Public Water Systems,Proposed Rule,Environmental Protection Agency,2026-07-01,,True,https://www.federalregister.gov/documents/2026/07/01/2026-13263/revisions-to-establish-the-sixth-unregulated-contaminant-monitoring-rule-ucmr-6-for-public-water
2026-13064,pharmaceutical,Health Care,Airworthiness Directives; Airbus Helicopters,Rule,Transportation Department; Federal Aviation Administration,2026-06-29,2026-08-03,False,https://www.federalregister.gov/documents/2026/06/29/2026-13064/airworthiness-directives-airbus-helicopters
2026-12935,pharmaceutical,Health Care,Air Quality Plan; California; Mojave Desert Air Quality Management District; Rescissions of Outdated Requirements Within Riverside County,Proposed Rule,Environmental Protection Agency,2026-06-26,,,https://www.federalregister.gov/documents/2026/06/26/2026-12935/air-quality-plan-california-mojave-desert-air-quality-management-district-rescissions-of-outdated
2026-12925,pharmaceutical,Health Care,"Medicare Program; CY 2027 Changes to the End-Stage Renal Disease (ESRD) Prospective Payment System, Acute Kidney Injury Dialysis (AKI) Payment, and ESRD Quality Incentive Program",Proposed Rule,Health and Human Services Department; Centers for Medicare & Medicaid Services,2026-06-26,,,https://www.federalregister.gov/documents/2026/06/26/2026-12925/medicare-program-cy-2027-changes-to-the-end-stage-renal-disease-esrd-prospective-payment-system
2026-12670,pharmaceutical,Health Care,Indefinite Suspension of the De Minimis Exemption for Merchandise Arriving Through All Modes Other Than the International Postal Network,Rule,Homeland Security Department; U.S. Customs and Border Protection,2026-06-24,2026-06-24,,https://www.federalregister.gov/documents/2026/06/24/2026-12670/indefinite-suspension-of-the-de-minimis-exemption-for-merchandise-arriving-through-all-modes-other
2026-12669,pharmaceutical,Health Care,Indefinite Suspension of the De Minimis Exemption for Mail Shipments and New Postal Informal Entry Process,Rule,Homeland Security Department; U.S. Customs and Border Protection,2026-06-24,2026-07-24,,https://www.federalregister.gov/documents/2026/06/24/2026-12669/indefinite-suspension-of-the-de-minimis-exemption-for-mail-shipments-and-new-postal-informal-entry
2026-12654,pharmaceutical,Health Care,Schedules of Controlled Substances: Temporary Placement of O-Desmethyltramadol in Schedule I,Rule,Justice Department; Drug Enforcement Administration,2026-06-24,,,https://www.federalregister.gov/documents/2026/06/24/2026-12654/schedules-of-controlled-substances-temporary-placement-of-o-desmethyltramadol-in-schedule-i
2026-12543,pharmaceutical,Health Care,Air Plan Approval; Colorado; RACT Requirements for the 2008 8-Hour Ozone Standard for the Denver Metro/North Front Range Nonattainment Area,Proposed Rule,Environmental Protection Agency,2026-06-23,,,https://www.federalregister.gov/documents/2026/06/23/2026-12543/air-plan-approval-colorado-ract-requirements-for-the-2008-8-hour-ozone-standard-for-the-denver
2026-12344,pharmaceutical,Health Care,Request for Information (RFI): Pharmacy Benefit Manager Compensation and Data Collection,Proposed Rule,Health and Human Services Department; Centers for Medicare & Medicaid Services,2026-06-18,,,https://www.federalregister.gov/documents/2026/06/18/2026-12344/request-for-information-rfi-pharmacy-benefit-manager-compensation-and-data-collection
2026-12069,pharmaceutical,Health Care,"Medicare Program; Strengthening Oversight of Accrediting Organizations (AOs) and Preventing AO Conflicts of Interest, and Related Provisions",Rule,Health and Human Services Department; Centers for Medicare & Medicaid Services,2026-06-16,2027-06-16,True,https://www.federalregister.gov/documents/2026/06/16/2026-12069/medicare-program-strengthening-oversight-of-accrediting-organizations-aos-and-preventing-ao
2026-12059,pharmaceutical,Health Care,Medicare Drug Price Negotiation Program and Medicare Prescription Drug Benefit Program,Proposed Rule,Health and Human Services Department; Centers for Medicare & Medicaid Services,2026-06-16,,,https://www.federalregister.gov/documents/2026/06/16/2026-12059/medicare-drug-price-negotiation-program-and-medicare-prescription-drug-benefit-program
2026-11973,pharmaceutical,Health Care,Implementing Regulation for National Environmental Policy Act (NEPA): Environmental Effects of the Department of Veterans Affairs Actions,Rule,Veterans Affairs Department,2026-06-15,2026-06-15,True,https://www.federalregister.gov/documents/2026/06/15/2026-11973/implementing-regulation-for-national-environmental-policy-act-nepa-environmental-effects-of-the
2026-11308,pharmaceutical,Health Care,Medical Devices; Orthopedic Devices; Classification of the Resorbable Calcium Salt Bone Void Filler Containing a Single Approved Aminoglycoside Antibacterial,Rule,Health and Human Services Department; Food and Drug Administration,2026-06-05,2026-06-05,,https://www.federalregister.gov/documents/2026/06/05/2026-11308/medical-devices-orthopedic-devices-classification-of-the-resorbable-calcium-salt-bone-void-filler
2026-10498,pharmaceutical,Health Care,Revisions to the Blanket Certificate Program,Proposed Rule,Energy Department; Federal Energy Regulatory Commission,2026-05-27,,,https://www.federalregister.gov/documents/2026/05/27/2026-10498/revisions-to-the-blanket-certificate-program
2026-10388,pharmaceutical,Health Care,Phasedown of Hydrofluorocarbons: Excluding Road and Intermodal Container Transport Refrigeration Units From the Hydrofluorocarbon Leak Repair Requirements,Proposed Rule,Environmental Protection Agency,2026-05-26,,,https://www.federalregister.gov/documents/2026/05/26/2026-10388/phasedown-of-hydrofluorocarbons-excluding-road-and-intermodal-container-transport-refrigeration
2026-10387,pharmaceutical,Health Care,Phasedown of Hydrofluorocarbons: Reconsideration of Certain Regulatory Requirements Promulgated Under the Technology Transitions Provisions of the American Innovation and Manufacturing Act of 2020,Rule,Environmental Protection Agency,2026-05-26,2026-07-27,True,https://www.federalregister.gov/documents/2026/05/26/2026-10387/phasedown-of-hydrofluorocarbons-reconsideration-of-certain-regulatory-requirements-promulgated-under
2026-10380,pharmaceutical,Health Care,Schedules of Controlled Substances: Placement of Diphenidine in Schedule I,Proposed Rule,Justice Department; Drug Enforcement Administration,2026-05-26,,,https://www.federalregister.gov/documents/2026/05/26/2026-10380/schedules-of-controlled-substances-placement-of-diphenidine-in-schedule-i
2026-10379,pharmaceutical,Health Care,Schedules of Controlled Substances; Removal of Exemption Status for Inactive Butalbital Products,Proposed Rule,Justice Department; Drug Enforcement Administration,2026-05-26,,,https://www.federalregister.gov/documents/2026/05/26/2026-10379/schedules-of-controlled-substances-removal-of-exemption-status-for-inactive-butalbital-products
2026-10280,pharmaceutical,Health Care,Air Plan Revisions; Arizona; Arizona Department of Environmental Quality; Gila County Reasonably Available Control Technology,Rule,Environmental Protection Agency,2026-05-22,2026-06-22,,https://www.federalregister.gov/documents/2026/05/22/2026-10280/air-plan-revisions-arizona-arizona-department-of-environmental-quality-gila-county-reasonably
2026-10253,pharmaceutical,Health Care,Schedules of Controlled Substances: Temporary Placement of 2-Fluorodeschloroketamine in Schedule I,Rule,Justice Department; Drug Enforcement Administration,2026-05-22,2026-05-22,,https://www.federalregister.gov/documents/2026/05/22/2026-10253/schedules-of-controlled-substances-temporary-placement-of-2-fluorodeschloroketamine-in-schedule-i
2026-10128,pharmaceutical,Health Care,Revision of Applications for Manufacturing and Procurement Quotas,Proposed Rule,Justice Department; Drug Enforcement Administration,2026-05-20,,True,https://www.federalregister.gov/documents/2026/05/20/2026-10128/revision-of-applications-for-manufacturing-and-procurement-quotas
2026-10050,pharmaceutical,Health Care,"Patient Protection and Affordable Care Act, HHS Notice of Benefit and Payment Parameters for 2027; and Basic Health Program",Rule,Health and Human Services Department; Centers for Medicare & Medicaid Services; Office of the Secretary,2026-05-20,2026-07-20,True,https://www.federalregister.gov/documents/2026/05/20/2026-10050/patient-protection-and-affordable-care-act-hhs-notice-of-benefit-and-payment-parameters-for-2027-and
2026-09877,pharmaceutical,Health Care,Modernizing NRC Regulations for Byproduct Material Use,Proposed Rule,Nuclear Regulatory Commission,2026-05-18,,,https://www.federalregister.gov/documents/2026/05/18/2026-09877/modernizing-nrc-regulations-for-byproduct-material-use
2026-09095,pharmaceutical,Health Care,Semiannual Reporting,Proposed Rule,Securities and Exchange Commission,2026-05-07,,,https://www.federalregister.gov/documents/2026/05/07/2026-09095/semiannual-reporting
2026-08943,pharmaceutical,Health Care,Designation-Restrict the Operation of Unmanned Aircraft in Close Proximity to a Fixed Site Facility,Proposed Rule,Transportation Department; Federal Aviation Administration,2026-05-06,,True,https://www.federalregister.gov/documents/2026/05/06/2026-08943/designation-restrict-the-operation-of-unmanned-aircraft-in-close-proximity-to-a-fixed-site-facility
2026-08176,pharmaceutical,Health Care,Schedules of Controlled Substances: Rescheduling of Food and Drug Administration Approved Products Containing Marijuana From Schedule I to Schedule III; Corresponding Change to Permit Requirements,Rule,Justice Department; Drug Enforcement Administration,2026-04-28,2026-04-28,,https://www.federalregister.gov/documents/2026/04/28/2026-08176/schedules-of-controlled-substances-rescheduling-of-food-and-drug-administration-approved-products
2026-07500,pharmaceutical,Health Care,New Animal Drugs; Approval of New Animal Drug Applications; Withdrawal of Approval of New Animal Drug Application; Change of Sponsor; Change of Sponsor Address,Rule,Health and Human Services Department; Food and Drug Administration,2026-04-16,2026-04-16,,https://www.federalregister.gov/documents/2026/04/16/2026-07500/new-animal-drugs-approval-of-new-animal-drug-applications-withdrawal-of-approval-of-new-animal-drug
2026-07205,pharmaceutical,Health Care,"Medicare and Medicaid Programs; Patient Protection and Affordable Care Act; Interoperability Standards and Prior Authorization for Drugs for Medicare Advantage Organizations, Medicaid Managed Care Plans, State Medicaid Agencies, Children's Health Insurance Program (CHIP) Agencies and CHIP Managed Care Entities, and Issuers of Qualified Health Plans on the Federally-Facilitated Exchanges",Proposed Rule,Health and Human Services Department; Centers for Medicare & Medicaid Services; Office of the Secretary,2026-04-14,,True,https://www.federalregister.gov/documents/2026/04/14/2026-07205/medicare-and-medicaid-programs-patient-protection-and-affordable-care-act-interoperability-standards
2026-07203,pharmaceutical,Health Care,Medicare Program; Hospital Inpatient Prospective Payment Systems for Acute Care Hospitals (IPPS) and the Long-Term Care Hospital Prospective Payment System and Policy Changes and Fiscal Year (FY) 2027 Rates; Requirements for Quality Programs; and Other Policy Changes,Proposed Rule,Health and Human Services Department; Centers for Medicare & Medicaid Services,2026-04-14,,,https://www.federalregister.gov/documents/2026/04/14/2026-07203/medicare-program-hospital-inpatient-prospective-payment-systems-for-acute-care-hospitals-ipps-and
2026-06865,pharmaceutical,Health Care,Spectrum Abundance for Weird Space Stuff,Proposed Rule,Federal Communications Commission,2026-04-09,,,https://www.federalregister.gov/documents/2026/04/09/2026-06865/spectrum-abundance-for-weird-space-stuff
2026-06837,pharmaceutical,Health Care,Air Plan Approval; Colorado; Serious Attainment Plan Contingency Measures and RACT Requirements for the 2008 8-Hour Ozone National Ambient Air Quality Standards for the Denver Metro/North Front Range Nonattainment Area,Rule,Environmental Protection Agency,2026-04-09,2026-05-11,,https://www.federalregister.gov/documents/2026/04/09/2026-06837/air-plan-approval-colorado-serious-attainment-plan-contingency-measures-and-ract-requirements-for
2026-06662,pharmaceutical,Health Care,Drinking Water Contaminant Candidate List 6-Draft,Proposed Rule,Environmental Protection Agency,2026-04-06,,,https://www.federalregister.gov/documents/2026/04/06/2026-06662/drinking-water-contaminant-candidate-list-6-draft
2026-06600,pharmaceutical,Health Care,"Medicare Program; Contract Year 2027 and Certain Contract Year 2026 Policy and Technical Changes to the Medicare Advantage Program, Medicare Prescription Drug Benefit Program, and Medicare Cost Plan Program",Rule,Health and Human Services Department; Centers for Medicare & Medicaid Services,2026-04-06,2026-06-01,True,https://www.federalregister.gov/documents/2026/04/06/2026-06600/medicare-program-contract-year-2027-and-certain-contract-year-2026-policy-and-technical-changes-to
2026-06523,pharmaceutical,Health Care,Designation of P2P Methyl Glycidic Acid as a List I Chemical,Rule,Justice Department; Drug Enforcement Administration,2026-04-03,2026-05-04,,https://www.federalregister.gov/documents/2026/04/03/2026-06523/designation-of-p2p-methyl-glycidic-acid-as-a-list-i-chemical
2026-06395,pharmaceutical,Health Care,Ohio: Authorization of State Hazardous Waste Management Program Revisions,Rule,Environmental Protection Agency,2026-04-02,2026-04-02,,https://www.federalregister.gov/documents/2026/04/02/2026-06395/ohio-authorization-of-state-hazardous-waste-management-program-revisions
2026-06304,pharmaceutical,Health Care,National Emission Standards for Hazardous Air Pollutants: Chemical Manufacturing Area Sources Technology Review,Rule,Environmental Protection Agency,2026-04-01,2026-04-01,False,https://www.federalregister.gov/documents/2026/04/01/2026-06304/national-emission-standards-for-hazardous-air-pollutants-chemical-manufacturing-area-sources
2026-06271,pharmaceutical,Health Care,Whistleblower Incentives and Protections,Proposed Rule,Treasury Department; Financial Crimes Enforcement Network,2026-04-01,,False,https://www.federalregister.gov/documents/2026/04/01/2026-06271/whistleblower-incentives-and-protections
2026-06178,pharmaceutical,Health Care,Fiduciary Duties in Selecting Designated Investment Alternatives,Proposed Rule,Labor Department; Employee Benefits Security Administration,2026-03-31,,,https://www.federalregister.gov/documents/2026/03/31/2026-06178/fiduciary-duties-in-selecting-designated-investment-alternatives
2026-05607,pharmaceutical,Health Care,Air Plan Approval; Texas; Reasonably Available Control Technology in the Dallas-Fort Worth Ozone Nonattainment Area,Rule,Environmental Protection Agency,2026-03-23,2026-04-22,,https://www.federalregister.gov/documents/2026/03/23/2026-05607/air-plan-approval-texas-reasonably-available-control-technology-in-the-dallas-fort-worth-ozone
2026-05452,pharmaceutical,Health Care,Announcement of Final Regulatory Determinations for Contaminants on the Fifth Drinking Water Contaminant Candidate List,Rule,Environmental Protection Agency,2026-03-19,,,https://www.federalregister.gov/documents/2026/03/19/2026-05452/announcement-of-final-regulatory-determinations-for-contaminants-on-the-fifth-drinking-water
2026-05261,pharmaceutical,Health Care,National Emission Standards for Hazardous Air Pollutants: Polyether Polyols Production Industry Review,Rule,Environmental Protection Agency,2026-03-18,2026-03-18,False,https://www.federalregister.gov/documents/2026/03/18/2026-05261/national-emission-standards-for-hazardous-air-pollutants-polyether-polyols-production-industry
2026-04657,pharmaceutical,Health Care,Designation of Propionyl Chloride as a List I Chemical,Rule,Justice Department; Drug Enforcement Administration,2026-03-10,2026-04-09,,https://www.federalregister.gov/documents/2026/03/10/2026-04657/designation-of-propionyl-chloride-as-a-list-i-chemical
2026-04368,pharmaceutical,Health Care,Revising the National Drug Code Format and Drug Label Barcode Requirements,Rule,Health and Human Services Department; Food and Drug Administration,2026-03-05,2033-03-07,False,https://www.federalregister.gov/documents/2026/03/05/2026-04368/revising-the-national-drug-code-format-and-drug-label-barcode-requirements
2026-04366,pharmaceutical,Health Care,Paper Manifest Sunset Rule; Modification of the Hazardous Waste Manifest Regulations,Proposed Rule,Environmental Protection Agency,2026-03-05,2026-05-04,False,https://www.federalregister.gov/documents/2026/03/05/2026-04366/paper-manifest-sunset-rule-modification-of-the-hazardous-waste-manifest-regulations
2026-04084,pharmaceutical,Health Care,Improving Transparency Into Pharmacy Benefit Manager Fee Disclosure; Extension of Comment Period,Proposed Rule,Labor Department; Employee Benefits Security Administration,2026-03-02,2026-01-30,True,https://www.federalregister.gov/documents/2026/03/02/2026-04084/improving-transparency-into-pharmacy-benefit-manager-fee-disclosure-extension-of-comment-period
2026-03638,pharmaceutical,Health Care,National Emission Standards for Hazardous Air Pollutants: Coal- and Oil-Fired Electric Utility Steam Generating Units: Final Repeal,Rule,Environmental Protection Agency,2026-02-24,2026-04-27,True,https://www.federalregister.gov/documents/2026/02/24/2026-03638/national-emission-standards-for-hazardous-air-pollutants-coal--and-oil-fired-electric-utility-steam
2026-03286,pharmaceutical,Health Care,"Revocation of Regulations Regarding the Mutual Recognition of Pharmaceutical Good Manufacturing Practice Reports, Medical Device Quality System Audit Reports, and Certain Medical Device Product Evaluation Reports: United States and the European Community",Rule,Health and Human Services Department; Food and Drug Administration,2026-02-19,2026-03-23,False,https://www.federalregister.gov/documents/2026/02/19/2026-03286/revocation-of-regulations-regarding-the-mutual-recognition-of-pharmaceutical-good-manufacturing
2026-02845,pharmaceutical,Health Care,Air Plan Revisions; Arizona; Arizona Department of Environmental Quality; Gila County Reasonably Available Control Technology,Proposed Rule,Environmental Protection Agency,2026-02-12,,,https://www.federalregister.gov/documents/2026/02/12/2026-02845/air-plan-revisions-arizona-arizona-department-of-environmental-quality-gila-county-reasonably
2026-02575,pharmaceutical,Health Care,Hazardous Materials: Harmonization With International Standards,Proposed Rule,Transportation Department; Pipeline and Hazardous Materials Safety Administration,2026-02-10,,False,https://www.federalregister.gov/documents/2026/02/10/2026-02575/hazardous-materials-harmonization-with-international-standards
2026-02437,pharmaceutical,Health Care,Medical Billing for Healthcare Services Provided by Department of Defense Military Medical Treatment Facilities to Civilian Non-Beneficiaries,Rule,Defense Department; Office of the Secretary,2026-02-06,2026-03-09,True,https://www.federalregister.gov/documents/2026/02/06/2026-02437/medical-billing-for-healthcare-services-provided-by-department-of-defense-military-medical-treatment
2026-02331,pharmaceutical,Health Care,New Animal Drugs; Approval of New Animal Drug Applications; Withdrawal of Approval of New Animal Drug Application; Change of Sponsor; Change of Sponsor Address,Rule,Health and Human Services Department; Food and Drug Administration,2026-02-06,2026-02-06,,https://www.federalregister.gov/documents/2026/02/06/2026-02331/new-animal-drugs-approval-of-new-animal-drug-applications-withdrawal-of-approval-of-new-animal-drug
2026-02288,pharmaceutical,Health Care,Registering Emergency Medical Services Agencies Under the Protecting Patient Access to Emergency Medications Act of 2017,Rule,Justice Department; Drug Enforcement Administration,2026-02-05,2026-03-09,True,https://www.federalregister.gov/documents/2026/02/05/2026-02288/registering-emergency-medical-services-agencies-under-the-protecting-patient-access-to-emergency
2026-01907,pharmaceutical,Health Care,Improving Transparency Into Pharmacy Benefit Manager Fee Disclosure,Proposed Rule,Labor Department; Employee Benefits Security Administration,2026-01-30,,True,https://www.federalregister.gov/documents/2026/01/30/2026-01907/improving-transparency-into-pharmacy-benefit-manager-fee-disclosure
2026-01833,pharmaceutical,Health Care,Medicare and Medicaid Programs; Organ Procurement Organizations Conditions for Coverage: Revisions to the Conditions for Coverage,Proposed Rule,Health and Human Services Department; Centers for Medicare & Medicaid Services,2026-01-30,,True,https://www.federalregister.gov/documents/2026/01/30/2026-01833/medicare-and-medicaid-programs-organ-procurement-organizations-conditions-for-coverage-revisions-to
2026-01817,pharmaceutical,Health Care,Medicare and State Health Care Programs: Fraud and Abuse; Request for Information Regarding the Federal Anti-Kickback Statute and Beneficiary Inducements CMP,Proposed Rule,"Health and Human Services Department; Inspector General Office, Health and Human Services Department",2026-01-29,,,https://www.federalregister.gov/documents/2026/01/29/2026-01817/medicare-and-state-health-care-programs-fraud-and-abuse-request-for-information-regarding-the
2026-01730,pharmaceutical,Health Care,Medicare Program; Ensuring Safety Through Domestic Security With Made in America Personal Protective Equipment (PPE) and Essential Medicine Procurement by Medicare Participating Hospitals,Proposed Rule,Health and Human Services Department; Centers for Medicare & Medicaid Services,2026-01-29,,True,https://www.federalregister.gov/documents/2026/01/29/2026-01730/medicare-program-ensuring-safety-through-domestic-security-with-made-in-america-personal-protective
2026-01688,pharmaceutical,Health Care,Annual Civil Monetary Penalties Inflation Adjustment,Rule,Health and Human Services Department,2026-01-28,,False,https://www.federalregister.gov/documents/2026/01/28/2026-01688/annual-civil-monetary-penalties-inflation-adjustment
2026-01516,pharmaceutical,Health Care,Combating Gender Ideology in Foreign Assistance,Rule,State Department,2026-01-27,2026-02-26,,https://www.federalregister.gov/documents/2026/01/27/2026-01516/combating-gender-ideology-in-foreign-assistance
2026-00954,pharmaceutical,Health Care,Schedules of Controlled Substances: Temporary Placement of 2-Fluorodeschloroketamine in Schedule I,Proposed Rule,Justice Department; Drug Enforcement Administration,2026-01-20,,,https://www.federalregister.gov/documents/2026/01/20/2026-00954/schedules-of-controlled-substances-temporary-placement-of-2-fluorodeschloroketamine-in-schedule-i
2026-00362,pharmaceutical,Health Care,Schedules of Controlled Substances: Placement of N-Pyrrolidino Metonitazene and N-Pyrrolidino Protonitazene in Schedule I,Rule,Justice Department; Drug Enforcement Administration,2026-01-12,2026-02-11,,https://www.federalregister.gov/documents/2026/01/12/2026-00362/schedules-of-controlled-substances-placement-of-n-pyrrolidino-metonitazene-and-n-pyrrolidino
2026-00121,pharmaceutical,Health Care,Reissuance and Modification of Nationwide Permits,Rule,Defense Department; Engineers Corps,2026-01-08,2026-03-15,True,https://www.federalregister.gov/documents/2026/01/08/2026-00121/reissuance-and-modification-of-nationwide-permits
2025-24153,pharmaceutical,Health Care,Statutory Updates to Branded Prescription Drug Fee Regulations,Proposed Rule,Treasury Department; Internal Revenue Service,2026-01-02,,False,https://www.federalregister.gov/documents/2026/01/02/2025-24153/statutory-updates-to-branded-prescription-drug-fee-regulations
2025-24149,pharmaceutical,Health Care,National Emission Standards for Hazardous Air Pollutants; Delegation of Authority to Oklahoma,Rule,Environmental Protection Agency,2026-01-02,2026-02-02,,https://www.federalregister.gov/documents/2026/01/02/2025-24149/national-emission-standards-for-hazardous-air-pollutants-delegation-of-authority-to-oklahoma
2025-23717,pharmaceutical,Health Care,Schedules of Controlled Substances: Placement of N-Desethyl Isotonitazene and N-Piperidinyl Etonitazene in Schedule I,Rule,Justice Department; Drug Enforcement Administration,2025-12-23,2026-01-22,,https://www.federalregister.gov/documents/2025/12/23/2025-23717/schedules-of-controlled-substances-placement-of-n-desethyl-isotonitazene-and-n-piperidinyl
2025-23705,pharmaceutical,Health Care,Guarding U.S. Medicare Against Rising Drug Costs (GUARD) Model,Proposed Rule,Health and Human Services Department; Centers for Medicare & Medicaid Services,2025-12-23,,,https://www.federalregister.gov/documents/2025/12/23/2025-23705/guarding-us-medicare-against-rising-drug-costs-guard-model
2025-23702,pharmaceutical,Health Care,Global Benchmark for Efficient Drug Pricing (GLOBE) Model,Proposed Rule,Health and Human Services Department; Centers for Medicare & Medicaid Services,2025-12-23,,True,https://www.federalregister.gov/documents/2025/12/23/2025-23702/global-benchmark-for-efficient-drug-pricing-globe-model
2025-23465,pharmaceutical,Health Care,Medicare and Medicaid Programs; Hospital Condition of Participation: Prohibiting Sex-Rejecting Procedures for Children,Proposed Rule,Health and Human Services Department; Centers for Medicare & Medicaid Services,2025-12-19,,,https://www.federalregister.gov/documents/2025/12/19/2025-23465/medicare-and-medicaid-programs-hospital-condition-of-participation-prohibiting-sex-rejecting
2025-23464,pharmaceutical,Health Care,Medicaid Program; Prohibition on Federal Medicaid and Children's Health Insurance Program Funding for Sex-Rejecting Procedures Furnished to Children,Proposed Rule,Health and Human Services Department; Centers for Medicare & Medicaid Services,2025-12-19,,,https://www.federalregister.gov/documents/2025/12/19/2025-23464/medicaid-program-prohibition-on-federal-medicaid-and-childrens-health-insurance-program-funding-for
2025-23284,pharmaceutical,Health Care,New Source Performance Standards and National Emission Standards for Hazardous Air Pollutants; Delegation of Authority to Louisiana,Rule,Environmental Protection Agency,2025-12-18,2026-01-20,,https://www.federalregister.gov/documents/2025/12/18/2025-23284/new-source-performance-standards-and-national-emission-standards-for-hazardous-air-pollutants
2025-22963,pharmaceutical,Health Care,"Schedules of Controlled Substances: Placement of 4F-MDMB-BUTICA, ADB-4en-PINACA, 5F-EDMB-PICA, and MMB-FUBICA in Schedule I",Proposed Rule,Justice Department; Drug Enforcement Administration,2025-12-16,,,https://www.federalregister.gov/documents/2025/12/16/2025-22963/schedules-of-controlled-substances-placement-of-4f-mdmb-butica-adb-4en-pinaca-5f-edmb-pica-and
2025-22495,pharmaceutical,Health Care,Schedules of Controlled Substances: Placement of CUMYL-PEGACLONE in Schedule I,Proposed Rule,Justice Department; Drug Enforcement Administration,2025-12-11,,,https://www.federalregister.gov/documents/2025/12/11/2025-22495/schedules-of-controlled-substances-placement-of-cumyl-pegaclone-in-schedule-i
2025-21456,pharmaceutical,Health Care,"Medicare Program; Contract Year 2027 Policy and Technical Changes to the Medicare Advantage Program, Medicare Prescription Drug Benefit Program, and Medicare Cost Plan Program",Proposed Rule,Health and Human Services Department; Centers for Medicare & Medicaid Services,2025-11-28,,True,https://www.federalregister.gov/documents/2025/11/28/2025-21456/medicare-program-contract-year-2027-policy-and-technical-changes-to-the-medicare-advantage-program
2025-20907,pharmaceutical,Health Care,Medicare Program: Hospital Outpatient Prospective Payment and Ambulatory Surgical Center Payment Systems; Quality Reporting Programs; Overall Hospital Quality Star Rating; Hospital Price Transparency; and Notice of Closure of a Teaching Hospital and Opportunity To Apply for Available Slots,Rule,Health and Human Services Department; Centers for Medicare & Medicaid Services; Office of the Secretary,2025-11-25,2026-01-01,True,https://www.federalregister.gov/documents/2025/11/25/2025-20907/medicare-program-hospital-outpatient-prospective-payment-and-ambulatory-surgical-center-payment
2025-20681,pharmaceutical,Health Care,"Medicare Program; End-Stage Renal Disease Prospective Payment System, Payment for Renal Dialysis Services Furnished to Individuals With Acute Kidney Injury, End-Stage Renal Disease Quality Incentive Program, and End-Stage Renal Disease Treatment Choices Model",Rule,Health and Human Services Department; Centers for Medicare & Medicaid Services,2025-11-24,2026-01-01,True,https://www.federalregister.gov/documents/2025/11/24/2025-20681/medicare-program-end-stage-renal-disease-prospective-payment-system-payment-for-renal-dialysis
2025-20278,pharmaceutical,Health Care,Public Charge Ground of Inadmissibility,Proposed Rule,Homeland Security Department,2025-11-19,,,https://www.federalregister.gov/documents/2025/11/19/2025-20278/public-charge-ground-of-inadmissibility
2025-19787,pharmaceutical,Health Care,Medicare and Medicaid Programs; CY 2026 Payment Policies Under the Physician Fee Schedule and Other Changes to Part B Payment and Coverage Policies; Medicare Shared Savings Program Requirements; and Medicare Prescription Drug Inflation Rebate Program,Rule,Health and Human Services Department; Centers for Medicare & Medicaid Services,2025-11-05,2026-01-01,True,https://www.federalregister.gov/documents/2025/11/05/2025-19787/medicare-and-medicaid-programs-cy-2026-payment-policies-under-the-physician-fee-schedule-and-other
2025-19542,pharmaceutical,Health Care,"Schedules of Controlled Substances: Temporary Placement of Ethyleneoxynitazene, Methylenedioxynitazene, 5-Methyl Etodesnitazene, N-Desethyl Etonitazene, N-Desethyl Protonitazene, N,N-Dimethylamino Etonitazene, and N-Pyrrolidino Isotonitazene in Schedule I",Rule,Justice Department; Drug Enforcement Administration,2025-10-15,2025-10-15,,https://www.federalregister.gov/documents/2025/10/15/2025-19542/schedules-of-controlled-substances-temporary-placement-of-ethyleneoxynitazene-methylenedioxynitazene
2025-19438,pharmaceutical,Health Care,Phasedown of Hydrofluorocarbons: Reconsideration of Certain Regulatory Requirements Promulgated Under the Technology Transitions Provisions of the American Innovation and Manufacturing Act of 2020,Proposed Rule,Environmental Protection Agency,2025-10-03,,True,https://www.federalregister.gov/documents/2025/10/03/2025-19438/phasedown-of-hydrofluorocarbons-reconsideration-of-certain-regulatory-requirements-promulgated-under
2025-19384,pharmaceutical,Health Care,Designation of P2P Methyl Glycidic Acid as a List I Chemical,Proposed Rule,Justice Department; Drug Enforcement Administration,2025-10-02,,,https://www.federalregister.gov/documents/2025/10/02/2025-19384/designation-of-p2p-methyl-glycidic-acid-as-a-list-i-chemical
2025-19358,pharmaceutical,Health Care,International Trademark Classification Changes,Rule,Commerce Department; Patent and Trademark Office,2025-10-02,2026-01-01,False,https://www.federalregister.gov/documents/2025/10/02/2025-19358/international-trademark-classification-changes
2025-19348,pharmaceutical,Health Care,Schedules of Controlled Substances: Placement of MDMB-4en-PINACA in Schedule I,Proposed Rule,Justice Department; Drug Enforcement Administration,2025-10-02,,,https://www.federalregister.gov/documents/2025/10/02/2025-19348/schedules-of-controlled-substances-placement-of-mdmb-4en-pinaca-in-schedule-i
2025-19325,pharmaceutical,Health Care,Controlled Substances Ordering System (CSOS) Modernization,Rule,Justice Department; Drug Enforcement Administration,2025-10-02,2025-11-03,False,https://www.federalregister.gov/documents/2025/10/02/2025-19325/controlled-substances-ordering-system-csos-modernization
2025-18807,pharmaceutical,Health Care,"Tribal Consultation for SBA's Office of Manufacturing and Trade and Other Small Business Programs and Services Offered by the Agency, With a Focus on SBA's Ongoing Manufacturing, Onshoring and Export Initiatives To Encourage Small Businesses Going Global",Proposed Rule,Small Business Administration,2025-09-29,,,https://www.federalregister.gov/documents/2025/09/29/2025-18807/tribal-consultation-for-sbas-office-of-manufacturing-and-trade-and-other-small-business-programs-and
2025-18690,pharmaceutical,Health Care,Air Plan Approval; New York; Update to Materials Incorporated by Reference,Rule,Environmental Protection Agency,2025-09-26,2025-09-26,,https://www.federalregister.gov/documents/2025/09/26/2025-18690/air-plan-approval-new-york-update-to-materials-incorporated-by-reference
2025-17081,pharmaceutical,Health Care,Air Plan Approval; Texas; Reasonably Available Control Technology in the Dallas-Fort Worth Ozone Nonattainment Area,Proposed Rule,Environmental Protection Agency,2025-09-05,,,https://www.federalregister.gov/documents/2025/09/05/2025-17081/air-plan-approval-texas-reasonably-available-control-technology-in-the-dallas-fort-worth-ozone
2025-17053,pharmaceutical,Health Care,Massachusetts: Final Authorization of State Hazardous Waste Management Program Revisions,Rule,Environmental Protection Agency,2025-09-05,2025-11-04,,https://www.federalregister.gov/documents/2025/09/05/2025-17053/massachusetts-final-authorization-of-state-hazardous-waste-management-program-revisions
2025-16720,pharmaceutical,Health Care,Procedures for Transportation Workplace Drug and Alcohol Testing Programs: Addition of Fentanyl to the Department of Transportation's Drug-Testing Panel; Harmonization With Certain Items in the HHS Mandatory Guidelines for Urine and Oral Fluid; and Technical Amendments,Proposed Rule,Transportation Department; Office of the Secretary,2025-09-02,,False,https://www.federalregister.gov/documents/2025/09/02/2025-16720/procedures-for-transportation-workplace-drug-and-alcohol-testing-programs-addition-of-fentanyl-to
2025-16484,pharmaceutical,Health Care,Air Plan Approval; Ohio; 2015 Ozone Moderate Reasonably Available Control Technology SIP,Proposed Rule,Environmental Protection Agency,2025-08-28,,,https://www.federalregister.gov/documents/2025/08/28/2025-16484/air-plan-approval-ohio-2015-ozone-moderate-reasonably-available-control-technology-sip
2025-16357,pharmaceutical,Health Care,Phasedown of Hydrofluorocarbons: Review and Renewal of Eligibility for Application-Specific Allowances,Rule,Environmental Protection Agency,2025-08-26,2025-09-25,True,https://www.federalregister.gov/documents/2025/08/26/2025-16357/phasedown-of-hydrofluorocarbons-review-and-renewal-of-eligibility-for-application-specific
2025-16079,pharmaceutical,Health Care,New Animal Drugs; Approval of New Animal Drug Applications; Withdrawal of Approval of New Animal Drug Applications; Change of Sponsor; Change of Sponsor Address,Rule,Health and Human Services Department; Food and Drug Administration,2025-08-22,2025-08-22,,https://www.federalregister.gov/documents/2025/08/22/2025-16079/new-animal-drugs-approval-of-new-animal-drug-applications-withdrawal-of-approval-of-new-animal-drug
2025-15989,pharmaceutical,Health Care,Air Plan Approval; California; Revised Format for Materials Incorporated by Reference,Rule,Environmental Protection Agency,2025-08-21,2025-08-21,,https://www.federalregister.gov/documents/2025/08/21/2025-15989/air-plan-approval-california-revised-format-for-materials-incorporated-by-reference
2025-15566,pharmaceutical,Health Care,Schedules of Controlled Substances: Temporary Placement of N-pyrrolidino metonitazene and N-pyrrolidino protonitazene in Schedule I,Rule,Justice Department; Drug Enforcement Administration,2025-08-15,2025-08-15,,https://www.federalregister.gov/documents/2025/08/15/2025-15566/schedules-of-controlled-substances-temporary-placement-of-n-pyrrolidino-metonitazene-and
2025-15493,pharmaceutical,Health Care,Foreign Trade Regulations (FTR): Clarification of Filing Requirements Regarding In-Transit Shipments and Other FTR Provisions,Rule,Commerce Department,2025-08-14,2025-09-15,False,https://www.federalregister.gov/documents/2025/08/14/2025-15493/foreign-trade-regulations-ftr-clarification-of-filing-requirements-regarding-in-transit-shipments
2026-13716,drug,Health Care,New Animal Drugs; Approval of New Animal Drug Applications; Withdrawal of Approval of New Animal Drug Application; Change of Sponsor,Rule,Health and Human Services Department; Food and Drug Administration,2026-07-07,2026-07-07,,https://www.federalregister.gov/documents/2026/07/07/2026-13716/new-animal-drugs-approval-of-new-animal-drug-applications-withdrawal-of-approval-of-new-animal-drug
2026-13656,drug,Health Care,Medicare Program: Hospital Outpatient Prospective Payment and Ambulatory Surgical Center Payment Systems; and Quality Reporting Programs; Including the Hospital Outpatient Quality Reporting Program and Ambulatory Surgical Center Quality Program; Request for Information on Strengthening the Standardization and Comparability of Hospital Price Transparency (HPT) Data; Prior Authorization; Accrediting Organization (AO) Deeming for Emergency Medical Treatment and Labor Act (EMTALA); and Notices of Closure of Teaching Hospitals and Opportunities To Apply for Available Slots,Proposed Rule,Health and Human Services Department; Centers for Medicare & Medicaid Services,2026-07-07,,,https://www.federalregister.gov/documents/2026/07/07/2026-13656/medicare-program-hospital-outpatient-prospective-payment-and-ambulatory-surgical-center-payment
2026-13609,drug,Health Care,"Counter-UAS Authority for State, Local, Tribal, and Territorial Law Enforcement and Correctional Agencies",Rule,Homeland Security Department; Justice Department,2026-07-06,2026-07-01,,https://www.federalregister.gov/documents/2026/07/06/2026-13609/counter-uas-authority-for-state-local-tribal-and-territorial-law-enforcement-and-correctional
2026-13602,drug,Health Care,"Calendar Year 2027 Home Health Prospective Payment System (HH PPS) Rate Update; Requirements for the HH Quality Reporting Program and the Expanded HH Value-Based Purchasing Model; Medicare Provider Enrollment, Durable Medical Equipment (DME), and DME, Prosthetics, Orthotics, and Supplies (DMEPOS) Policies",Proposed Rule,Health and Human Services Department; Centers for Medicare & Medicaid Services,2026-07-06,,,https://www.federalregister.gov/documents/2026/07/06/2026-13602/calendar-year-2027-home-health-prospective-payment-system-hh-pps-rate-update-requirements-for-the-hh
2026-13581,drug,Health Care,"Schedules of Controlled Substances: Temporary Placement of Mitragynine Pseudoindoxyl, MGM-15, and MGM-16 in Schedule I",Proposed Rule,Justice Department; Drug Enforcement Administration,2026-07-06,,,https://www.federalregister.gov/documents/2026/07/06/2026-13581/schedules-of-controlled-substances-temporary-placement-of-mitragynine-pseudoindoxyl-mgm-15-and
2026-13580,drug,Health Care,Schedules of Controlled Substance: Temporary Placement of 7-Hydroxymitragynine Above a Specified Threshold in Schedule I,Proposed Rule,Justice Department; Drug Enforcement Administration,2026-07-06,,,https://www.federalregister.gov/documents/2026/07/06/2026-13580/schedules-of-controlled-substance-temporary-placement-of-7-hydroxymitragynine-above-a-specified
2026-13557,drug,Health Care,Receipt of Pesticide Petitions Filed for Residues of Pesticide Chemicals in or on Various Commodities-April 2026,Proposed Rule,Environmental Protection Agency,2026-07-06,,,https://www.federalregister.gov/documents/2026/07/06/2026-13557/receipt-of-pesticide-petitions-filed-for-residues-of-pesticide-chemicals-in-or-on-various
2026-13440,drug,Health Care,Enabling Supersonic Overland Flight,Proposed Rule,Transportation Department; Federal Aviation Administration,2026-07-02,,True,https://www.federalregister.gov/documents/2026/07/02/2026-13440/enabling-supersonic-overland-flight
2026-13420,drug,Health Care,Revised Medical Criteria for Evaluating Cardiovascular Disorders,Rule,Social Security Administration,2026-07-02,2026-10-30,True,https://www.federalregister.gov/documents/2026/07/02/2026-13420/revised-medical-criteria-for-evaluating-cardiovascular-disorders
2026-13392,drug,Health Care,EB-5 Reform and Integrity Act of 2022; Ensuring the Integrity of the EB-5 Program; Automatic Revocation of Petitions for Immigrant Classification,Proposed Rule,Homeland Security Department,2026-07-02,,True,https://www.federalregister.gov/documents/2026/07/02/2026-13392/eb-5-reform-and-integrity-act-of-2022-ensuring-the-integrity-of-the-eb-5-program-automatic
2026-13364,drug,Health Care,"Schedules of Controlled Substances: Temporary Placement of 5,6- Dichloro Brorphine, 5,6-Dichloro Desmethylchlorphine, N-Propionitrile Chlorphine, and Spirochlorphine in Schedule I of the Controlled Substances Act",Proposed Rule,Justice Department; Drug Enforcement Administration,2026-07-01,2026-07-01,,https://www.federalregister.gov/documents/2026/07/01/2026-13364/schedules-of-controlled-substances-temporary-placement-of-56--dichloro-brorphine-56-dichloro
2026-13282,drug,Health Care,Mechanic Certification: Inspection Rating and Recent Experience Requirements,Proposed Rule,Transportation Department; Federal Aviation Administration,2026-07-01,,False,https://www.federalregister.gov/documents/2026/07/01/2026-13282/mechanic-certification-inspection-rating-and-recent-experience-requirements
2026-13263,drug,Health Care,Revisions To Establish the Sixth Unregulated Contaminant Monitoring Rule (UCMR 6) for Public Water Systems,Proposed Rule,Environmental Protection Agency,2026-07-01,,True,https://www.federalregister.gov/documents/2026/07/01/2026-13263/revisions-to-establish-the-sixth-unregulated-contaminant-monitoring-rule-ucmr-6-for-public-water
2026-13198,drug,Health Care,Fluoxapiprolin; Pesticide Tolerances,Rule,Environmental Protection Agency,2026-06-30,2026-06-30,,https://www.federalregister.gov/documents/2026/06/30/2026-13198/fluoxapiprolin-pesticide-tolerances
2026-13193,drug,Health Care,Epyrifenacil; Pesticide Tolerances,Rule,Environmental Protection Agency,2026-06-30,2026-06-30,,https://www.federalregister.gov/documents/2026/06/30/2026-13193/epyrifenacil-pesticide-tolerances
2026-13185,drug,Health Care,Chlormequat Chloride; Pesticide Tolerances,Rule,Environmental Protection Agency,2026-06-30,2026-06-30,,https://www.federalregister.gov/documents/2026/06/30/2026-13185/chlormequat-chloride-pesticide-tolerances
2026-13180,drug,Health Care,Diflufenican; Pesticide Tolerances,Rule,Environmental Protection Agency,2026-06-30,2026-06-30,,https://www.federalregister.gov/documents/2026/06/30/2026-13180/diflufenican-pesticide-tolerances
2026-13174,drug,Health Care,Bifenthrin; Pesticide Tolerances,Rule,Environmental Protection Agency,2026-06-30,2026-06-30,,https://www.federalregister.gov/documents/2026/06/30/2026-13174/bifenthrin-pesticide-tolerances
2026-13154,drug,Health Care,Suitability and Fitness,Rule,Personnel Management Office,2026-06-30,2026-07-30,True,https://www.federalregister.gov/documents/2026/06/30/2026-13154/suitability-and-fitness
2026-13140,drug,Health Care,Medical Devices; Anesthesiology Devices; Classification of the Monitor for Opioid Induced Impairment of Oxygenation,Rule,Health and Human Services Department; Food and Drug Administration,2026-06-30,2026-06-30,,https://www.federalregister.gov/documents/2026/06/30/2026-13140/medical-devices-anesthesiology-devices-classification-of-the-monitor-for-opioid-induced-impairment
2026-13139,drug,Health Care,Medical Devices; General and Plastic Surgery Devices; Classification of the Skin Patch for Treatment of Hyperhidrosis,Rule,Health and Human Services Department; Food and Drug Administration,2026-06-30,2026-06-30,,https://www.federalregister.gov/documents/2026/06/30/2026-13139/medical-devices-general-and-plastic-surgery-devices-classification-of-the-skin-patch-for-treatment
2026-13137,drug,Health Care,Marine Casualty Reporting on the Outer Continental Shelf,Rule,Homeland Security Department; Coast Guard,2026-06-30,2026-07-30,True,https://www.federalregister.gov/documents/2026/06/30/2026-13137/marine-casualty-reporting-on-the-outer-continental-shelf
C1-2026-11094,drug,Health Care,Medicaid Program; Community Engagement Requirement for Certain Individuals,Rule,Health and Human Services Department; Centers for Medicare & Medicaid Services,2026-06-29,,,https://www.federalregister.gov/documents/2026/06/29/C1-2026-11094/medicaid-program-community-engagement-requirement-for-certain-individuals
2026-13101,drug,Health Care,Medical Devices; Orthopedic Devices; Classification of the Medial Knee Implanted Shock Absorber,Rule,Health and Human Services Department; Food and Drug Administration,2026-06-29,2026-06-29,,https://www.federalregister.gov/documents/2026/06/29/2026-13101/medical-devices-orthopedic-devices-classification-of-the-medial-knee-implanted-shock-absorber
2026-13047,drug,Health Care,Establishment Registration and Product Listing for Tobacco Products,Proposed Rule,Health and Human Services Department; Food and Drug Administration,2026-06-29,,True,https://www.federalregister.gov/documents/2026/06/29/2026-13047/establishment-registration-and-product-listing-for-tobacco-products
2026-13003,drug,Health Care,Removing Obsolete References to Twentieth-Century Airman Certificates,Proposed Rule,Transportation Department; Federal Aviation Administration,2026-06-26,,,https://www.federalregister.gov/documents/2026/06/26/2026-13003/removing-obsolete-references-to-twentieth-century-airman-certificates
2026-12989,drug,Health Care,Modernizing Security Requirements,Proposed Rule,Nuclear Regulatory Commission,2026-06-26,,,https://www.federalregister.gov/documents/2026/06/26/2026-12989/modernizing-security-requirements
2026-12925,drug,Health Care,"Medicare Program; CY 2027 Changes to the End-Stage Renal Disease (ESRD) Prospective Payment System, Acute Kidney Injury Dialysis (AKI) Payment, and ESRD Quality Incentive Program",Proposed Rule,Health and Human Services Department; Centers for Medicare & Medicaid Services,2026-06-26,,,https://www.federalregister.gov/documents/2026/06/26/2026-12925/medicare-program-cy-2027-changes-to-the-end-stage-renal-disease-esrd-prospective-payment-system
2026-12924,drug,Health Care,Nondiscrimination in Federally-Assisted Programs of the Department of Veterans Affairs,Proposed Rule,Veterans Affairs Department,2026-06-26,,,https://www.federalregister.gov/documents/2026/06/26/2026-12924/nondiscrimination-in-federally-assisted-programs-of-the-department-of-veterans-affairs
2026-12913,drug,Health Care,Cinnamaldehyde in Pesticide Formulations; Exemption From the Requirement for a Tolerance,Rule,Environmental Protection Agency,2026-06-26,2026-06-26,,https://www.federalregister.gov/documents/2026/06/26/2026-12913/cinnamaldehyde-in-pesticide-formulations-exemption-from-the-requirement-for-a-tolerance
2026-12905,drug,Health Care,Medical Devices; General Hospital and Personal Use Devices; Classification of the Infant Supine Sleep System,Rule,Health and Human Services Department; Food and Drug Administration,2026-06-26,2026-06-26,,https://www.federalregister.gov/documents/2026/06/26/2026-12905/medical-devices-general-hospital-and-personal-use-devices-classification-of-the-infant-supine-sleep
2026-12904,drug,Health Care,Medical Devices; Neurological Devices; Classification of the External Lower Extremity Nerve Stimulator for Restless Legs Syndrome,Rule,Health and Human Services Department; Food and Drug Administration,2026-06-26,2026-06-26,,https://www.federalregister.gov/documents/2026/06/26/2026-12904/medical-devices-neurological-devices-classification-of-the-external-lower-extremity-nerve-stimulator
2026-12903,drug,Health Care,Medical Devices; General and Plastic Surgery Devices; Classification of the Breast Implant Suction Retrieval System,Rule,Health and Human Services Department; Food and Drug Administration,2026-06-26,2026-06-26,,https://www.federalregister.gov/documents/2026/06/26/2026-12903/medical-devices-general-and-plastic-surgery-devices-classification-of-the-breast-implant-suction
2026-12902,drug,Health Care,Medical Devices; Immunology and Microbiology Devices; Classification of the SARS-CoV-2 Serology Test,Rule,Health and Human Services Department; Food and Drug Administration,2026-06-26,2026-06-26,,https://www.federalregister.gov/documents/2026/06/26/2026-12902/medical-devices-immunology-and-microbiology-devices-classification-of-the-sars-cov-2-serology-test
2026-12901,drug,Health Care,Medical Devices; Neurological Devices; Classification of the Computerized Behavioral Therapy Device for the Treatment of Fibromyalgia Symptoms,Rule,Health and Human Services Department; Food and Drug Administration,2026-06-26,2026-06-26,,https://www.federalregister.gov/documents/2026/06/26/2026-12901/medical-devices-neurological-devices-classification-of-the-computerized-behavioral-therapy-device
2026-12900,drug,Health Care,Medical Devices; Clinical Chemistry and Toxicology Devices; Classification of the Prognostic Test for Development or Progression of Preeclampsia,Rule,Health and Human Services Department; Food and Drug Administration,2026-06-26,2026-06-26,,https://www.federalregister.gov/documents/2026/06/26/2026-12900/medical-devices-clinical-chemistry-and-toxicology-devices-classification-of-the-prognostic-test-for
2026-12899,drug,Health Care,Medical Devices; General Hospital and Personal Use Devices; Classification of the Foam or Gel Chemical Sterilant/High Level Disinfectant,Rule,Health and Human Services Department; Food and Drug Administration,2026-06-26,2026-06-26,,https://www.federalregister.gov/documents/2026/06/26/2026-12899/medical-devices-general-hospital-and-personal-use-devices-classification-of-the-foam-or-gel-chemical
2026-12855,drug,Health Care,"Sterigenics U.S., LLC; Filing of Food Additive Petition",Proposed Rule,Health and Human Services Department; Food and Drug Administration,2026-06-25,,,https://www.federalregister.gov/documents/2026/06/25/2026-12855/sterigenics-us-llc-filing-of-food-additive-petition
2026-12749,drug,Health Care,Safety Standard for Lithium-Ion Batteries Used in Micromobility Products and Electrical Systems of Micromobility Products Containing Such Batteries,Proposed Rule,Consumer Product Safety Commission,2026-06-24,,False,https://www.federalregister.gov/documents/2026/06/24/2026-12749/safety-standard-for-lithium-ion-batteries-used-in-micromobility-products-and-electrical-systems-of
2026-12700,drug,Health Care,"Special Supplemental Nutrition Program for Women, Infants, and Children (WIC): Revisions in the WIC Food Packages; Delay of Vitamin D in Yogurt Implementation Date and Technical Corrections",Rule,Agriculture Department; Food and Nutrition Administration,2026-06-24,2026-06-24,False,https://www.federalregister.gov/documents/2026/06/24/2026-12700/special-supplemental-nutrition-program-for-women-infants-and-children-wic-revisions-in-the-wic-food
2026-12692,drug,Health Care,Permitted Payment Stablecoin Issuer Anti-Money Laundering/Countering the Financing of Terrorism and Sanctions Compliance Risk Management,Proposed Rule,Treasury Department; Comptroller of the Currency,2026-06-24,,,https://www.federalregister.gov/documents/2026/06/24/2026-12692/permitted-payment-stablecoin-issuer-anti-money-launderingcountering-the-financing-of-terrorism-and
2026-12670,drug,Health Care,Indefinite Suspension of the De Minimis Exemption for Merchandise Arriving Through All Modes Other Than the International Postal Network,Rule,Homeland Security Department; U.S. Customs and Border Protection,2026-06-24,2026-06-24,,https://www.federalregister.gov/documents/2026/06/24/2026-12670/indefinite-suspension-of-the-de-minimis-exemption-for-merchandise-arriving-through-all-modes-other
2026-12669,drug,Health Care,Indefinite Suspension of the De Minimis Exemption for Mail Shipments and New Postal Informal Entry Process,Rule,Homeland Security Department; U.S. Customs and Border Protection,2026-06-24,2026-07-24,,https://www.federalregister.gov/documents/2026/06/24/2026-12669/indefinite-suspension-of-the-de-minimis-exemption-for-mail-shipments-and-new-postal-informal-entry
2026-12654,drug,Health Care,Schedules of Controlled Substances: Temporary Placement of O-Desmethyltramadol in Schedule I,Rule,Justice Department; Drug Enforcement Administration,2026-06-24,,,https://www.federalregister.gov/documents/2026/06/24/2026-12654/schedules-of-controlled-substances-temporary-placement-of-o-desmethyltramadol-in-schedule-i
2026-12653,drug,Health Care,Schedules of Controlled Substances: Placement of Bromazolam in Schedule I; Correction,Rule,Justice Department; Drug Enforcement Administration,2026-06-24,2026-06-24,,https://www.federalregister.gov/documents/2026/06/24/2026-12653/schedules-of-controlled-substances-placement-of-bromazolam-in-schedule-i-correction
2026-12560,drug,Health Care,"Federal Acquisition Regulation: Revolutionary Federal Acquisition Regulation Overhaul Parts 6, 7, 10, 18, 26, 37, and 41",Proposed Rule,Management and Budget Office; Federal Procurement Policy Office; Defense Department; General Services Administration; National Aeronautics and Space Administration,2026-06-23,,,https://www.federalregister.gov/documents/2026/06/23/2026-12560/federal-acquisition-regulation-revolutionary-federal-acquisition-regulation-overhaul-parts-6-7-10-18
2026-12559,drug,Health Care,"Federal Acquisition Regulation: Revolutionary Federal Acquisition Regulation Overhaul Parts 1, 2, 4, 33, 39, 40, and 53",Proposed Rule,Management and Budget Office; Federal Procurement Policy Office; Defense Department; General Services Administration; National Aeronautics and Space Administration,2026-06-23,,,https://www.federalregister.gov/documents/2026/06/23/2026-12559/federal-acquisition-regulation-revolutionary-federal-acquisition-regulation-overhaul-parts-1-2-4-33
2026-12460,drug,Health Care,Permitted Payment Stablecoin Issuer Customer Identification Program,Proposed Rule,Treasury Department; Financial Crimes Enforcement Network,2026-06-22,,,https://www.federalregister.gov/documents/2026/06/22/2026-12460/permitted-payment-stablecoin-issuer-customer-identification-program
2026-12449,drug,Health Care,Removal of Self-Reporting Requirement,Rule,Transportation Department; Federal Motor Carrier Safety Administration,2026-06-22,2026-07-22,False,https://www.federalregister.gov/documents/2026/06/22/2026-12449/removal-of-self-reporting-requirement
2026-12445,drug,Health Care,Medical Devices; Gastroenterology-Urology Devices; Classification of the Endoscopic Traction Device,Rule,Health and Human Services Department; Food and Drug Administration,2026-06-22,2026-06-22,,https://www.federalregister.gov/documents/2026/06/22/2026-12445/medical-devices-gastroenterology-urology-devices-classification-of-the-endoscopic-traction-device
2026-12444,drug,Health Care,Medical Devices; Gastroenterology-Urology Devices; Classification of the Endoscopic Light-Projecting Measuring Device,Rule,Health and Human Services Department; Food and Drug Administration,2026-06-22,2026-06-22,,https://www.federalregister.gov/documents/2026/06/22/2026-12444/medical-devices-gastroenterology-urology-devices-classification-of-the-endoscopic-light-projecting
2026-12443,drug,Health Care,Medical Devices; Immunology and Microbiology Devices; Classification of the Simple In Vitro Diagnostic Device for the Detection of Secreted Proteins From Bacillus Species (spp.) in Human Clinical Samples,Rule,Health and Human Services Department; Food and Drug Administration,2026-06-22,2026-06-22,,https://www.federalregister.gov/documents/2026/06/22/2026-12443/medical-devices-immunology-and-microbiology-devices-classification-of-the-simple-in-vitro-diagnostic
2026-12426,drug,Health Care,EPCRA Hazardous Chemical Inventory Reporting Requirements: Conformity With the 2024 OSHA Hazard Communication Standard,Rule,Environmental Protection Agency,2026-06-22,2026-08-21,False,https://www.federalregister.gov/documents/2026/06/22/2026-12426/epcra-hazardous-chemical-inventory-reporting-requirements-conformity-with-the-2024-osha-hazard
2026-12417,drug,Health Care,Receipt of Pesticide Petitions Filed for Residues of Pesticide Chemicals in or on Various Commodities-March 2026,Proposed Rule,Environmental Protection Agency,2026-06-22,,,https://www.federalregister.gov/documents/2026/06/22/2026-12417/receipt-of-pesticide-petitions-filed-for-residues-of-pesticide-chemicals-in-or-on-various
2026-12344,drug,Health Care,Request for Information (RFI): Pharmacy Benefit Manager Compensation and Data Collection,Proposed Rule,Health and Human Services Department; Centers for Medicare & Medicaid Services,2026-06-18,,,https://www.federalregister.gov/documents/2026/06/18/2026-12344/request-for-information-rfi-pharmacy-benefit-manager-compensation-and-data-collection
2026-12272,drug,Health Care,"Resin Acids, Esters With Glycerol in Pesticide Formulations; Exemption From the Requirement for a Tolerance",Rule,Environmental Protection Agency,2026-06-18,2026-06-18,,https://www.federalregister.gov/documents/2026/06/18/2026-12272/resin-acids-esters-with-glycerol-in-pesticide-formulations-exemption-from-the-requirement-for-a
2026-12166,drug,Health Care,Medical Devices; Radiology Devices; Classification of the Radiological Machine Learning-Based Quantitative Imaging Software With Predetermined Change Control Plan,Rule,Health and Human Services Department; Food and Drug Administration,2026-06-17,2026-06-17,,https://www.federalregister.gov/documents/2026/06/17/2026-12166/medical-devices-radiology-devices-classification-of-the-radiological-machine-learning-based
2026-12165,drug,Health Care,Medical Devices; Gastroenterology-Urology Devices; Classification of the Ingestible Gastrointestinal Blood Detection Capsule,Rule,Health and Human Services Department; Food and Drug Administration,2026-06-17,2026-06-17,,https://www.federalregister.gov/documents/2026/06/17/2026-12165/medical-devices-gastroenterology-urology-devices-classification-of-the-ingestible-gastrointestinal
2026-12059,drug,Health Care,Medicare Drug Price Negotiation Program and Medicare Prescription Drug Benefit Program,Proposed Rule,Health and Human Services Department; Centers for Medicare & Medicaid Services,2026-06-16,,,https://www.federalregister.gov/documents/2026/06/16/2026-12059/medicare-drug-price-negotiation-program-and-medicare-prescription-drug-benefit-program
2026-11998,drug,Health Care,Amendment and Revocation of Organizational Information Regulations,Rule,Health and Human Services Department; Food and Drug Administration,2026-06-15,2026-06-15,,https://www.federalregister.gov/documents/2026/06/15/2026-11998/amendment-and-revocation-of-organizational-information-regulations
2026-11994,drug,Health Care,Request for Information; Comprehensive Review of the Essential Health Benefits Framework and Typical Employer Plan Standard,Proposed Rule,Health and Human Services Department,2026-06-15,,,https://www.federalregister.gov/documents/2026/06/15/2026-11994/request-for-information-comprehensive-review-of-the-essential-health-benefits-framework-and-typical
2026-11942,drug,Health Care,Receipt of Pesticide Petitions Filed for Residues of Pesticide Chemicals in or on Various Commodities-February 2026,Proposed Rule,Environmental Protection Agency,2026-06-15,,,https://www.federalregister.gov/documents/2026/06/15/2026-11942/receipt-of-pesticide-petitions-filed-for-residues-of-pesticide-chemicals-in-or-on-various
2026-11941,drug,Health Care,Sodium Nitrate in Pesticide Formulations; Exemption From the Requirement of a Tolerance,Rule,Environmental Protection Agency,2026-06-15,2026-06-15,,https://www.federalregister.gov/documents/2026/06/15/2026-11941/sodium-nitrate-in-pesticide-formulations-exemption-from-the-requirement-of-a-tolerance
2026-11940,drug,Health Care,Pydiflumetofen; Pesticide Tolerances,Rule,Environmental Protection Agency,2026-06-15,2026-06-15,,https://www.federalregister.gov/documents/2026/06/15/2026-11940/pydiflumetofen-pesticide-tolerances
2026-11844,drug,Health Care,Receipt of Pesticide Petitions Filed for Residues of Pesticide Chemicals in or on Various Commodities-January 2026,Proposed Rule,Environmental Protection Agency,2026-06-12,,,https://www.federalregister.gov/documents/2026/06/12/2026-11844/receipt-of-pesticide-petitions-filed-for-residues-of-pesticide-chemicals-in-or-on-various
2026-11770,drug,Health Care,Uniform Procedures for State Highway Safety Grant Programs,Rule,Transportation Department; National Highway Traffic Safety Administration,2026-06-11,2026-07-13,False,https://www.federalregister.gov/documents/2026/06/11/2026-11770/uniform-procedures-for-state-highway-safety-grant-programs
2026-11761,drug,Health Care,Publication of the List of Medical Devices Requiring Specific Authorization for the North Korea Sanctions Regulations,Rule,Treasury Department; Foreign Assets Control Office,2026-06-11,2026-06-11,,https://www.federalregister.gov/documents/2026/06/11/2026-11761/publication-of-the-list-of-medical-devices-requiring-specific-authorization-for-the-north-korea
2026-11740,drug,Health Care,Medical Devices; Immunology and Microbiology Devices; Classification of the Spinal Muscular Atrophy Newborn Screening Test System,Rule,Health and Human Services Department; Food and Drug Administration,2026-06-11,2026-06-11,,https://www.federalregister.gov/documents/2026/06/11/2026-11740/medical-devices-immunology-and-microbiology-devices-classification-of-the-spinal-muscular-atrophy
2026-11739,drug,Health Care,Medical Devices; Immunology and Microbiology Devices; Classification of the Simple Point-of-Care Device to Directly Detect SARS-CoV-2 Viral Targets From Clinical Specimens in Near-Patient Settings,Rule,Health and Human Services Department; Food and Drug Administration,2026-06-11,2026-06-11,,https://www.federalregister.gov/documents/2026/06/11/2026-11739/medical-devices-immunology-and-microbiology-devices-classification-of-the-simple-point-of-care
2026-11589,drug,Health Care,"Medical Devices; Ear, Nose, and Throat Devices; Classification of the Combined Acoustic and Electrical External Stimulation Device for the Relief of Tinnitus",Rule,Health and Human Services Department; Food and Drug Administration,2026-06-10,2026-06-10,,https://www.federalregister.gov/documents/2026/06/10/2026-11589/medical-devices-ear-nose-and-throat-devices-classification-of-the-combined-acoustic-and-electrical
2026-11531,drug,Health Care,Reducing Bureaucracy and Burden for Community Services Programs,Rule,Health and Human Services Department; Children and Families Administration,2026-06-09,2026-08-10,,https://www.federalregister.gov/documents/2026/06/09/2026-11531/reducing-bureaucracy-and-burden-for-community-services-programs
2026-11526,drug,Health Care,Implementation of the Substance Use-Disorder Prevention That Promotes Opioid Recovery and Treatment for Patients and Communities Act of 2018: Dispensing and Administering Controlled Substances for Medication-Assisted Treatment,Rule,Justice Department; Drug Enforcement Administration,2026-06-09,2026-07-09,True,https://www.federalregister.gov/documents/2026/06/09/2026-11526/implementation-of-the-substance-use-disorder-prevention-that-promotes-opioid-recovery-and-treatment
2026-11308,drug,Health Care,Medical Devices; Orthopedic Devices; Classification of the Resorbable Calcium Salt Bone Void Filler Containing a Single Approved Aminoglycoside Antibacterial,Rule,Health and Human Services Department; Food and Drug Administration,2026-06-05,2026-06-05,,https://www.federalregister.gov/documents/2026/06/05/2026-11308/medical-devices-orthopedic-devices-classification-of-the-resorbable-calcium-salt-bone-void-filler
2026-11306,drug,Health Care,Medical Devices; Orthopedic Devices; Classification of the Shoulder Joint Humeral (Hemi-Shoulder) Ceramic Head/Metallic Stem Cemented or Uncemented Prosthesis,Rule,Health and Human Services Department; Food and Drug Administration,2026-06-05,2026-06-05,,https://www.federalregister.gov/documents/2026/06/05/2026-11306/medical-devices-orthopedic-devices-classification-of-the-shoulder-joint-humeral-hemi-shoulder
2026-11302,drug,Health Care,Medical Devices; Orthopedic Devices; Classification of the Absorbable Metallic Bone Fixation Fastener,Rule,Health and Human Services Department; Food and Drug Administration,2026-06-05,2026-06-05,,https://www.federalregister.gov/documents/2026/06/05/2026-11302/medical-devices-orthopedic-devices-classification-of-the-absorbable-metallic-bone-fixation-fastener
2026-11285,drug,Health Care,Clarification of Discretionary Employment Authorization for Certain Aliens,Proposed Rule,Homeland Security Department,2026-06-05,,True,https://www.federalregister.gov/documents/2026/06/05/2026-11285/clarification-of-discretionary-employment-authorization-for-certain-aliens
2026-11140,drug,Health Care,Federal Independent Dispute Resolution Operations,Rule,Personnel Management Office; Treasury Department; Internal Revenue Service; Labor Department; Employee Benefits Security Administration; Health and Human Services Department,2026-06-04,2026-08-03,True,https://www.federalregister.gov/documents/2026/06/04/2026-11140/federal-independent-dispute-resolution-operations
2026-11104,drug,Health Care,New Animal Drugs; Approval of New Animal Drug Applications; Withdrawal of Approval of New Animal Drug Applications; Change of Sponsor; Change of Sponsor Address; Correction,Rule,Health and Human Services Department; Food and Drug Administration,2026-06-03,2026-06-03,,https://www.federalregister.gov/documents/2026/06/03/2026-11104/new-animal-drugs-approval-of-new-animal-drug-applications-withdrawal-of-approval-of-new-animal-drug
2026-11094,drug,Health Care,Medicaid Program; Community Engagement Requirement for Certain Individuals,Rule,Health and Human Services Department; Centers for Medicare & Medicaid Services,2026-06-03,2026-07-31,,https://www.federalregister.gov/documents/2026/06/03/2026-11094/medicaid-program-community-engagement-requirement-for-certain-individuals
2026-10908,drug,Health Care,Medical Devices; General Hospital and Personal Use Devices; Classification of the Rigid Sterilization Container With Electronic Monitoring,Rule,Health and Human Services Department; Food and Drug Administration,2026-06-01,2026-06-01,,https://www.federalregister.gov/documents/2026/06/01/2026-10908/medical-devices-general-hospital-and-personal-use-devices-classification-of-the-rigid-sterilization
2026-10907,drug,Health Care,Medical Devices; Anesthesiology Devices; Classification of the Real-Time Ultrasound Anatomy Visualization and Labeling Device for Ultrasound Guided Regional Anesthesia,Rule,Health and Human Services Department; Food and Drug Administration,2026-06-01,2026-06-01,,https://www.federalregister.gov/documents/2026/06/01/2026-10907/medical-devices-anesthesiology-devices-classification-of-the-real-time-ultrasound-anatomy
2026-10905,drug,Health Care,Medical Devices; Anesthesiology Devices; Classification of the Adjunctive Pain Measurement Device for Anesthesiology,Rule,Health and Human Services Department; Food and Drug Administration,2026-06-01,2026-06-01,,https://www.federalregister.gov/documents/2026/06/01/2026-10905/medical-devices-anesthesiology-devices-classification-of-the-adjunctive-pain-measurement-device-for
2026-10904,drug,Health Care,Medical Devices; Gastroenterology-Urology Devices; Classification of the Orally Ingested Transient Device for Constipation,Rule,Health and Human Services Department; Food and Drug Administration,2026-06-01,2026-06-01,,https://www.federalregister.gov/documents/2026/06/01/2026-10904/medical-devices-gastroenterology-urology-devices-classification-of-the-orally-ingested-transient
2026-10899,drug,Health Care,Medical Devices; Dental Devices; Classification of the Intraoral Cooling Device,Rule,Health and Human Services Department; Food and Drug Administration,2026-06-01,2026-06-01,,https://www.federalregister.gov/documents/2026/06/01/2026-10899/medical-devices-dental-devices-classification-of-the-intraoral-cooling-device
2026-10898,drug,Health Care,Medical Devices; Hematology and Pathology Devices; Classification of the Von Willebrand Factor Assay,Rule,Health and Human Services Department; Food and Drug Administration,2026-06-01,2026-06-01,,https://www.federalregister.gov/documents/2026/06/01/2026-10898/medical-devices-hematology-and-pathology-devices-classification-of-the-von-willebrand-factor-assay
2026-10894,drug,Health Care,"Medical Devices; Ear, Nose, and Throat Devices; Classification of the Oropharyngeal Electrical Stimulator",Rule,Health and Human Services Department; Food and Drug Administration,2026-06-01,2026-06-01,,https://www.federalregister.gov/documents/2026/06/01/2026-10894/medical-devices-ear-nose-and-throat-devices-classification-of-the-oropharyngeal-electrical
2026-10817,drug,Health Care,Regulation for Federal Financial Assistance,Proposed Rule,Management and Budget Office; Health and Human Services Department; Agriculture Department; State Department; Agency for International Development; Veterans Affairs Department; Energy Department; Treasury Department; Defense Department; Transportation Department; Commerce Department; Interior Department; Environmental Protection Agency; U.S. International Development Finance Corporation; National Aeronautics and Space Administration; United States Agency for Global Media; Nuclear Regulatory Commission; Corporation for National and Community Service; Social Security Administration; Housing and Urban Development Department; National Science Foundation; National Archives and Records Administration; Small Business Administration; Justice Department; Labor Department; Homeland Security Department; National Foundation on the Arts and the Humanities; Institute of Museum and Library Services; National Foundation on the Arts and the Humanities; National Endowment for the Arts; National Foundation on the Arts and the Humanities; National Endowment for the Humanities; Education Department; Export-Import Bank; Executive Office of the President; Office of National Drug Control Policy; Peace Corps; Election Assistance Commission; Gulf Coast Ecosystem Restoration Council; Federal Communications Commission; Consumer Product Safety Commission; Delta Regional Authority; Appraisal Subcommittee of the Federal Financial Institutions Examination Council; Marine Mammal Commission; Millennium Challenge Corporation; National Credit Union Administration,2026-05-29,,False,https://www.federalregister.gov/documents/2026/05/29/2026-10817/regulation-for-federal-financial-assistance
2026-10729,drug,Health Care,Zero-Based Regulating,Proposed Rule,Energy Department,2026-05-29,,True,https://www.federalregister.gov/documents/2026/05/29/2026-10729/zero-based-regulating
2026-10727,drug,Health Care,Zero-Based Regulating,Rule,Energy Department,2026-05-29,2026-07-13,True,https://www.federalregister.gov/documents/2026/05/29/2026-10727/zero-based-regulating
2026-10711,drug,Health Care,Propylene Oxide; Pesticide Tolerances,Rule,Environmental Protection Agency,2026-05-29,2026-05-29,,https://www.federalregister.gov/documents/2026/05/29/2026-10711/propylene-oxide-pesticide-tolerances
2026-10709,drug,Health Care,"Bacillus Thuringiensis Cry1B.34.1, Bacillus Thuringiensis Cry1B.61.1 and Adiantum Trapeziforme var. Braziliense IPD083Cb Proteins; Pesticide Tolerances",Rule,Environmental Protection Agency,2026-05-29,2026-05-29,,https://www.federalregister.gov/documents/2026/05/29/2026-10709/bacillus-thuringiensis-cry1b341-bacillus-thuringiensis-cry1b611-and-adiantum-trapeziforme-var
2026-10675,drug,Health Care,Medical Devices; Neurological Devices; Classification of the Transcutaneous Electrical Nerve Stimulator To Treat Fibromyalgia Symptoms,Rule,Health and Human Services Department; Food and Drug Administration,2026-05-29,2026-05-29,,https://www.federalregister.gov/documents/2026/05/29/2026-10675/medical-devices-neurological-devices-classification-of-the-transcutaneous-electrical-nerve
2026-10621,drug,Health Care,Medical Devices; Gastroenterology-Urology Devices; Classification of the Endoscopic Suturing Device for Altering Gastric Anatomy for Weight Loss,Rule,Health and Human Services Department; Food and Drug Administration,2026-05-28,2026-05-28,,https://www.federalregister.gov/documents/2026/05/28/2026-10621/medical-devices-gastroenterology-urology-devices-classification-of-the-endoscopic-suturing-device
2026-10615,drug,Health Care,"Food Additive Petition From Environmental Defense Fund, et al.; Request To Amend the Food Additive Regulations To Remove the Solvents Benzene, Ethylene Dichloride, Methylene Chloride, and Trichloroethylene; Reopening of the Comment Period",Proposed Rule,Health and Human Services Department; Food and Drug Administration,2026-05-28,,,https://www.federalregister.gov/documents/2026/05/28/2026-10615/food-additive-petition-from-environmental-defense-fund-et-al-request-to-amend-the-food-additive
2026-10614,drug,Health Care,"Color Additive Petition from Environmental Defense Fund, et al.; Request To Amend the Color Additive Regulations To Remove the Solvents Ethylene Dichloride, Methylene Chloride, and Trichloroethylene; Reopening of the Comment Period",Proposed Rule,Health and Human Services Department; Food and Drug Administration,2026-05-28,,,https://www.federalregister.gov/documents/2026/05/28/2026-10614/color-additive-petition-from-environmental-defense-fund-et-al-request-to-amend-the-color-additive
2026-10388,drug,Health Care,Phasedown of Hydrofluorocarbons: Excluding Road and Intermodal Container Transport Refrigeration Units From the Hydrofluorocarbon Leak Repair Requirements,Proposed Rule,Environmental Protection Agency,2026-05-26,,,https://www.federalregister.gov/documents/2026/05/26/2026-10388/phasedown-of-hydrofluorocarbons-excluding-road-and-intermodal-container-transport-refrigeration
2026-10387,drug,Health Care,Phasedown of Hydrofluorocarbons: Reconsideration of Certain Regulatory Requirements Promulgated Under the Technology Transitions Provisions of the American Innovation and Manufacturing Act of 2020,Rule,Environmental Protection Agency,2026-05-26,2026-07-27,True,https://www.federalregister.gov/documents/2026/05/26/2026-10387/phasedown-of-hydrofluorocarbons-reconsideration-of-certain-regulatory-requirements-promulgated-under
2026-10380,drug,Health Care,Schedules of Controlled Substances: Placement of Diphenidine in Schedule I,Proposed Rule,Justice Department; Drug Enforcement Administration,2026-05-26,,,https://www.federalregister.gov/documents/2026/05/26/2026-10380/schedules-of-controlled-substances-placement-of-diphenidine-in-schedule-i
2026-10379,drug,Health Care,Schedules of Controlled Substances; Removal of Exemption Status for Inactive Butalbital Products,Proposed Rule,Justice Department; Drug Enforcement Administration,2026-05-26,,,https://www.federalregister.gov/documents/2026/05/26/2026-10379/schedules-of-controlled-substances-removal-of-exemption-status-for-inactive-butalbital-products
2026-10292,drug,Health Care,Medicaid Program; Medicaid Managed Care State Directed Payments and Medicaid Fee-for-Service Targeted Medicaid Practitioner Payments,Proposed Rule,Health and Human Services Department; Centers for Medicare & Medicaid Services,2026-05-22,,True,https://www.federalregister.gov/documents/2026/05/22/2026-10292/medicaid-program-medicaid-managed-care-state-directed-payments-and-medicaid-fee-for-service-targeted
2026-13673,bank,Financials,Energy Conservation Program: Review of DOE's Analytic Methods for Setting Energy Conservation Standards,Proposed Rule,Energy Department,2026-07-07,,,https://www.federalregister.gov/documents/2026/07/07/2026-13673/energy-conservation-program-review-of-does-analytic-methods-for-setting-energy-conservation
2026-13666,bank,Financials,International Fisheries; Pacific Tuna Fisheries; Conservation and Management Measures for Tropical Tunas in the Eastern Pacific Ocean for 2026 and Beyond,Rule,Commerce Department; National Oceanic and Atmospheric Administration,2026-07-07,2026-07-07,,https://www.federalregister.gov/documents/2026/07/07/2026-13666/international-fisheries-pacific-tuna-fisheries-conservation-and-management-measures-for-tropical
2026-13656,bank,Financials,Medicare Program: Hospital Outpatient Prospective Payment and Ambulatory Surgical Center Payment Systems; and Quality Reporting Programs; Including the Hospital Outpatient Quality Reporting Program and Ambulatory Surgical Center Quality Program; Request for Information on Strengthening the Standardization and Comparability of Hospital Price Transparency (HPT) Data; Prior Authorization; Accrediting Organization (AO) Deeming for Emergency Medical Treatment and Labor Act (EMTALA); and Notices of Closure of Teaching Hospitals and Opportunities To Apply for Available Slots,Proposed Rule,Health and Human Services Department; Centers for Medicare & Medicaid Services,2026-07-07,,,https://www.federalregister.gov/documents/2026/07/07/2026-13656/medicare-program-hospital-outpatient-prospective-payment-and-ambulatory-surgical-center-payment
2026-13609,bank,Financials,"Counter-UAS Authority for State, Local, Tribal, and Territorial Law Enforcement and Correctional Agencies",Rule,Homeland Security Department; Justice Department,2026-07-06,2026-07-01,,https://www.federalregister.gov/documents/2026/07/06/2026-13609/counter-uas-authority-for-state-local-tribal-and-territorial-law-enforcement-and-correctional
2026-13602,bank,Financials,"Calendar Year 2027 Home Health Prospective Payment System (HH PPS) Rate Update; Requirements for the HH Quality Reporting Program and the Expanded HH Value-Based Purchasing Model; Medicare Provider Enrollment, Durable Medical Equipment (DME), and DME, Prosthetics, Orthotics, and Supplies (DMEPOS) Policies",Proposed Rule,Health and Human Services Department; Centers for Medicare & Medicaid Services,2026-07-06,,,https://www.federalregister.gov/documents/2026/07/06/2026-13602/calendar-year-2027-home-health-prospective-payment-system-hh-pps-rate-update-requirements-for-the-hh
2026-13392,bank,Financials,EB-5 Reform and Integrity Act of 2022; Ensuring the Integrity of the EB-5 Program; Automatic Revocation of Petitions for Immigrant Classification,Proposed Rule,Homeland Security Department,2026-07-02,,True,https://www.federalregister.gov/documents/2026/07/02/2026-13392/eb-5-reform-and-integrity-act-of-2022-ensuring-the-integrity-of-the-eb-5-program-automatic
2026-13263,bank,Financials,Revisions To Establish the Sixth Unregulated Contaminant Monitoring Rule (UCMR 6) for Public Water Systems,Proposed Rule,Environmental Protection Agency,2026-07-01,,True,https://www.federalregister.gov/documents/2026/07/01/2026-13263/revisions-to-establish-the-sixth-unregulated-contaminant-monitoring-rule-ucmr-6-for-public-water
2026-13192,bank,Financials,"Assessments Thresholds, Rate Schedules, and Adjustments",Proposed Rule,Federal Deposit Insurance Corporation,2026-06-30,,,https://www.federalregister.gov/documents/2026/06/30/2026-13192/assessments-thresholds-rate-schedules-and-adjustments
2026-13191,bank,Financials,Resolution Submissions Required for Covered Insured Depository Institutions,Proposed Rule,Federal Deposit Insurance Corporation,2026-06-30,,,https://www.federalregister.gov/documents/2026/06/30/2026-13191/resolution-submissions-required-for-covered-insured-depository-institutions
2026-13182,bank,Financials,Joint Request for Comment on Further Implementation of Portfolio Margining and Cross-Margining of Securities and Derivatives,Proposed Rule,Commodity Futures Trading Commission; Securities and Exchange Commission,2026-06-30,,,https://www.federalregister.gov/documents/2026/06/30/2026-13182/joint-request-for-comment-on-further-implementation-of-portfolio-margining-and-cross-margining-of
2026-13153,bank,Financials,Magnuson-Stevens Fishery Conservation and Management Act Provisions; Fisheries of the Northeastern United States; Northeast Multispecies Fishery; Amendment 25 (Revised),Rule,Commerce Department; National Oceanic and Atmospheric Administration,2026-06-30,2026-06-30,,https://www.federalregister.gov/documents/2026/06/30/2026-13153/magnuson-stevens-fishery-conservation-and-management-act-provisions-fisheries-of-the-northeastern
2026-13133,bank,Financials,"Federal Oil, Gas, and Coal Amendments",Proposed Rule,Interior Department; Natural Resources Revenue Office,2026-06-30,,,https://www.federalregister.gov/documents/2026/06/30/2026-13133/federal-oil-gas-and-coal-amendments
2026-13123,bank,Financials,Disclosure of Information,Proposed Rule,Federal Deposit Insurance Corporation,2026-06-30,,,https://www.federalregister.gov/documents/2026/06/30/2026-13123/disclosure-of-information
2026-13076,bank,Financials,Endangered and Threatened Wildlife and Plants; 12-Month Finding and Proposed Rule To Revise Critical Habitat Designation for Southern California Steelhead,Proposed Rule,Commerce Department; National Oceanic and Atmospheric Administration,2026-06-29,,,https://www.federalregister.gov/documents/2026/06/29/2026-13076/endangered-and-threatened-wildlife-and-plants-12-month-finding-and-proposed-rule-to-revise-critical
2026-13057,bank,Financials,Alien Registration Form and Evidence of Registration,Rule,Homeland Security Department,2026-06-29,2026-06-29,True,https://www.federalregister.gov/documents/2026/06/29/2026-13057/alien-registration-form-and-evidence-of-registration
2026-12989,bank,Financials,Modernizing Security Requirements,Proposed Rule,Nuclear Regulatory Commission,2026-06-26,,,https://www.federalregister.gov/documents/2026/06/26/2026-12989/modernizing-security-requirements
2026-12856,bank,Financials,Prohibition on the Use of Reputation Risk,Rule,National Credit Union Administration,2026-06-25,2026-07-27,,https://www.federalregister.gov/documents/2026/06/25/2026-12856/prohibition-on-the-use-of-reputation-risk
2026-12794,bank,Financials,"Definition of Huione Group, a Financial Institution Operating Outside the United States of Primary Money Laundering Concern",Proposed Rule,Treasury Department; Financial Crimes Enforcement Network,2026-06-25,,,https://www.federalregister.gov/documents/2026/06/25/2026-12794/definition-of-huione-group-a-financial-institution-operating-outside-the-united-states-of-primary
2026-12787,bank,Financials,Financial Data Transparency Act Joint Data Standards,Rule,Treasury Department; Comptroller of the Currency; Federal Reserve System; Federal Deposit Insurance Corporation; National Credit Union Administration; Consumer Financial Protection Bureau; Federal Housing Finance Agency; Commodity Futures Trading Commission; Securities and Exchange Commission; Treasury Department,2026-06-25,2026-10-01,True,https://www.federalregister.gov/documents/2026/06/25/2026-12787/financial-data-transparency-act-joint-data-standards
2026-12750,bank,Financials,Enterprise Duty To Serve Underserved Markets,Proposed Rule,Federal Housing Finance Agency,2026-06-24,,,https://www.federalregister.gov/documents/2026/06/24/2026-12750/enterprise-duty-to-serve-underserved-markets
2026-12734,bank,Financials,Oil and Gas Leasing,Proposed Rule,Interior Department; Land Management Bureau,2026-06-24,,True,https://www.federalregister.gov/documents/2026/06/24/2026-12734/oil-and-gas-leasing
2026-12692,bank,Financials,Permitted Payment Stablecoin Issuer Anti-Money Laundering/Countering the Financing of Terrorism and Sanctions Compliance Risk Management,Proposed Rule,Treasury Department; Comptroller of the Currency,2026-06-24,,,https://www.federalregister.gov/documents/2026/06/24/2026-12692/permitted-payment-stablecoin-issuer-anti-money-launderingcountering-the-financing-of-terrorism-and
2026-12566,bank,Financials,Magnuson-Stevens Act Provisions; Fisheries off West Coast States; Pacific Coast Groundfish Fishery; Cordell Bank Groundfish Conservation Area Revisions,Rule,Commerce Department; National Oceanic and Atmospheric Administration,2026-06-23,2026-06-23,False,https://www.federalregister.gov/documents/2026/06/23/2026-12566/magnuson-stevens-act-provisions-fisheries-off-west-coast-states-pacific-coast-groundfish-fishery
2026-12560,bank,Financials,"Federal Acquisition Regulation: Revolutionary Federal Acquisition Regulation Overhaul Parts 6, 7, 10, 18, 26, 37, and 41",Proposed Rule,Management and Budget Office; Federal Procurement Policy Office; Defense Department; General Services Administration; National Aeronautics and Space Administration,2026-06-23,,,https://www.federalregister.gov/documents/2026/06/23/2026-12560/federal-acquisition-regulation-revolutionary-federal-acquisition-regulation-overhaul-parts-6-7-10-18
2026-12559,bank,Financials,"Federal Acquisition Regulation: Revolutionary Federal Acquisition Regulation Overhaul Parts 1, 2, 4, 33, 39, 40, and 53",Proposed Rule,Management and Budget Office; Federal Procurement Policy Office; Defense Department; General Services Administration; National Aeronautics and Space Administration,2026-06-23,,,https://www.federalregister.gov/documents/2026/06/23/2026-12559/federal-acquisition-regulation-revolutionary-federal-acquisition-regulation-overhaul-parts-1-2-4-33
2026-12542,bank,Financials,Naturalization Application Fee Adjustments,Proposed Rule,Homeland Security Department,2026-06-23,,,https://www.federalregister.gov/documents/2026/06/23/2026-12542/naturalization-application-fee-adjustments
2026-12460,bank,Financials,Permitted Payment Stablecoin Issuer Customer Identification Program,Proposed Rule,Treasury Department; Financial Crimes Enforcement Network,2026-06-22,,,https://www.federalregister.gov/documents/2026/06/22/2026-12460/permitted-payment-stablecoin-issuer-customer-identification-program
2026-12337,bank,Financials,Request for Information: Identifying Regulations To Facilitate Innovation and Competition to Financial Products and Services for Fintech Firms,Proposed Rule,Commodity Futures Trading Commission,2026-06-18,,,https://www.federalregister.gov/documents/2026/06/18/2026-12337/request-for-information-identifying-regulations-to-facilitate-innovation-and-competition-to
2026-12170,bank,Financials,Special Local Regulation; Marine Events Within the Captain of the Port Zone Columbia River,Rule,Homeland Security Department; Coast Guard,2026-06-17,2026-07-17,False,https://www.federalregister.gov/documents/2026/06/17/2026-12170/special-local-regulation-marine-events-within-the-captain-of-the-port-zone-columbia-river
2026-12163,bank,Financials,The Trade-Through Rule and Locked and Crossed Markets Provisions of Regulation NMS,Proposed Rule,Securities and Exchange Commission,2026-06-17,,True,https://www.federalregister.gov/documents/2026/06/17/2026-12163/the-trade-through-rule-and-locked-and-crossed-markets-provisions-of-regulation-nms
2026-12148,bank,Financials,Proposed Rule for Privacy Act Exemptions,Proposed Rule,Treasury Department,2026-06-17,,,https://www.federalregister.gov/documents/2026/06/17/2026-12148/proposed-rule-for-privacy-act-exemptions
2026-12100,bank,Financials,Technical Amendments: Special Financial Assistance,Proposed Rule,Pension Benefit Guaranty Corporation,2026-06-16,,False,https://www.federalregister.gov/documents/2026/06/16/2026-12100/technical-amendments-special-financial-assistance
2026-12058,bank,Financials,Records Preservation Program and Appendices-Record Retention Guidelines; Catastrophic Act Preparedness Guidelines,Rule,National Credit Union Administration,2026-06-16,2026-07-16,False,https://www.federalregister.gov/documents/2026/06/16/2026-12058/records-preservation-program-and-appendices-record-retention-guidelines-catastrophic-act
2026-11971,bank,Financials,Energy Conservation Program: Energy Conservation Standards for Distribution Transformers,Proposed Rule,Energy Department,2026-06-15,,,https://www.federalregister.gov/documents/2026/06/15/2026-11971/energy-conservation-program-energy-conservation-standards-for-distribution-transformers
2026-11692,bank,Financials,EOIR Fees,Rule,Justice Department; Executive Office for Immigration Review,2026-06-11,2026-06-11,,https://www.federalregister.gov/documents/2026/06/11/2026-11692/eoir-fees
2026-11559,bank,Financials,Preemption-Federal Credit Union Non-Interest Charges and Fees,Rule,National Credit Union Administration,2026-06-09,2026-06-30,,https://www.federalregister.gov/documents/2026/06/09/2026-11559/preemption-federal-credit-union-non-interest-charges-and-fees
2026-11466,bank,Financials,Rescission of Policy Relating to the Acceptance of Settlements in Administrative and Civil Proceedings,Rule,Commodity Futures Trading Commission,2026-06-08,2026-06-08,,https://www.federalregister.gov/documents/2026/06/08/2026-11466/rescission-of-policy-relating-to-the-acceptance-of-settlements-in-administrative-and-civil
2026-11342,bank,Financials,Bank Secrecy Act and Sanctions Compliance Standards for FDIC-Supervised Permitted Payment Stablecoin Issuers,Proposed Rule,Federal Deposit Insurance Corporation,2026-06-05,,,https://www.federalregister.gov/documents/2026/06/05/2026-11342/bank-secrecy-act-and-sanctions-compliance-standards-for-fdic-supervised-permitted-payment-stablecoin
2026-11285,bank,Financials,Clarification of Discretionary Employment Authorization for Certain Aliens,Proposed Rule,Homeland Security Department,2026-06-05,,True,https://www.federalregister.gov/documents/2026/06/05/2026-11285/clarification-of-discretionary-employment-authorization-for-certain-aliens
2026-11140,bank,Financials,Federal Independent Dispute Resolution Operations,Rule,Personnel Management Office; Treasury Department; Internal Revenue Service; Labor Department; Employee Benefits Security Administration; Health and Human Services Department,2026-06-04,2026-08-03,True,https://www.federalregister.gov/documents/2026/06/04/2026-11140/federal-independent-dispute-resolution-operations
2026-11094,bank,Financials,Medicaid Program; Community Engagement Requirement for Certain Individuals,Rule,Health and Human Services Department; Centers for Medicare & Medicaid Services,2026-06-03,2026-07-31,,https://www.federalregister.gov/documents/2026/06/03/2026-11094/medicaid-program-community-engagement-requirement-for-certain-individuals
2026-11044,bank,Financials,Unsafe and Unsound Banking Practices: Brokered Deposits and Interest Rate Restrictions; Correction,Rule,Federal Deposit Insurance Corporation,2026-06-03,2026-06-03,False,https://www.federalregister.gov/documents/2026/06/03/2026-11044/unsafe-and-unsound-banking-practices-brokered-deposits-and-interest-rate-restrictions-correction
2026-10849,bank,Financials,Labor Organization Annual Financial Reports,Rule,Labor Department; Labor-Management Standards Office,2026-06-01,2026-07-01,True,https://www.federalregister.gov/documents/2026/06/01/2026-10849/labor-organization-annual-financial-reports
2026-10846,bank,Financials,Endangered and Threatened Wildlife and Plants; Designation of Critical Habitat for the Rusty Patched Bumble Bee,Rule,Interior Department; Fish and Wildlife Service,2026-06-01,2026-07-01,True,https://www.federalregister.gov/documents/2026/06/01/2026-10846/endangered-and-threatened-wildlife-and-plants-designation-of-critical-habitat-for-the-rusty-patched
2026-10817,bank,Financials,Regulation for Federal Financial Assistance,Proposed Rule,Management and Budget Office; Health and Human Services Department; Agriculture Department; State Department; Agency for International Development; Veterans Affairs Department; Energy Department; Treasury Department; Defense Department; Transportation Department; Commerce Department; Interior Department; Environmental Protection Agency; U.S. International Development Finance Corporation; National Aeronautics and Space Administration; United States Agency for Global Media; Nuclear Regulatory Commission; Corporation for National and Community Service; Social Security Administration; Housing and Urban Development Department; National Science Foundation; National Archives and Records Administration; Small Business Administration; Justice Department; Labor Department; Homeland Security Department; National Foundation on the Arts and the Humanities; Institute of Museum and Library Services; National Foundation on the Arts and the Humanities; National Endowment for the Arts; National Foundation on the Arts and the Humanities; National Endowment for the Humanities; Education Department; Export-Import Bank; Executive Office of the President; Office of National Drug Control Policy; Peace Corps; Election Assistance Commission; Gulf Coast Ecosystem Restoration Council; Federal Communications Commission; Consumer Product Safety Commission; Delta Regional Authority; Appraisal Subcommittee of the Federal Financial Institutions Examination Council; Marine Mammal Commission; Millennium Challenge Corporation; National Credit Union Administration,2026-05-29,,False,https://www.federalregister.gov/documents/2026/05/29/2026-10817/regulation-for-federal-financial-assistance
2026-10597,bank,Financials,Special Local Regulations; Marine Events Within the Sector Columbia River Captain of the Port Zone,Rule,Homeland Security Department; Coast Guard,2026-05-28,,,https://www.federalregister.gov/documents/2026/05/28/2026-10597/special-local-regulations-marine-events-within-the-sector-columbia-river-captain-of-the-port-zone
2026-10484,bank,Financials,Safety Zones; Annual Events in the Captain of the Port Eastern Great Lakes Zone,Proposed Rule,Homeland Security Department; Coast Guard,2026-05-27,,False,https://www.federalregister.gov/documents/2026/05/27/2026-10484/safety-zones-annual-events-in-the-captain-of-the-port-eastern-great-lakes-zone
2026-10465,bank,Financials,National Wildlife Refuge System; 2026-2027 Station-Specific Hunting and Sport Fishing Regulations,Proposed Rule,Interior Department; Fish and Wildlife Service,2026-05-27,,False,https://www.federalregister.gov/documents/2026/05/27/2026-10465/national-wildlife-refuge-system-2026-2027-station-specific-hunting-and-sport-fishing-regulations
2026-10377,bank,Financials,Regulation D: Reserve Requirements of Depository Institutions,Proposed Rule,Federal Reserve System,2026-05-26,,,https://www.federalregister.gov/documents/2026/05/26/2026-10377/regulation-d-reserve-requirements-of-depository-institutions
2026-10376,bank,Financials,Regulation A: Extensions of Credit by Federal Reserve Banks,Proposed Rule,Federal Reserve System,2026-05-26,,,https://www.federalregister.gov/documents/2026/05/26/2026-10376/regulation-a-extensions-of-credit-by-federal-reserve-banks
2026-10373,bank,Financials,Registered Offering Reform,Proposed Rule,Securities and Exchange Commission,2026-05-26,,True,https://www.federalregister.gov/documents/2026/05/26/2026-10373/registered-offering-reform
2026-10222,bank,Financials,Enhancement of Emerging Growth Company Accommodations and Simplification of Filer Status for Reporting Companies,Proposed Rule,Securities and Exchange Commission,2026-05-21,,True,https://www.federalregister.gov/documents/2026/05/21/2026-10222/enhancement-of-emerging-growth-company-accommodations-and-simplification-of-filer-status-for
2026-10096,bank,Financials,Atlantic Highly Migratory Species; Prohibit Retention of Mobulid Rays in Fisheries for Atlantic Highly Migratory Species,Rule,Commerce Department; National Oceanic and Atmospheric Administration,2026-05-20,2026-06-22,False,https://www.federalregister.gov/documents/2026/05/20/2026-10096/atlantic-highly-migratory-species-prohibit-retention-of-mobulid-rays-in-fisheries-for-atlantic
2026-10086,bank,Financials,Extending the Compliance Deadline for the PFOA and PFOS Maximum Contaminant Levels,Proposed Rule,Environmental Protection Agency,2026-05-20,,True,https://www.federalregister.gov/documents/2026/05/20/2026-10086/extending-the-compliance-deadline-for-the-pfoa-and-pfos-maximum-contaminant-levels
2026-10050,bank,Financials,"Patient Protection and Affordable Care Act, HHS Notice of Benefit and Payment Parameters for 2027; and Basic Health Program",Rule,Health and Human Services Department; Centers for Medicare & Medicaid Services; Office of the Secretary,2026-05-20,2026-07-20,True,https://www.federalregister.gov/documents/2026/05/20/2026-10050/patient-protection-and-affordable-care-act-hhs-notice-of-benefit-and-payment-parameters-for-2027-and
2026-10045,bank,Financials,Endangered and Threatened Wildlife and Plants; Reclassification of the Rough Popcornflower From Endangered to Threatened With a Section 4(d) Rule,Rule,Interior Department; Fish and Wildlife Service,2026-05-19,2026-06-18,False,https://www.federalregister.gov/documents/2026/05/19/2026-10045/endangered-and-threatened-wildlife-and-plants-reclassification-of-the-rough-popcornflower-from
2026-10037,bank,Financials,Preemption Determination: State Interest-on-Escrow Laws,Rule,Treasury Department; Comptroller of the Currency,2026-05-19,2026-06-18,,https://www.federalregister.gov/documents/2026/05/19/2026-10037/preemption-determination-state-interest-on-escrow-laws
2026-10036,bank,Financials,Real Estate Lending Escrow Accounts,Rule,Treasury Department,2026-05-19,2026-06-18,,https://www.federalregister.gov/documents/2026/05/19/2026-10036/real-estate-lending-escrow-accounts
2026-10013,bank,Financials,Accountability in Higher Education and Access Through Demand-Driven Workforce Pell: Pell Grant Exclusion Relating to Other Grant Aid; and Workforce Pell Grants,Rule,Education Department,2026-05-19,2026-07-20,,https://www.federalregister.gov/documents/2026/05/19/2026-10013/accountability-in-higher-education-and-access-through-demand-driven-workforce-pell-pell-grant
2026-09973,bank,Financials,Fisheries Off West Coast States; West Coast Salmon Fisheries; 2026 Specifications and Management Measures,Rule,Commerce Department; National Oceanic and Atmospheric Administration,2026-05-19,2026-05-16,,https://www.federalregister.gov/documents/2026/05/19/2026-09973/fisheries-off-west-coast-states-west-coast-salmon-fisheries-2026-specifications-and-management
2026-09915,bank,Financials,Implementing the Guiding and Establishing National Innovation for U.S. Stablecoins Act for the Issuance of Stablecoins by Entities Subject to the Jurisdiction of the National Credit Union Administration,Proposed Rule,National Credit Union Administration,2026-05-18,,,https://www.federalregister.gov/documents/2026/05/18/2026-09915/implementing-the-guiding-and-establishing-national-innovation-for-us-stablecoins-act-for-the
2026-09905,bank,Financials,"Revision of Tier 4 Criteria Pollutant Standards, Part 1: Amendments to Phase-In Schedule for Light-Duty and Medium-Duty Vehicles",Proposed Rule,Environmental Protection Agency,2026-05-18,,,https://www.federalregister.gov/documents/2026/05/18/2026-09905/revision-of-tier-4-criteria-pollutant-standards-part-1-amendments-to-phase-in-schedule-for
2026-09885,bank,Financials,"Marine Mammals; Incidental Take of Polar Bears in the Southern Beaufort Sea; Seismic Exploration Activities by SAExploration, Inc.",Proposed Rule,Interior Department; Fish and Wildlife Service,2026-05-18,,False,https://www.federalregister.gov/documents/2026/05/18/2026-09885/marine-mammals-incidental-take-of-polar-bears-in-the-southern-beaufort-sea-seismic-exploration
2026-09884,bank,Financials,"Takes of Marine Mammals Incidental to Specified Activities; Taking Marine Mammals Incidental to the Interstate Bridge Replacement Project on Interstate 5 between Portland, OR, and Vancouver, WA",Rule,Commerce Department; National Oceanic and Atmospheric Administration,2026-05-18,2027-09-15,False,https://www.federalregister.gov/documents/2026/05/18/2026-09884/takes-of-marine-mammals-incidental-to-specified-activities-taking-marine-mammals-incidental-to-the
2026-09693,bank,Financials,Order Granting Conditional Substituted Compliance in Connection With Certain Capital and Financial Reporting Requirements Applicable to a Nonbank Swap Dealer Domiciled in the French Republic and Subject to the European Union's Investment Firms Regulation and Investment Firms Directive,Rule,Commodity Futures Trading Commission,2026-05-14,,,https://www.federalregister.gov/documents/2026/05/14/2026-09693/order-granting-conditional-substituted-compliance-in-connection-with-certain-capital-and-financial
2026-09428,bank,Financials,Clearing Requirement Determination Under Section 2(h) of the Commodity Exchange Act for Interest Rate Swaps to Account for CAD and MXN Interest Rate Benchmark Transitions,Proposed Rule,Commodity Futures Trading Commission,2026-05-12,,,https://www.federalregister.gov/documents/2026/05/12/2026-09428/clearing-requirement-determination-under-section-2h-of-the-commodity-exchange-act-for-interest-rate
2026-09387,bank,Financials,"Revision of Regulations for Grazing Administration, Exclusive of Alaska",Proposed Rule,Interior Department; Office of the Secretary; Land Management Bureau,2026-05-12,2026-07-13,True,https://www.federalregister.gov/documents/2026/05/12/2026-09387/revision-of-regulations-for-grazing-administration-exclusive-of-alaska
2026-09193,bank,Financials,Review of the Commission's Assessment and Collection of Regulatory Fees for Fiscal Year 2026,Proposed Rule,Federal Communications Commission,2026-05-08,,,https://www.federalregister.gov/documents/2026/05/08/2026-09193/review-of-the-commissions-assessment-and-collection-of-regulatory-fees-for-fiscal-year-2026
2026-09182,bank,Financials,"Revising Firearms Transaction Record, “Form 4473”",Proposed Rule,"Justice Department; Alcohol, Tobacco, Firearms, and Explosives Bureau",2026-05-08,,,https://www.federalregister.gov/documents/2026/05/08/2026-09182/revising-firearms-transaction-record-form-4473
2026-09137,bank,Financials,Updated Staple Food Stocking Standards for Retailers in the Supplemental Nutrition Assistance Program,Rule,Agriculture Department; Food and Nutrition Service,2026-05-08,2026-07-07,True,https://www.federalregister.gov/documents/2026/05/08/2026-09137/updated-staple-food-stocking-standards-for-retailers-in-the-supplemental-nutrition-assistance
2026-09095,bank,Financials,Semiannual Reporting,Proposed Rule,Securities and Exchange Commission,2026-05-07,,,https://www.federalregister.gov/documents/2026/05/07/2026-09095/semiannual-reporting
2026-09088,bank,Financials,"Publication of Russian Harmful Foreign Activities Sanctions Regulations Web General Licenses 55E, 115C, 13P, and 131C",Rule,Treasury Department; Foreign Assets Control Office,2026-05-07,,,https://www.federalregister.gov/documents/2026/05/07/2026-09088/publication-of-russian-harmful-foreign-activities-sanctions-regulations-web-general-licenses-55e
2026-09084,bank,Financials,Publication of a Belarus Sanctions Regulations Web General License,Rule,Treasury Department; Foreign Assets Control Office,2026-05-07,,,https://www.federalregister.gov/documents/2026/05/07/2026-09084/publication-of-a-belarus-sanctions-regulations-web-general-license
2026-09071,bank,Financials,"Fisheries of the Northeastern United States; Northeast Multispecies Fishery; Common Pool, Accountability Measures, and Regular B Days at Sea Measures Under Regional Administrator Authority for Fishing Year 2026",Rule,Commerce Department; National Oceanic and Atmospheric Administration,2026-05-07,2026-05-05,,https://www.federalregister.gov/documents/2026/05/07/2026-09071/fisheries-of-the-northeastern-united-states-northeast-multispecies-fishery-common-pool
2026-09010,bank,Financials,Requirements for Insurance,Proposed Rule,National Credit Union Administration,2026-05-07,,,https://www.federalregister.gov/documents/2026/05/07/2026-09010/requirements-for-insurance
2026-09009,bank,Financials,Thresholds Increase for the Major Assets Prohibition of the Depository Institution Management Interlocks Act Rule,Proposed Rule,National Credit Union Administration,2026-05-07,,,https://www.federalregister.gov/documents/2026/05/07/2026-09009/thresholds-increase-for-the-major-assets-prohibition-of-the-depository-institution-management
2026-08950,bank,Financials,Eliminating Unnecessary Regulations,Rule,Treasury Department; Bureau of the Fiscal Service,2026-05-06,2026-07-06,,https://www.federalregister.gov/documents/2026/05/06/2026-08950/eliminating-unnecessary-regulations
2026-08943,bank,Financials,Designation-Restrict the Operation of Unmanned Aircraft in Close Proximity to a Fixed Site Facility,Proposed Rule,Transportation Department; Federal Aviation Administration,2026-05-06,,True,https://www.federalregister.gov/documents/2026/05/06/2026-08943/designation-restrict-the-operation-of-unmanned-aircraft-in-close-proximity-to-a-fixed-site-facility
2026-08726,bank,Financials,Special Local Regulation; Marine Events Within the Captain of the Port Zone Columbia River,Proposed Rule,Homeland Security Department; Coast Guard,2026-05-05,,False,https://www.federalregister.gov/documents/2026/05/05/2026-08726/special-local-regulation-marine-events-within-the-captain-of-the-port-zone-columbia-river
2026-08556,bank,Financials,Reimagining and Improving Student Education-Federal Student Loan Program Final Regulations,Rule,Education Department,2026-05-01,2026-07-01,,https://www.federalregister.gov/documents/2026/05/01/2026-08556/reimagining-and-improving-student-education-federal-student-loan-program-final-regulations
2026-08507,bank,Financials,Fisheries of the Northeastern United States; Greater Atlantic Region Catch Share Cost Recovery Program Updates,Proposed Rule,Commerce Department; National Oceanic and Atmospheric Administration,2026-05-01,,False,https://www.federalregister.gov/documents/2026/05/01/2026-08507/fisheries-of-the-northeastern-united-states-greater-atlantic-region-catch-share-cost-recovery
2026-08494,bank,Financials,Small Business Lending Under the Equal Credit Opportunity Act (Regulation B),Rule,Consumer Financial Protection Bureau,2026-05-01,2026-06-30,True,https://www.federalregister.gov/documents/2026/05/01/2026-08494/small-business-lending-under-the-equal-credit-opportunity-act-regulation-b
2026-08445,bank,Financials,Section 337 Adjudication and Enforcement,Proposed Rule,International Trade Commission,2026-04-30,,,https://www.federalregister.gov/documents/2026/04/30/2026-08445/section-337-adjudication-and-enforcement
2026-08328,bank,Financials,National Bank Non-Interest Charges and Fees,Rule,Treasury Department; Comptroller of the Currency,2026-04-29,2026-06-30,,https://www.federalregister.gov/documents/2026/04/29/2026-08328/national-bank-non-interest-charges-and-fees
2026-08298,bank,Financials,Regulatory Capital Rule: Community Bank Leverage Ratio Framework,Rule,Treasury Department; Comptroller of the Currency; Federal Reserve System; Federal Deposit Insurance Corporation,2026-04-29,2026-07-01,,https://www.federalregister.gov/documents/2026/04/29/2026-08298/regulatory-capital-rule-community-bank-leverage-ratio-framework
2026-08278,bank,Financials,Management of Federal Agency Disbursements,Proposed Rule,Treasury Department; Fiscal Service,2026-04-29,,,https://www.federalregister.gov/documents/2026/04/29/2026-08278/management-of-federal-agency-disbursements
2026-08172,bank,Financials,Magnuson-Stevens Act Provisions; Fisheries of the Northeastern United States; Northeast Multispecies Fishery; Allocation of 2026 Northeast Multispecies Annual Catch Entitlements and Notice of Default Specifications,Rule,Commerce Department; National Oceanic and Atmospheric Administration,2026-04-27,2026-05-01,,https://www.federalregister.gov/documents/2026/04/27/2026-08172/magnuson-stevens-act-provisions-fisheries-of-the-northeastern-united-states-northeast-multispecies
2026-08146,bank,Financials,"Endangered and Threatened Wildlife and Plants; Designation of Critical Habitat for the Rayed Bean, Sheepnose, Snuffbox, and Spectaclecase Mussels",Rule,Interior Department; Fish and Wildlife Service,2026-04-27,2026-05-27,True,https://www.federalregister.gov/documents/2026/04/27/2026-08146/endangered-and-threatened-wildlife-and-plants-designation-of-critical-habitat-for-the-rayed-bean
2026-08143,bank,Financials,"Streamlining Regulations Concerning Public Welfare Investments, Open Market Collateralized Loan Obligations, and Federal Savings Association Nondiscrimination Requirements",Proposed Rule,Treasury Department; Comptroller of the Currency,2026-04-27,,True,https://www.federalregister.gov/documents/2026/04/27/2026-08143/streamlining-regulations-concerning-public-welfare-investments-open-market-collateralized-loan
2026-08082,bank,Financials,Pipeline Safety: Adjustment to OPID Notifications for Construction,Proposed Rule,Transportation Department; Pipeline and Hazardous Materials Safety Administration,2026-04-24,,,https://www.federalregister.gov/documents/2026/04/24/2026-08082/pipeline-safety-adjustment-to-opid-notifications-for-construction
2026-08079,bank,Financials,Pipeline Safety: Property Damage Definition for Reporting Incidents on Gas Pipelines and Accidents on Hazardous Liquid and Carbon Dioxide Pipelines,Proposed Rule,Transportation Department; Pipeline and Hazardous Materials Safety Administration,2026-04-24,,,https://www.federalregister.gov/documents/2026/04/24/2026-08079/pipeline-safety-property-damage-definition-for-reporting-incidents-on-gas-pipelines-and-accidents-on
2026-08021,bank,Financials,Amendments to the Federal Railroad Administration's Procedures for Service of Documents in Railroad Safety Enforcement Proceedings,Rule,Transportation Department; Federal Railroad Administration,2026-04-24,2026-05-26,False,https://www.federalregister.gov/documents/2026/04/24/2026-08021/amendments-to-the-federal-railroad-administrations-procedures-for-service-of-documents-in-railroad
2026-07993,bank,Financials,Form PF; Reporting Requirements for All Filers,Proposed Rule,Commodity Futures Trading Commission; Securities and Exchange Commission,2026-04-24,2026-04-24,,https://www.federalregister.gov/documents/2026/04/24/2026-07993/form-pf-reporting-requirements-for-all-filers
2026-07960,bank,Financials,Improving Customer Service and Protecting Consumers Through Onshoring,Proposed Rule,Federal Communications Commission,2026-04-23,,,https://www.federalregister.gov/documents/2026/04/23/2026-07960/improving-customer-service-and-protecting-consumers-through-onshoring
2026-07909,bank,Financials,Fisheries of the Northeastern United States; Monkfish; Framework Adjustment 17,Proposed Rule,Commerce Department; National Oceanic and Atmospheric Administration,2026-04-23,,,https://www.federalregister.gov/documents/2026/04/23/2026-07909/fisheries-of-the-northeastern-united-states-monkfish-framework-adjustment-17
2026-07903,bank,Financials,Assessment and Apportionment of Administrative Expenses,Proposed Rule,Farm Credit Administration,2026-04-23,,,https://www.federalregister.gov/documents/2026/04/23/2026-07903/assessment-and-apportionment-of-administrative-expenses
2026-07860,bank,Financials,Medical Devices; Immunology and Microbiology Devices; Classification of the Alzheimer's Disease Pathology Assessment Test,Rule,Health and Human Services Department; Food and Drug Administration,2026-04-22,2026-04-22,,https://www.federalregister.gov/documents/2026/04/22/2026-07860/medical-devices-immunology-and-microbiology-devices-classification-of-the-alzheimers-disease
2026-07806,bank,Financials,"Bank Conversions and Mergers, Subpart C-Merger of Insured Credit Unions Into Banks",Proposed Rule,National Credit Union Administration,2026-04-22,,,https://www.federalregister.gov/documents/2026/04/22/2026-07806/bank-conversions-and-mergers-subpart-c-merger-of-insured-credit-unions-into-banks
2026-07804,bank,Financials,Equal Credit Opportunity Act (Regulation B),Rule,Consumer Financial Protection Bureau,2026-04-22,2026-07-21,True,https://www.federalregister.gov/documents/2026/04/22/2026-07804/equal-credit-opportunity-act-regulation-b
2026-07773,bank,Financials,Annual Update to Fee Schedule for the Use of Government Lands by Hydropower Licensees,Rule,Energy Department; Federal Energy Regulatory Commission,2026-04-21,2026-04-21,,https://www.federalregister.gov/documents/2026/04/21/2026-07773/annual-update-to-fee-schedule-for-the-use-of-government-lands-by-hydropower-licensees
2026-13687,oil and gas,Energy,Implementation of the National Environmental Policy Act,Proposed Rule,Nuclear Regulatory Commission,2026-07-07,,True,https://www.federalregister.gov/documents/2026/07/07/2026-13687/implementation-of-the-national-environmental-policy-act
2026-13674,oil and gas,Energy,"Energy Conservation Program: Procedures, Interpretations, and Policies for Consideration of New or Revised Energy Conservation Standards and Test Procedures for Consumer Products and Certain Commercial/Industrial Equipment",Proposed Rule,Energy Department,2026-07-07,,True,https://www.federalregister.gov/documents/2026/07/07/2026-13674/energy-conservation-program-procedures-interpretations-and-policies-for-consideration-of-new-or
2026-13667,oil and gas,Energy,Minor New Source Review Program Air Permitting Public Participation Requirements for State Implementation Plans,Proposed Rule,Environmental Protection Agency,2026-07-07,,True,https://www.federalregister.gov/documents/2026/07/07/2026-13667/minor-new-source-review-program-air-permitting-public-participation-requirements-for-state
2026-13485,oil and gas,Energy,"Federal Plan Requirements for Other Solid Waste Incineration Units That Commenced Construction on or Before August 31, 2020, and Have Not Been Modified or Reconstructed After August 29, 2025",Proposed Rule,Environmental Protection Agency,2026-07-02,,,https://www.federalregister.gov/documents/2026/07/02/2026-13485/federal-plan-requirements-for-other-solid-waste-incineration-units-that-commenced-construction-on-or
2026-13245,oil and gas,Energy,Procedures for Implementing the National Environmental Policy Act,Rule,National Aeronautics and Space Administration,2026-07-01,2026-08-17,True,https://www.federalregister.gov/documents/2026/07/01/2026-13245/procedures-for-implementing-the-national-environmental-policy-act
2026-13239,oil and gas,Energy,Data Reporting Requirements for Certain Event Contracts,Proposed Rule,Commodity Futures Trading Commission,2026-07-01,,,https://www.federalregister.gov/documents/2026/07/01/2026-13239/data-reporting-requirements-for-certain-event-contracts
2026-13174,oil and gas,Energy,Bifenthrin; Pesticide Tolerances,Rule,Environmental Protection Agency,2026-06-30,2026-06-30,,https://www.federalregister.gov/documents/2026/06/30/2026-13174/bifenthrin-pesticide-tolerances
2026-13137,oil and gas,Energy,Marine Casualty Reporting on the Outer Continental Shelf,Rule,Homeland Security Department; Coast Guard,2026-06-30,2026-07-30,True,https://www.federalregister.gov/documents/2026/06/30/2026-13137/marine-casualty-reporting-on-the-outer-continental-shelf
2026-13133,oil and gas,Energy,"Federal Oil, Gas, and Coal Amendments",Proposed Rule,Interior Department; Natural Resources Revenue Office,2026-06-30,,,https://www.federalregister.gov/documents/2026/06/30/2026-13133/federal-oil-gas-and-coal-amendments
2026-13092,oil and gas,Energy,Technical Guidelines for the Production of Regenerative Agricultural Biofuel Feedstocks,Rule,Agriculture Department; Energy and Environmental Policy Office,2026-06-29,2026-07-29,,https://www.federalregister.gov/documents/2026/06/29/2026-13092/technical-guidelines-for-the-production-of-regenerative-agricultural-biofuel-feedstocks
2026-13060,oil and gas,Energy,Airworthiness Directives; Airbus Helicopters,Rule,Transportation Department; Federal Aviation Administration,2026-06-29,2026-08-03,False,https://www.federalregister.gov/documents/2026/06/29/2026-13060/airworthiness-directives-airbus-helicopters
2026-12935,oil and gas,Energy,Air Quality Plan; California; Mojave Desert Air Quality Management District; Rescissions of Outdated Requirements Within Riverside County,Proposed Rule,Environmental Protection Agency,2026-06-26,,,https://www.federalregister.gov/documents/2026/06/26/2026-12935/air-quality-plan-california-mojave-desert-air-quality-management-district-rescissions-of-outdated
2026-12922,oil and gas,Energy,Transport Airplane and Propulsion Certification Modernization,Proposed Rule,Transportation Department; Federal Aviation Administration,2026-06-26,,False,https://www.federalregister.gov/documents/2026/06/26/2026-12922/transport-airplane-and-propulsion-certification-modernization
2026-12862,oil and gas,Energy,Update of Procedures for Implementing the National Environmental Policy Act and Assessing the Environmental Effects Abroad of EPA Actions,Proposed Rule,Environmental Protection Agency,2026-06-25,,False,https://www.federalregister.gov/documents/2026/06/25/2026-12862/update-of-procedures-for-implementing-the-national-environmental-policy-act-and-assessing-the
2026-12750,oil and gas,Energy,Enterprise Duty To Serve Underserved Markets,Proposed Rule,Federal Housing Finance Agency,2026-06-24,,,https://www.federalregister.gov/documents/2026/06/24/2026-12750/enterprise-duty-to-serve-underserved-markets
2026-12738,oil and gas,Energy,Royalty for Oil and Gas Lost From Onshore Federal and Indian Leases,Proposed Rule,Interior Department; Land Management Bureau,2026-06-24,,True,https://www.federalregister.gov/documents/2026/06/24/2026-12738/royalty-for-oil-and-gas-lost-from-onshore-federal-and-indian-leases
2026-12734,oil and gas,Energy,Oil and Gas Leasing,Proposed Rule,Interior Department; Land Management Bureau,2026-06-24,,True,https://www.federalregister.gov/documents/2026/06/24/2026-12734/oil-and-gas-leasing
2026-12712,oil and gas,Energy,Revisions to Financial Forms Reporting and Filing Requirements,Proposed Rule,Energy Department; Federal Energy Regulatory Commission,2026-06-24,,,https://www.federalregister.gov/documents/2026/06/24/2026-12712/revisions-to-financial-forms-reporting-and-filing-requirements
2026-12543,oil and gas,Energy,Air Plan Approval; Colorado; RACT Requirements for the 2008 8-Hour Ozone Standard for the Denver Metro/North Front Range Nonattainment Area,Proposed Rule,Environmental Protection Agency,2026-06-23,,,https://www.federalregister.gov/documents/2026/06/23/2026-12543/air-plan-approval-colorado-ract-requirements-for-the-2008-8-hour-ozone-standard-for-the-denver
2026-12481,oil and gas,Energy,National Emission Standards for Hazardous Air Pollutants: National Emission Standards for Hazardous Air Pollutants: Crude Oil and Natural Gas Production Facilities and Natural Gas Transmission and Storage Facilities; Technology Review and Reconsideration; Extension of Comment Period,Proposed Rule,Environmental Protection Agency,2026-06-22,2026-04-22,False,https://www.federalregister.gov/documents/2026/06/22/2026-12481/national-emission-standards-for-hazardous-air-pollutants-national-emission-standards-for-hazardous
2026-12426,oil and gas,Energy,EPCRA Hazardous Chemical Inventory Reporting Requirements: Conformity With the 2024 OSHA Hazard Communication Standard,Rule,Environmental Protection Agency,2026-06-22,2026-08-21,False,https://www.federalregister.gov/documents/2026/06/22/2026-12426/epcra-hazardous-chemical-inventory-reporting-requirements-conformity-with-the-2024-osha-hazard
2026-12424,oil and gas,Energy,Congressional Review Act Revocation of 2024 Amendments to the National Emission Standards for Hazardous Air Pollutants: Rubber Tire Manufacturing,Rule,Environmental Protection Agency,2026-06-22,2024-11-29,False,https://www.federalregister.gov/documents/2026/06/22/2026-12424/congressional-review-act-revocation-of-2024-amendments-to-the-national-emission-standards-for
2026-11648,oil and gas,Energy,Oil and Gas and Sulfur Operations in the Outer Continental Shelf-Documents Incorporated by Reference,Rule,Interior Department; Safety and Environmental Enforcement Bureau,2026-06-10,2026-08-10,False,https://www.federalregister.gov/documents/2026/06/10/2026-11648/oil-and-gas-and-sulfur-operations-in-the-outer-continental-shelf-documents-incorporated-by-reference
2026-11616,oil and gas,Energy,Publication of Venezuela Sanctions Regulations Web General Licenses 48A and 49A,Rule,Treasury Department; Foreign Assets Control Office,2026-06-10,,,https://www.federalregister.gov/documents/2026/06/10/2026-11616/publication-of-venezuela-sanctions-regulations-web-general-licenses-48a-and-49a
2026-11609,oil and gas,Energy,Endangered and Threatened Wildlife and Plants; Removal of Northeastern Bulrush From the List of Endangered and Threatened Plants,Rule,Interior Department; Fish and Wildlife Service,2026-06-10,2026-07-10,False,https://www.federalregister.gov/documents/2026/06/10/2026-11609/endangered-and-threatened-wildlife-and-plants-removal-of-northeastern-bulrush-from-the-list-of
2026-11319,oil and gas,Energy,Significant New Use Rules on Certain Chemical Substances (25-3.5e),Proposed Rule,Environmental Protection Agency,2026-06-05,,False,https://www.federalregister.gov/documents/2026/06/05/2026-11319/significant-new-use-rules-on-certain-chemical-substances-25-35e
2026-11168,oil and gas,Energy,"Conditional Approval; Contingency Measure State Implementation Plan for the 2008 Ozone Standards; San Joaquin Valley, California",Rule,Environmental Protection Agency,2026-06-04,2026-07-06,,https://www.federalregister.gov/documents/2026/06/04/2026-11168/conditional-approval-contingency-measure-state-implementation-plan-for-the-2008-ozone-standards-san
2026-11091,oil and gas,Energy,Rescission of Climate-Related Disclosure Rules,Proposed Rule,Securities and Exchange Commission,2026-06-03,,,https://www.federalregister.gov/documents/2026/06/03/2026-11091/rescission-of-climate-related-disclosure-rules
2026-11047,oil and gas,Energy,National Emission Standards for Hazardous Air Pollutants From Hazardous Waste Combustors: Residual Risk and Technology Review,Rule,Environmental Protection Agency,2026-06-03,2026-06-03,True,https://www.federalregister.gov/documents/2026/06/03/2026-11047/national-emission-standards-for-hazardous-air-pollutants-from-hazardous-waste-combustors-residual
2026-10846,oil and gas,Energy,Endangered and Threatened Wildlife and Plants; Designation of Critical Habitat for the Rusty Patched Bumble Bee,Rule,Interior Department; Fish and Wildlife Service,2026-06-01,2026-07-01,True,https://www.federalregister.gov/documents/2026/06/01/2026-10846/endangered-and-threatened-wildlife-and-plants-designation-of-critical-habitat-for-the-rusty-patched
2026-10770,oil and gas,Energy,Approval of Source-Specific Air Quality Implementation Plan; New York; Calpine JFK Energy Center,Rule,Environmental Protection Agency,2026-05-29,2026-06-29,,https://www.federalregister.gov/documents/2026/05/29/2026-10770/approval-of-source-specific-air-quality-implementation-plan-new-york-calpine-jfk-energy-center
2026-10769,oil and gas,Energy,Air Plan Approval; New York; Athens Generating Plant,Rule,Environmental Protection Agency,2026-05-29,2026-06-29,,https://www.federalregister.gov/documents/2026/05/29/2026-10769/air-plan-approval-new-york-athens-generating-plant
2026-10760,oil and gas,Energy,Air Plan Approval; California; San Joaquin Valley Unified Air Pollution Control District; Ventura County Air Pollution Control District; South Coast Air Quality Management District; Oil and Gas Production; Volatile Organic Compounds,Rule,Environmental Protection Agency,2026-05-29,2026-06-29,,https://www.federalregister.gov/documents/2026/05/29/2026-10760/air-plan-approval-california-san-joaquin-valley-unified-air-pollution-control-district-ventura
2026-10739,oil and gas,Energy,Approval and Promulgation of State Air Quality Plans (Negative Declarations) for Designated Facilities and Pollutants; District of Columbia,Rule,Environmental Protection Agency,2026-05-29,2026-06-29,,https://www.federalregister.gov/documents/2026/05/29/2026-10739/approval-and-promulgation-of-state-air-quality-plans-negative-declarations-for-designated-facilities
2026-10642,oil and gas,Energy,Approval of Source-Specific Air Quality Implementation Plan; New York; Big Six Towers Inc.,Proposed Rule,Environmental Protection Agency,2026-05-28,,,https://www.federalregister.gov/documents/2026/05/28/2026-10642/approval-of-source-specific-air-quality-implementation-plan-new-york-big-six-towers-inc
2026-10498,oil and gas,Energy,Revisions to the Blanket Certificate Program,Proposed Rule,Energy Department; Federal Energy Regulatory Commission,2026-05-27,,,https://www.federalregister.gov/documents/2026/05/27/2026-10498/revisions-to-the-blanket-certificate-program
2026-10465,oil and gas,Energy,National Wildlife Refuge System; 2026-2027 Station-Specific Hunting and Sport Fishing Regulations,Proposed Rule,Interior Department; Fish and Wildlife Service,2026-05-27,,False,https://www.federalregister.gov/documents/2026/05/27/2026-10465/national-wildlife-refuge-system-2026-2027-station-specific-hunting-and-sport-fishing-regulations
2026-10387,oil and gas,Energy,Phasedown of Hydrofluorocarbons: Reconsideration of Certain Regulatory Requirements Promulgated Under the Technology Transitions Provisions of the American Innovation and Manufacturing Act of 2020,Rule,Environmental Protection Agency,2026-05-26,2026-07-27,True,https://www.federalregister.gov/documents/2026/05/26/2026-10387/phasedown-of-hydrofluorocarbons-reconsideration-of-certain-regulatory-requirements-promulgated-under
2026-10373,oil and gas,Energy,Registered Offering Reform,Proposed Rule,Securities and Exchange Commission,2026-05-26,,True,https://www.federalregister.gov/documents/2026/05/26/2026-10373/registered-offering-reform
2026-10280,oil and gas,Energy,Air Plan Revisions; Arizona; Arizona Department of Environmental Quality; Gila County Reasonably Available Control Technology,Rule,Environmental Protection Agency,2026-05-22,2026-06-22,,https://www.federalregister.gov/documents/2026/05/22/2026-10280/air-plan-revisions-arizona-arizona-department-of-environmental-quality-gila-county-reasonably
2026-10222,oil and gas,Energy,Enhancement of Emerging Growth Company Accommodations and Simplification of Filer Status for Reporting Companies,Proposed Rule,Securities and Exchange Commission,2026-05-21,,True,https://www.federalregister.gov/documents/2026/05/21/2026-10222/enhancement-of-emerging-growth-company-accommodations-and-simplification-of-filer-status-for
2026-10164,oil and gas,Energy,"Revisions to Regulations Regarding Oil and Gas Leasing; Fees, Rentals, and Royalties; Correction",Rule,Interior Department; Land Management Bureau,2026-05-21,2026-06-29,,https://www.federalregister.gov/documents/2026/05/21/2026-10164/revisions-to-regulations-regarding-oil-and-gas-leasing-fees-rentals-and-royalties-correction
2026-09895,oil and gas,Energy,Effluent Limitations Guidelines and Standards for the Steam Electric Power Generating Point Source Category-Unmanaged Combustion Residual Leachate,Proposed Rule,Environmental Protection Agency,2026-05-18,,True,https://www.federalregister.gov/documents/2026/05/18/2026-09895/effluent-limitations-guidelines-and-standards-for-the-steam-electric-power-generating-point-source
2026-09885,oil and gas,Energy,"Marine Mammals; Incidental Take of Polar Bears in the Southern Beaufort Sea; Seismic Exploration Activities by SAExploration, Inc.",Proposed Rule,Interior Department; Fish and Wildlife Service,2026-05-18,,False,https://www.federalregister.gov/documents/2026/05/18/2026-09885/marine-mammals-incidental-take-of-polar-bears-in-the-southern-beaufort-sea-seismic-exploration
2026-09877,oil and gas,Energy,Modernizing NRC Regulations for Byproduct Material Use,Proposed Rule,Nuclear Regulatory Commission,2026-05-18,,,https://www.federalregister.gov/documents/2026/05/18/2026-09877/modernizing-nrc-regulations-for-byproduct-material-use
2026-09208,oil and gas,Energy,Risk Management and Financial Assurance for OCS Lease and Grant Obligations; Extension of Public Comment Period,Proposed Rule,Interior Department; Ocean Energy Management Bureau,2026-05-08,,True,https://www.federalregister.gov/documents/2026/05/08/2026-09208/risk-management-and-financial-assurance-for-ocs-lease-and-grant-obligations-extension-of-public
2026-09095,oil and gas,Energy,Semiannual Reporting,Proposed Rule,Securities and Exchange Commission,2026-05-07,,,https://www.federalregister.gov/documents/2026/05/07/2026-09095/semiannual-reporting
2026-09094,oil and gas,Energy,Publication of Iranian Transactions and Sanctions Regulations Web General Licenses,Rule,Treasury Department; Foreign Assets Control Office,2026-05-07,,,https://www.federalregister.gov/documents/2026/05/07/2026-09094/publication-of-iranian-transactions-and-sanctions-regulations-web-general-licenses
2026-09090,oil and gas,Energy,"Publication of Venezuela Sanctions Regulations Web General Licenses 47, 48, 49, and 50",Rule,Treasury Department; Foreign Assets Control Office,2026-05-07,,,https://www.federalregister.gov/documents/2026/05/07/2026-09090/publication-of-venezuela-sanctions-regulations-web-general-licenses-47-48-49-and-50
2026-09024,oil and gas,Energy,Utah Regulatory Program,Proposed Rule,Interior Department; Surface Mining Reclamation and Enforcement Office,2026-05-07,,,https://www.federalregister.gov/documents/2026/05/07/2026-09024/utah-regulatory-program
2026-08943,oil and gas,Energy,Designation-Restrict the Operation of Unmanned Aircraft in Close Proximity to a Fixed Site Facility,Proposed Rule,Transportation Department; Federal Aviation Administration,2026-05-06,,True,https://www.federalregister.gov/documents/2026/05/06/2026-08943/designation-restrict-the-operation-of-unmanned-aircraft-in-close-proximity-to-a-fixed-site-facility
2026-08665,oil and gas,Energy,Endangered and Threatened Wildlife and Plants; 12-Month Not-Warranted Finding for the Temblor Legless Lizard,Proposed Rule,Interior Department; Fish and Wildlife Service,2026-05-04,,,https://www.federalregister.gov/documents/2026/05/04/2026-08665/endangered-and-threatened-wildlife-and-plants-12-month-not-warranted-finding-for-the-temblor-legless
2026-08550,oil and gas,Energy,Licensing Requirements for Microreactors and Other Reactors With Comparable Risk Profiles,Proposed Rule,Nuclear Regulatory Commission,2026-05-01,,,https://www.federalregister.gov/documents/2026/05/01/2026-08550/licensing-requirements-for-microreactors-and-other-reactors-with-comparable-risk-profiles
2026-08280,oil and gas,Energy,"Revisions to Regulations Regarding Oil and Gas Leasing; Fees, Rentals, and Royalties",Rule,Interior Department; Land Management Bureau,2026-04-29,2026-06-29,,https://www.federalregister.gov/documents/2026/04/29/2026-08280/revisions-to-regulations-regarding-oil-and-gas-leasing-fees-rentals-and-royalties
2026-08264,oil and gas,Energy,Five-Year Review of the Oil Pipeline Index,Rule,Energy Department; Federal Energy Regulatory Commission,2026-04-28,2026-06-29,,https://www.federalregister.gov/documents/2026/04/28/2026-08264/five-year-review-of-the-oil-pipeline-index
2026-08079,oil and gas,Energy,Pipeline Safety: Property Damage Definition for Reporting Incidents on Gas Pipelines and Accidents on Hazardous Liquid and Carbon Dioxide Pipelines,Proposed Rule,Transportation Department; Pipeline and Hazardous Materials Safety Administration,2026-04-24,,,https://www.federalregister.gov/documents/2026/04/24/2026-08079/pipeline-safety-property-damage-definition-for-reporting-incidents-on-gas-pipelines-and-accidents-on
2026-08050,oil and gas,Energy,Pipeline Safety: Standards Update-MSS SP-75,Rule,Transportation Department; Pipeline and Hazardous Materials Safety Administration,2026-04-24,2027-01-01,,https://www.federalregister.gov/documents/2026/04/24/2026-08050/pipeline-safety-standards-update-mss-sp-75
2026-07959,oil and gas,Energy,"Joint Employer Status Under the Fair Labor Standards Act, Family and Medical Leave Act, and Migrant and Seasonal Agricultural Worker Protection Act",Proposed Rule,Labor Department; Wage and Hour Division,2026-04-23,,True,https://www.federalregister.gov/documents/2026/04/23/2026-07959/joint-employer-status-under-the-fair-labor-standards-act-family-and-medical-leave-act-and-migrant
2026-07800,oil and gas,Energy,National Emission Standards for Hazardous Air Pollutants: Crude Oil and Natural Gas Production Facilities and Natural Gas Transmission and Storage Facilities; Technology Review and Reconsideration,Proposed Rule,Environmental Protection Agency,2026-04-22,,False,https://www.federalregister.gov/documents/2026/04/22/2026-07800/national-emission-standards-for-hazardous-air-pollutants-crude-oil-and-natural-gas-production
2026-07536,oil and gas,Energy,Taking and Importing Marine Mammals; Taking Marine Mammals Incidental to Geophysical Surveys in the Gulf of America,Rule,Commerce Department; National Oceanic and Atmospheric Administration,2026-04-17,2026-04-20,,https://www.federalregister.gov/documents/2026/04/17/2026-07536/taking-and-importing-marine-mammals-taking-marine-mammals-incidental-to-geophysical-surveys-in-the
2026-07294,oil and gas,Energy,Endangered and Threatened Species; Notice of 12-Month Findings on a Petition To List the Tope Shark as Threatened or Endangered Under the Endangered Species Act and Proposed Listing of Two Distinct Population Segments of Tope Shark as Threatened,Proposed Rule,Commerce Department; National Oceanic and Atmospheric Administration,2026-04-15,,,https://www.federalregister.gov/documents/2026/04/15/2026-07294/endangered-and-threatened-species-notice-of-12-month-findings-on-a-petition-to-list-the-tope-shark
2026-07104,oil and gas,Energy,Occupations That Customarily and Regularly Received Tips; Definition of Qualified Tips,Rule,Treasury Department; Internal Revenue Service,2026-04-13,2026-06-12,,https://www.federalregister.gov/documents/2026/04/13/2026-07104/occupations-that-customarily-and-regularly-received-tips-definition-of-qualified-tips
2026-06940,oil and gas,Energy,Air Plan Approval; Ohio; Source-Specific Non-CTG RACT for Ohio,Proposed Rule,Environmental Protection Agency,2026-04-10,,,https://www.federalregister.gov/documents/2026/04/10/2026-06940/air-plan-approval-ohio-source-specific-non-ctg-ract-for-ohio
2026-06837,oil and gas,Energy,Air Plan Approval; Colorado; Serious Attainment Plan Contingency Measures and RACT Requirements for the 2008 8-Hour Ozone National Ambient Air Quality Standards for the Denver Metro/North Front Range Nonattainment Area,Rule,Environmental Protection Agency,2026-04-09,2026-05-11,,https://www.federalregister.gov/documents/2026/04/09/2026-06837/air-plan-approval-colorado-serious-attainment-plan-contingency-measures-and-ract-requirements-for
2026-06808,oil and gas,Energy,"Reconsideration of Standards of Performance for New, Reconstructed, and Modified Sources and Emissions Guidelines for Existing Sources: Oil and Natural Gas Sector Climate Review",Rule,Environmental Protection Agency,2026-04-09,2026-06-08,True,https://www.federalregister.gov/documents/2026/04/09/2026-06808/reconsideration-of-standards-of-performance-for-new-reconstructed-and-modified-sources-and-emissions
2026-06600,oil and gas,Energy,"Medicare Program; Contract Year 2027 and Certain Contract Year 2026 Policy and Technical Changes to the Medicare Advantage Program, Medicare Prescription Drug Benefit Program, and Medicare Cost Plan Program",Rule,Health and Human Services Department; Centers for Medicare & Medicaid Services,2026-04-06,2026-06-01,True,https://www.federalregister.gov/documents/2026/04/06/2026-06600/medicare-program-contract-year-2027-and-certain-contract-year-2026-policy-and-technical-changes-to
2026-06537,oil and gas,Energy,National Environmental Policy Act,Rule,Agriculture Department,2026-04-03,2026-04-03,True,https://www.federalregister.gov/documents/2026/04/03/2026-06537/national-environmental-policy-act
2026-06304,oil and gas,Energy,National Emission Standards for Hazardous Air Pollutants: Chemical Manufacturing Area Sources Technology Review,Rule,Environmental Protection Agency,2026-04-01,2026-04-01,False,https://www.federalregister.gov/documents/2026/04/01/2026-06304/national-emission-standards-for-hazardous-air-pollutants-chemical-manufacturing-area-sources
2026-06275,oil and gas,Energy,"Renewable Fuel Standard (RFS) Program: Standards for 2026 and 2027, Partial Waiver of 2025 Cellulosic Biofuel Volume Requirement, and Other Changes",Rule,Environmental Protection Agency,2026-04-01,2026-06-15,True,https://www.federalregister.gov/documents/2026/04/01/2026-06275/renewable-fuel-standard-rfs-program-standards-for-2026-and-2027-partial-waiver-of-2025-cellulosic
2026-06271,oil and gas,Energy,Whistleblower Incentives and Protections,Proposed Rule,Treasury Department; Financial Crimes Enforcement Network,2026-04-01,,False,https://www.federalregister.gov/documents/2026/04/01/2026-06271/whistleblower-incentives-and-protections
2026-06048,oil and gas,Energy,"Risk-Informed, Technology-Inclusive Regulatory Framework for Advanced Reactors",Rule,Nuclear Regulatory Commission,2026-03-30,2026-04-29,True,https://www.federalregister.gov/documents/2026/03/30/2026-06048/risk-informed-technology-inclusive-regulatory-framework-for-advanced-reactors
2026-05977,oil and gas,Energy,Perchloroethylene (PCE) and Carbon Tetrachloride (CTC); Regulation Under the Toxic Substances Control Act (TSCA); Compliance Date Extensions,Proposed Rule,Environmental Protection Agency,2026-03-27,,,https://www.federalregister.gov/documents/2026/03/27/2026-05977/perchloroethylene-pce-and-carbon-tetrachloride-ctc-regulation-under-the-toxic-substances-control-act
2026-05959,oil and gas,Energy,"Regulatory Capital Rule: Category I and II Banking Organizations, Banking Organizations With Significant Trading Activity, and Optional Adoption for Other Banking Organizations",Proposed Rule,Treasury Department; Comptroller of the Currency; Federal Reserve System; Federal Deposit Insurance Corporation,2026-03-27,,True,https://www.federalregister.gov/documents/2026/03/27/2026-05959/regulatory-capital-rule-category-i-and-ii-banking-organizations-banking-organizations-with
2026-05876,oil and gas,Energy,Hazardous Waste Management System; Identification and Listing of Hazardous Waste,Proposed Rule,Environmental Protection Agency,2026-03-26,,,https://www.federalregister.gov/documents/2026/03/26/2026-05876/hazardous-waste-management-system-identification-and-listing-of-hazardous-waste
2026-05607,oil and gas,Energy,Air Plan Approval; Texas; Reasonably Available Control Technology in the Dallas-Fort Worth Ozone Nonattainment Area,Rule,Environmental Protection Agency,2026-03-23,2026-04-22,,https://www.federalregister.gov/documents/2026/03/23/2026-05607/air-plan-approval-texas-reasonably-available-control-technology-in-the-dallas-fort-worth-ozone
2026-05596,oil and gas,Energy,Air Plan Approval; Texas; Reasonably Available Control Technology in the Houston-Galveston-Brazoria Ozone Nonattainment Area,Rule,Environmental Protection Agency,2026-03-23,2026-04-22,,https://www.federalregister.gov/documents/2026/03/23/2026-05596/air-plan-approval-texas-reasonably-available-control-technology-in-the-houston-galveston-brazoria
2026-05592,oil and gas,Energy,"Approval of Clean Air Plans; San Joaquin Valley, California; Contingency Measures for 1997 Ozone Standards",Rule,Environmental Protection Agency,2026-03-23,2026-04-22,,https://www.federalregister.gov/documents/2026/03/23/2026-05592/approval-of-clean-air-plans-san-joaquin-valley-california-contingency-measures-for-1997-ozone
2026-05453,oil and gas,Energy,Colorado Underground Injection Control Program; Class VI Primacy,Proposed Rule,Environmental Protection Agency,2026-03-19,,,https://www.federalregister.gov/documents/2026/03/19/2026-05453/colorado-underground-injection-control-program-class-vi-primacy
2026-05281,oil and gas,Energy,"Special Conditions: ZeroAvia, Inc. Model ZA601 Electric Engines",Rule,Transportation Department; Federal Aviation Administration,2026-03-18,2026-03-18,,https://www.federalregister.gov/documents/2026/03/18/2026-05281/special-conditions-zeroavia-inc-model-za601-electric-engines
2026-05261,oil and gas,Energy,National Emission Standards for Hazardous Air Pollutants: Polyether Polyols Production Industry Review,Rule,Environmental Protection Agency,2026-03-18,2026-03-18,False,https://www.federalregister.gov/documents/2026/03/18/2026-05261/national-emission-standards-for-hazardous-air-pollutants-polyether-polyols-production-industry
2026-05167,oil and gas,Energy,National Emission Standards for Hazardous Air Pollutants: Ethylene Oxide Emissions Standards for Sterilization Facilities Residual Risk and Technology Review Reconsideration,Proposed Rule,Environmental Protection Agency,2026-03-17,,True,https://www.federalregister.gov/documents/2026/03/17/2026-05167/national-emission-standards-for-hazardous-air-pollutants-ethylene-oxide-emissions-standards-for
2026-04991,oil and gas,Energy,"Air Plan Approval; Connecticut; Revision to the State Implementation Plan for Inclusion of Consent Order No. 8383-Algonquin Gas Transmission, LLC and Negative Declaration for Rubber Tire Manufacturing Sources",Proposed Rule,Environmental Protection Agency,2026-03-13,,,https://www.federalregister.gov/documents/2026/03/13/2026-04991/air-plan-approval-connecticut-revision-to-the-state-implementation-plan-for-inclusion-of-consent
2026-04668,oil and gas,Energy,Takes of Marine Mammals Incidental to Specified Activities; Taking Marine Mammals Incidental to U.S. Navy Operations of Surveillance Towed Array Sensor System Low Frequency Active Sonar in the Western and Central North Pacific Ocean and Eastern Indian Ocean,Proposed Rule,Commerce Department; National Oceanic and Atmospheric Administration,2026-03-10,,False,https://www.federalregister.gov/documents/2026/03/10/2026-04668/takes-of-marine-mammals-incidental-to-specified-activities-taking-marine-mammals-incidental-to-us
2026-04646,oil and gas,Energy,Standards of Performance for New Stationary Sources and Emission Guidelines for Existing Sources: Large Municipal Waste Combustors Voluntary Remand Response and Five-Year Review,Rule,Environmental Protection Agency,2026-03-10,2026-05-11,True,https://www.federalregister.gov/documents/2026/03/10/2026-04646/standards-of-performance-for-new-stationary-sources-and-emission-guidelines-for-existing-sources
2026-04558,oil and gas,Energy,Marine Mammals; Incidental Take of Polar Bears and Pacific Walruses in the Beaufort Sea and North Slope of Alaska,Proposed Rule,Interior Department; Fish and Wildlife Service,2026-03-09,,,https://www.federalregister.gov/documents/2026/03/09/2026-04558/marine-mammals-incidental-take-of-polar-bears-and-pacific-walruses-in-the-beaufort-sea-and-north
2026-04517,oil and gas,Energy,Risk Management and Financial Assurance for OCS Lease and Grant Obligations,Proposed Rule,Interior Department; Ocean Energy Management Bureau,2026-03-09,,True,https://www.federalregister.gov/documents/2026/03/09/2026-04517/risk-management-and-financial-assurance-for-ocs-lease-and-grant-obligations
2026-04388,oil and gas,Energy,Clean Water Act Hazardous Substance Facility Response Plans: Compliance Date Delay and Changes To Reflect Administration Policy,Proposed Rule,Environmental Protection Agency,2026-03-05,,False,https://www.federalregister.gov/documents/2026/03/05/2026-04388/clean-water-act-hazardous-substance-facility-response-plans-compliance-date-delay-and-changes-to
2026-04337,oil and gas,Energy,Procedures for Transportation Workplace Drug and Alcohol Testing Programs: Substance Abuse Professional and the Return-to-Duty Process,Rule,Transportation Department; Office of the Secretary,2026-03-04,,,https://www.federalregister.gov/documents/2026/03/04/2026-04337/procedures-for-transportation-workplace-drug-and-alcohol-testing-programs-substance-abuse
2026-04320,oil and gas,Energy,Deletion From the National Priorities List,Rule,Environmental Protection Agency,2026-03-04,2026-03-04,,https://www.federalregister.gov/documents/2026/03/04/2026-04320/deletion-from-the-national-priorities-list
2026-04304,oil and gas,Energy,National Emission Standards for Marine Tank Vessel Loading Operations: Technology Review,Proposed Rule,Environmental Protection Agency,2026-03-04,,False,https://www.federalregister.gov/documents/2026/03/04/2026-04304/national-emission-standards-for-marine-tank-vessel-loading-operations-technology-review
2026-04135,oil and gas,Energy,Offshore Downhole Commingling Regulatory Updates,Rule,Interior Department; Safety and Environmental Enforcement Bureau,2026-03-02,2026-03-02,,https://www.federalregister.gov/documents/2026/03/02/2026-04135/offshore-downhole-commingling-regulatory-updates
2026-03995,oil and gas,Energy,Extending the Reporting Deadline Under the Greenhouse Gas Reporting Rule for 2025,Rule,Environmental Protection Agency,2026-02-27,2026-02-27,False,https://www.federalregister.gov/documents/2026/02/27/2026-03995/extending-the-reporting-deadline-under-the-greenhouse-gas-reporting-rule-for-2025
2026-03944,oil and gas,Energy,Implementing Statutory Addition of Certain Per- and Polyfluoroalkyl Substances (PFAS) to the Toxics Release Inventory Beginning With Reporting Year 2026,Rule,Environmental Protection Agency,2026-02-27,2026-03-30,,https://www.federalregister.gov/documents/2026/02/27/2026-03944/implementing-statutory-addition-of-certain-per--and-polyfluoroalkyl-substances-pfas-to-the-toxics
2026-03937,oil and gas,Energy,Air Plan Approval; Michigan; 2015 Ozone Moderate Reasonably Available Control Technology,Proposed Rule,Environmental Protection Agency,2026-02-27,,,https://www.federalregister.gov/documents/2026/02/27/2026-03937/air-plan-approval-michigan-2015-ozone-moderate-reasonably-available-control-technology
2026-03936,oil and gas,Energy,Air Plan Approvals; Illinois; Regional Haze Plan for the Second Implementation Period; Interstate Transport of Air Pollution for the 2012 PM2.5 and 2015 Ozone NAAQS,Proposed Rule,Environmental Protection Agency,2026-02-27,,,https://www.federalregister.gov/documents/2026/02/27/2026-03936/air-plan-approvals-illinois-regional-haze-plan-for-the-second-implementation-period-interstate
2026-03931,oil and gas,Energy,Air Plan Approval; Ohio; Source-Specific Non-CTG RACT and SIP Strengthening for Ohio,Proposed Rule,Environmental Protection Agency,2026-02-27,,,https://www.federalregister.gov/documents/2026/02/27/2026-03931/air-plan-approval-ohio-source-specific-non-ctg-ract-and-sip-strengthening-for-ohio
2026-03883,oil and gas,Energy,Endangered and Threatened Wildlife and Plants; Removal of Northern and Southern Distinct Population Segments of the Lesser Prairie-Chicken From the List of Endangered and Threatened Wildlife in Compliance With Court Order,Rule,Interior Department; Fish and Wildlife Service,2026-02-26,2026-02-26,False,https://www.federalregister.gov/documents/2026/02/26/2026-03883/endangered-and-threatened-wildlife-and-plants-removal-of-northern-and-southern-distinct-population
2026-03691,oil and gas,Energy,Taking and Importing Marine Mammals; Taking Marine Mammals Incidental to Geophysical Surveys in the Gulf of America,Proposed Rule,Commerce Department; National Oceanic and Atmospheric Administration,2026-02-24,,,https://www.federalregister.gov/documents/2026/02/24/2026-03691/taking-and-importing-marine-mammals-taking-marine-mammals-incidental-to-geophysical-surveys-in-the
2026-03690,oil and gas,Energy,"Administrative Revisions to Regulations Related to Outer Continental Shelf Minerals Other Than Oil, Gas, and Sulphur",Proposed Rule,Interior Department; Ocean Energy Management Bureau,2026-02-24,,,https://www.federalregister.gov/documents/2026/02/24/2026-03690/administrative-revisions-to-regulations-related-to-outer-continental-shelf-minerals-other-than-oil
2026-03638,oil and gas,Energy,National Emission Standards for Hazardous Air Pollutants: Coal- and Oil-Fired Electric Utility Steam Generating Units: Final Repeal,Rule,Environmental Protection Agency,2026-02-24,2026-04-27,True,https://www.federalregister.gov/documents/2026/02/24/2026-03638/national-emission-standards-for-hazardous-air-pollutants-coal--and-oil-fired-electric-utility-steam
2026-13674,emissions,Energy,"Energy Conservation Program: Procedures, Interpretations, and Policies for Consideration of New or Revised Energy Conservation Standards and Test Procedures for Consumer Products and Certain Commercial/Industrial Equipment",Proposed Rule,Energy Department,2026-07-07,,True,https://www.federalregister.gov/documents/2026/07/07/2026-13674/energy-conservation-program-procedures-interpretations-and-policies-for-consideration-of-new-or
2026-13673,emissions,Energy,Energy Conservation Program: Review of DOE's Analytic Methods for Setting Energy Conservation Standards,Proposed Rule,Energy Department,2026-07-07,,,https://www.federalregister.gov/documents/2026/07/07/2026-13673/energy-conservation-program-review-of-does-analytic-methods-for-setting-energy-conservation
2026-13667,emissions,Energy,Minor New Source Review Program Air Permitting Public Participation Requirements for State Implementation Plans,Proposed Rule,Environmental Protection Agency,2026-07-07,,True,https://www.federalregister.gov/documents/2026/07/07/2026-13667/minor-new-source-review-program-air-permitting-public-participation-requirements-for-state
2026-13656,emissions,Energy,Medicare Program: Hospital Outpatient Prospective Payment and Ambulatory Surgical Center Payment Systems; and Quality Reporting Programs; Including the Hospital Outpatient Quality Reporting Program and Ambulatory Surgical Center Quality Program; Request for Information on Strengthening the Standardization and Comparability of Hospital Price Transparency (HPT) Data; Prior Authorization; Accrediting Organization (AO) Deeming for Emergency Medical Treatment and Labor Act (EMTALA); and Notices of Closure of Teaching Hospitals and Opportunities To Apply for Available Slots,Proposed Rule,Health and Human Services Department; Centers for Medicare & Medicaid Services,2026-07-07,,,https://www.federalregister.gov/documents/2026/07/07/2026-13656/medicare-program-hospital-outpatient-prospective-payment-and-ambulatory-surgical-center-payment
2026-13609,emissions,Energy,"Counter-UAS Authority for State, Local, Tribal, and Territorial Law Enforcement and Correctional Agencies",Rule,Homeland Security Department; Justice Department,2026-07-06,2026-07-01,,https://www.federalregister.gov/documents/2026/07/06/2026-13609/counter-uas-authority-for-state-local-tribal-and-territorial-law-enforcement-and-correctional
2026-13550,emissions,Energy,National Emission Standards for Hazardous Air Pollutants: Plywood and Composite Wood Products,Rule,Environmental Protection Agency,2026-07-06,2026-07-06,False,https://www.federalregister.gov/documents/2026/07/06/2026-13550/national-emission-standards-for-hazardous-air-pollutants-plywood-and-composite-wood-products
2026-13485,emissions,Energy,"Federal Plan Requirements for Other Solid Waste Incineration Units That Commenced Construction on or Before August 31, 2020, and Have Not Been Modified or Reconstructed After August 29, 2025",Proposed Rule,Environmental Protection Agency,2026-07-02,,,https://www.federalregister.gov/documents/2026/07/02/2026-13485/federal-plan-requirements-for-other-solid-waste-incineration-units-that-commenced-construction-on-or
2026-13403,emissions,Energy,Air Plan Approval; Alabama; Transportation Conformity,Proposed Rule,Environmental Protection Agency,2026-07-02,,,https://www.federalregister.gov/documents/2026/07/02/2026-13403/air-plan-approval-alabama-transportation-conformity
2026-13398,emissions,Energy,Air Plan Approval; Oklahoma; Updates to the State Implementation Plan for New Source Review Permitting and General SIP Provisions,Rule,Environmental Protection Agency,2026-07-02,2026-08-03,,https://www.federalregister.gov/documents/2026/07/02/2026-13398/air-plan-approval-oklahoma-updates-to-the-state-implementation-plan-for-new-source-review-permitting
2026-13396,emissions,Energy,Air Plan Approval; Delaware; 2006 24-Hour Fine Particulate Matter Limited Maintenance Plan for the Philadelphia Nonattainment Area,Rule,Environmental Protection Agency,2026-07-02,2026-08-03,,https://www.federalregister.gov/documents/2026/07/02/2026-13396/air-plan-approval-delaware-2006-24-hour-fine-particulate-matter-limited-maintenance-plan-for-the
2026-13280,emissions,Energy,"Special Conditions: AMAC Aerospace, The Boeing Company Model 747- 8 Airplane; Side-Facing Seats",Rule,Transportation Department; Federal Aviation Administration,2026-07-01,2026-07-01,,https://www.federalregister.gov/documents/2026/07/01/2026-13280/special-conditions-amac-aerospace-the-boeing-company-model-747--8-airplane-side-facing-seats
2026-13218,emissions,Energy,Airworthiness Directives; The Boeing Company Airplanes,Rule,Transportation Department; Federal Aviation Administration,2026-06-30,2026-07-01,False,https://www.federalregister.gov/documents/2026/06/30/2026-13218/airworthiness-directives-the-boeing-company-airplanes
2026-13217,emissions,Energy,Airworthiness Directives; The Boeing Company Airplanes,Rule,Transportation Department; Federal Aviation Administration,2026-06-30,2026-07-01,False,https://www.federalregister.gov/documents/2026/06/30/2026-13217/airworthiness-directives-the-boeing-company-airplanes
2026-13216,emissions,Energy,Airworthiness Directives; The Boeing Company Airplanes,Rule,Transportation Department; Federal Aviation Administration,2026-06-30,2026-07-01,False,https://www.federalregister.gov/documents/2026/06/30/2026-13216/airworthiness-directives-the-boeing-company-airplanes
2026-13208,emissions,Energy,Airworthiness Directives; The Boeing Company Airplanes,Rule,Transportation Department; Federal Aviation Administration,2026-06-30,2026-07-01,False,https://www.federalregister.gov/documents/2026/06/30/2026-13208/airworthiness-directives-the-boeing-company-airplanes
2026-13207,emissions,Energy,Airworthiness Directives; The Boeing Company Airplanes,Rule,Transportation Department; Federal Aviation Administration,2026-06-30,2026-07-01,False,https://www.federalregister.gov/documents/2026/06/30/2026-13207/airworthiness-directives-the-boeing-company-airplanes
2026-13206,emissions,Energy,Airworthiness Directives; The Boeing Company Airplanes,Rule,Transportation Department; Federal Aviation Administration,2026-06-30,2026-07-01,False,https://www.federalregister.gov/documents/2026/06/30/2026-13206/airworthiness-directives-the-boeing-company-airplanes
2026-13205,emissions,Energy,Airworthiness Directives; The Boeing Company Airplanes,Rule,Transportation Department; Federal Aviation Administration,2026-06-30,2026-07-01,False,https://www.federalregister.gov/documents/2026/06/30/2026-13205/airworthiness-directives-the-boeing-company-airplanes
2026-13162,emissions,Energy,Airworthiness Directives; Transport and Commuter Category Airplanes,Rule,Transportation Department; Federal Aviation Administration,2026-06-30,2026-07-01,False,https://www.federalregister.gov/documents/2026/06/30/2026-13162/airworthiness-directives-transport-and-commuter-category-airplanes
2026-13092,emissions,Energy,Technical Guidelines for the Production of Regenerative Agricultural Biofuel Feedstocks,Rule,Agriculture Department; Energy and Environmental Policy Office,2026-06-29,2026-07-29,,https://www.federalregister.gov/documents/2026/06/29/2026-13092/technical-guidelines-for-the-production-of-regenerative-agricultural-biofuel-feedstocks
2026-13027,emissions,Energy,"Air Plan Approval; Ohio; Redesignation of the Cleveland, OH Area to Attainment of the 2015 Ozone Standard",Rule,Environmental Protection Agency,2026-06-29,2026-06-29,,https://www.federalregister.gov/documents/2026/06/29/2026-13027/air-plan-approval-ohio-redesignation-of-the-cleveland-oh-area-to-attainment-of-the-2015-ozone
2026-12935,emissions,Energy,Air Quality Plan; California; Mojave Desert Air Quality Management District; Rescissions of Outdated Requirements Within Riverside County,Proposed Rule,Environmental Protection Agency,2026-06-26,,,https://www.federalregister.gov/documents/2026/06/26/2026-12935/air-quality-plan-california-mojave-desert-air-quality-management-district-rescissions-of-outdated
2026-12922,emissions,Energy,Transport Airplane and Propulsion Certification Modernization,Proposed Rule,Transportation Department; Federal Aviation Administration,2026-06-26,,False,https://www.federalregister.gov/documents/2026/06/26/2026-12922/transport-airplane-and-propulsion-certification-modernization
2026-12921,emissions,Energy,Air Plan Approval; Ohio; Source-Specific Non-CTG RACT and SIP Strengthening for Ohio,Rule,Environmental Protection Agency,2026-06-26,2026-06-26,,https://www.federalregister.gov/documents/2026/06/26/2026-12921/air-plan-approval-ohio-source-specific-non-ctg-ract-and-sip-strengthening-for-ohio
2026-12920,emissions,Energy,Air Plan Approval; Ohio; Source-Specific Non-CTG RACT,Rule,Environmental Protection Agency,2026-06-26,2026-06-26,,https://www.federalregister.gov/documents/2026/06/26/2026-12920/air-plan-approval-ohio-source-specific-non-ctg-ract
2026-12919,emissions,Energy,"Bus Testing: Updates to Bus Testing Program Procedures and Policies, Clarifications, Technical Adjustments, and Other Program Updates",Proposed Rule,Transportation Department; Federal Transit Administration,2026-06-26,,False,https://www.federalregister.gov/documents/2026/06/26/2026-12919/bus-testing-updates-to-bus-testing-program-procedures-and-policies-clarifications-technical
2026-12898,emissions,Energy,Air Plan Approval; District of Columbia; Creation of Synthetic Minor Permit Program,Rule,Environmental Protection Agency,2026-06-26,2026-07-27,,https://www.federalregister.gov/documents/2026/06/26/2026-12898/air-plan-approval-district-of-columbia-creation-of-synthetic-minor-permit-program
2026-12896,emissions,Energy,"Approval and Promulgation of State Air Quality Plans for Designated Facilities and Pollutants; Oklahoma; Control of Emissions From Existing Other Solid Waste Incineration Units, Hospital/Medical/Infectious Waste Incinerator Units, and Commercial and Industrial Solid Waste Incineration Units",Rule,Environmental Protection Agency,2026-06-26,2026-07-27,,https://www.federalregister.gov/documents/2026/06/26/2026-12896/approval-and-promulgation-of-state-air-quality-plans-for-designated-facilities-and-pollutants
2026-12895,emissions,Energy,Approval and Promulgation of State Air Quality Plans for Designated Facilities and Pollutants; Louisiana; Control of Emissions From Existing Other Solid Waste Incineration Units,Rule,Environmental Protection Agency,2026-06-26,2026-07-27,,https://www.federalregister.gov/documents/2026/06/26/2026-12895/approval-and-promulgation-of-state-air-quality-plans-for-designated-facilities-and-pollutants
2026-12792,emissions,Energy,Improving and Eliminating Regulations; Diesel Particulate Matter Emission Limits in Underground Coal Mines,Rule,Labor Department; Mine Safety and Health Administration,2026-06-25,2026-07-27,False,https://www.federalregister.gov/documents/2026/06/25/2026-12792/improving-and-eliminating-regulations-diesel-particulate-matter-emission-limits-in-underground-coal
2026-12749,emissions,Energy,Safety Standard for Lithium-Ion Batteries Used in Micromobility Products and Electrical Systems of Micromobility Products Containing Such Batteries,Proposed Rule,Consumer Product Safety Commission,2026-06-24,,False,https://www.federalregister.gov/documents/2026/06/24/2026-12749/safety-standard-for-lithium-ion-batteries-used-in-micromobility-products-and-electrical-systems-of
2026-12738,emissions,Energy,Royalty for Oil and Gas Lost From Onshore Federal and Indian Leases,Proposed Rule,Interior Department; Land Management Bureau,2026-06-24,,True,https://www.federalregister.gov/documents/2026/06/24/2026-12738/royalty-for-oil-and-gas-lost-from-onshore-federal-and-indian-leases
2026-12644,emissions,Energy,Longshore and Harbor Workers' Compensation Act: Quality Standards for Hearing Loss Testing,Proposed Rule,Labor Department; Workers' Compensation Programs Office,2026-06-23,,,https://www.federalregister.gov/documents/2026/06/23/2026-12644/longshore-and-harbor-workers-compensation-act-quality-standards-for-hearing-loss-testing
2026-12551,emissions,Energy,"Approval and Promulgation of Implementation Plans; Arizona; Revisions to the Cleaner Burning Gasoline, Winter Oxygenated Fuel, and Gasoline Set-Aside Programs",Proposed Rule,Environmental Protection Agency,2026-06-23,,,https://www.federalregister.gov/documents/2026/06/23/2026-12551/approval-and-promulgation-of-implementation-plans-arizona-revisions-to-the-cleaner-burning-gasoline
2026-12543,emissions,Energy,Air Plan Approval; Colorado; RACT Requirements for the 2008 8-Hour Ozone Standard for the Denver Metro/North Front Range Nonattainment Area,Proposed Rule,Environmental Protection Agency,2026-06-23,,,https://www.federalregister.gov/documents/2026/06/23/2026-12543/air-plan-approval-colorado-ract-requirements-for-the-2008-8-hour-ozone-standard-for-the-denver
2026-12481,emissions,Energy,National Emission Standards for Hazardous Air Pollutants: National Emission Standards for Hazardous Air Pollutants: Crude Oil and Natural Gas Production Facilities and Natural Gas Transmission and Storage Facilities; Technology Review and Reconsideration; Extension of Comment Period,Proposed Rule,Environmental Protection Agency,2026-06-22,2026-04-22,False,https://www.federalregister.gov/documents/2026/06/22/2026-12481/national-emission-standards-for-hazardous-air-pollutants-national-emission-standards-for-hazardous
2026-12424,emissions,Energy,Congressional Review Act Revocation of 2024 Amendments to the National Emission Standards for Hazardous Air Pollutants: Rubber Tire Manufacturing,Rule,Environmental Protection Agency,2026-06-22,2024-11-29,False,https://www.federalregister.gov/documents/2026/06/22/2026-12424/congressional-review-act-revocation-of-2024-amendments-to-the-national-emission-standards-for
2026-12415,emissions,Energy,Air Plan Approval; OR; Update to Materials Incorporated by Reference,Rule,Environmental Protection Agency,2026-06-22,2026-06-22,,https://www.federalregister.gov/documents/2026/06/22/2026-12415/air-plan-approval-or-update-to-materials-incorporated-by-reference
2026-12277,emissions,Energy,"Special Conditions: Honeywell Aerospace US LLC, Dassault Aviation Model Falcon 900EX Airplane; Electronic System Security Protection From Unauthorized External Access",Rule,Transportation Department; Federal Aviation Administration,2026-06-18,2026-06-18,,https://www.federalregister.gov/documents/2026/06/18/2026-12277/special-conditions-honeywell-aerospace-us-llc-dassault-aviation-model-falcon-900ex-airplane
2026-12273,emissions,Energy,"Special Conditions: Honeywell Aerospace US LLC, Dassault Aviation Model Falcon 900EX Airplane; Electronic System Security Protection From Unauthorized Internal Access",Rule,Transportation Department; Federal Aviation Administration,2026-06-18,2026-06-18,,https://www.federalregister.gov/documents/2026/06/18/2026-12273/special-conditions-honeywell-aerospace-us-llc-dassault-aviation-model-falcon-900ex-airplane
2026-11973,emissions,Energy,Implementing Regulation for National Environmental Policy Act (NEPA): Environmental Effects of the Department of Veterans Affairs Actions,Rule,Veterans Affairs Department,2026-06-15,2026-06-15,True,https://www.federalregister.gov/documents/2026/06/15/2026-11973/implementing-regulation-for-national-environmental-policy-act-nepa-environmental-effects-of-the
2026-11884,emissions,Energy,"Partial Withdrawals of Findings of Failure To Submit State Implementation Plan (SIP) Revisions To Amend Provisions Applying to Excess Emissions During Periods of Startup, Shutdown, and Malfunction",Rule,Environmental Protection Agency,2026-06-12,2026-07-13,False,https://www.federalregister.gov/documents/2026/06/12/2026-11884/partial-withdrawals-of-findings-of-failure-to-submit-state-implementation-plan-sip-revisions-to
2026-11843,emissions,Energy,Ozone Reclassification State Implementation Plan Rule,Proposed Rule,Environmental Protection Agency,2026-06-12,,False,https://www.federalregister.gov/documents/2026/06/12/2026-11843/ozone-reclassification-state-implementation-plan-rule
2026-11736,emissions,Energy,"Attainment Date Extension for the South Coast, California 2012 Annual PM2.5 Fine Particulate Matter Nonattainment Area",Proposed Rule,Environmental Protection Agency,2026-06-11,,,https://www.federalregister.gov/documents/2026/06/11/2026-11736/attainment-date-extension-for-the-south-coast-california-2012-annual-pm25-fine-particulate-matter
2026-11735,emissions,Energy,"Attainment Date Extension for the San Joaquin Valley, California 2012 Annual PM2.5 Fine Particulate Matter Nonattainment Area",Proposed Rule,Environmental Protection Agency,2026-06-11,,,https://www.federalregister.gov/documents/2026/06/11/2026-11735/attainment-date-extension-for-the-san-joaquin-valley-california-2012-annual-pm25-fine-particulate
2026-11732,emissions,Energy,Air Plan Approval; New York; New York Metropolitan Area Second Ten-Year Limited Maintenance Plan for the 2006 24-Hour PM2.5 Standard,Rule,Environmental Protection Agency,2026-06-11,2026-07-13,,https://www.federalregister.gov/documents/2026/06/11/2026-11732/air-plan-approval-new-york-new-york-metropolitan-area-second-ten-year-limited-maintenance-plan-for
2026-11731,emissions,Energy,Finding of Failure To Attain the 2006 24-Hour PM2.5 Standards; California; San Joaquin Valley; Error Correction,Rule,Environmental Protection Agency,2026-06-11,2026-07-13,,https://www.federalregister.gov/documents/2026/06/11/2026-11731/finding-of-failure-to-attain-the-2006-24-hour-pm25-standards-california-san-joaquin-valley-error
2026-11609,emissions,Energy,Endangered and Threatened Wildlife and Plants; Removal of Northeastern Bulrush From the List of Endangered and Threatened Plants,Rule,Interior Department; Fish and Wildlife Service,2026-06-10,2026-07-10,False,https://www.federalregister.gov/documents/2026/06/10/2026-11609/endangered-and-threatened-wildlife-and-plants-removal-of-northeastern-bulrush-from-the-list-of
2026-11436,emissions,Energy,Approval and Promulgation of Air Quality Implementation Plans; Wyoming; Regional Haze Federal Implementation Plan,Proposed Rule,Environmental Protection Agency,2026-06-08,,,https://www.federalregister.gov/documents/2026/06/08/2026-11436/approval-and-promulgation-of-air-quality-implementation-plans-wyoming-regional-haze-federal
2026-11432,emissions,Energy,Air Plan Approval; Minnesota; Revision to Taconite Federal Implementation Plan,Rule,Environmental Protection Agency,2026-06-08,2026-07-08,,https://www.federalregister.gov/documents/2026/06/08/2026-11432/air-plan-approval-minnesota-revision-to-taconite-federal-implementation-plan
2026-11360,emissions,Energy,Extending the Reporting Deadline Under the Greenhouse Gas Reporting Rule for 2025; Correction,Rule,Environmental Protection Agency,2026-06-05,2026-06-05,,https://www.federalregister.gov/documents/2026/06/05/2026-11360/extending-the-reporting-deadline-under-the-greenhouse-gas-reporting-rule-for-2025-correction
2026-11170,emissions,Energy,Clean Air Act Title V Operating Permit Program Revision; District of Columbia,Rule,Environmental Protection Agency,2026-06-04,2026-07-06,,https://www.federalregister.gov/documents/2026/06/04/2026-11170/clean-air-act-title-v-operating-permit-program-revision-district-of-columbia
2026-11169,emissions,Energy,"Revisions of the Nonattainment Designation for the 2008 and 2015 Ozone Standards and Clean Data Determinations for the 2008 and 2015 Ozone Standards: Cecil County, MD and New Castle County, DE",Rule,Environmental Protection Agency,2026-06-04,2026-07-06,,https://www.federalregister.gov/documents/2026/06/04/2026-11169/revisions-of-the-nonattainment-designation-for-the-2008-and-2015-ozone-standards-and-clean-data
2026-11168,emissions,Energy,"Conditional Approval; Contingency Measure State Implementation Plan for the 2008 Ozone Standards; San Joaquin Valley, California",Rule,Environmental Protection Agency,2026-06-04,2026-07-06,,https://www.federalregister.gov/documents/2026/06/04/2026-11168/conditional-approval-contingency-measure-state-implementation-plan-for-the-2008-ozone-standards-san
2026-11126,emissions,Energy,"1,2-dibromo-3-chloropropane; 1, 3-Butadiene; 13 Carcinogens (4-Nitrobiphenyl, etc.); Acrylonitrile; Asbestos; Benzene; Cadmium; Coke Oven Emissions; Cotton Dust; Ethylene Oxide; Formaldehyde; Inorganic Arsenic; Lead; Methylene Chloride; Methylenedianiline; Vinyl Chloride; Amending the Medical Evaluation Requirements in the Respiratory Protection Standard for Certain Types of Respirators; Safety Color Code for Marking Physical Hazards; Textiles; Sawmills; Safety Color Code for Marking Physical Hazards for Shipyard Employment; and Walking-Working Surfaces",Proposed Rule,Labor Department; Occupational Safety and Health Administration,2026-06-03,,,https://www.federalregister.gov/documents/2026/06/03/2026-11126/12-dibromo-3-chloropropane-1-3-butadiene-13-carcinogens-4-nitrobiphenyl-etc-acrylonitrile-asbestos
2026-11091,emissions,Energy,Rescission of Climate-Related Disclosure Rules,Proposed Rule,Securities and Exchange Commission,2026-06-03,,,https://www.federalregister.gov/documents/2026/06/03/2026-11091/rescission-of-climate-related-disclosure-rules
2026-11047,emissions,Energy,National Emission Standards for Hazardous Air Pollutants From Hazardous Waste Combustors: Residual Risk and Technology Review,Rule,Environmental Protection Agency,2026-06-03,2026-06-03,True,https://www.federalregister.gov/documents/2026/06/03/2026-11047/national-emission-standards-for-hazardous-air-pollutants-from-hazardous-waste-combustors-residual
2026-10875,emissions,Energy,Rescission of Title V Emergency Affirmative Defense Rule,Rule,Environmental Protection Agency,2026-06-01,2026-06-01,,https://www.federalregister.gov/documents/2026/06/01/2026-10875/rescission-of-title-v-emergency-affirmative-defense-rule
2026-10855,emissions,Energy,"Special Conditions: Honeywell International Inc., Boeing Model 757-200 Series Airplanes; Electronic System Security Protection From Unauthorized External Access",Rule,Transportation Department; Federal Aviation Administration,2026-06-01,2026-06-01,,https://www.federalregister.gov/documents/2026/06/01/2026-10855/special-conditions-honeywell-international-inc-boeing-model-757-200-series-airplanes-electronic
2026-10817,emissions,Energy,Regulation for Federal Financial Assistance,Proposed Rule,Management and Budget Office; Health and Human Services Department; Agriculture Department; State Department; Agency for International Development; Veterans Affairs Department; Energy Department; Treasury Department; Defense Department; Transportation Department; Commerce Department; Interior Department; Environmental Protection Agency; U.S. International Development Finance Corporation; National Aeronautics and Space Administration; United States Agency for Global Media; Nuclear Regulatory Commission; Corporation for National and Community Service; Social Security Administration; Housing and Urban Development Department; National Science Foundation; National Archives and Records Administration; Small Business Administration; Justice Department; Labor Department; Homeland Security Department; National Foundation on the Arts and the Humanities; Institute of Museum and Library Services; National Foundation on the Arts and the Humanities; National Endowment for the Arts; National Foundation on the Arts and the Humanities; National Endowment for the Humanities; Education Department; Export-Import Bank; Executive Office of the President; Office of National Drug Control Policy; Peace Corps; Election Assistance Commission; Gulf Coast Ecosystem Restoration Council; Federal Communications Commission; Consumer Product Safety Commission; Delta Regional Authority; Appraisal Subcommittee of the Federal Financial Institutions Examination Council; Marine Mammal Commission; Millennium Challenge Corporation; National Credit Union Administration,2026-05-29,,False,https://www.federalregister.gov/documents/2026/05/29/2026-10817/regulation-for-federal-financial-assistance
2026-10776,emissions,Energy,Air Plan Approval; Indiana; Keystone VOC RACT Alternative Control,Rule,Environmental Protection Agency,2026-05-29,2026-06-29,,https://www.federalregister.gov/documents/2026/05/29/2026-10776/air-plan-approval-indiana-keystone-voc-ract-alternative-control
2026-10771,emissions,Energy,"Air Plan Approval; Pennsylvania; Revision to Philadelphia Gas Works, Richmond Plant Reasonably Available Control Technology Plan Under the 1997 8-Hour Ozone National Ambient Air Quality Standards",Rule,Environmental Protection Agency,2026-05-29,2026-06-29,,https://www.federalregister.gov/documents/2026/05/29/2026-10771/air-plan-approval-pennsylvania-revision-to-philadelphia-gas-works-richmond-plant-reasonably
2026-10770,emissions,Energy,Approval of Source-Specific Air Quality Implementation Plan; New York; Calpine JFK Energy Center,Rule,Environmental Protection Agency,2026-05-29,2026-06-29,,https://www.federalregister.gov/documents/2026/05/29/2026-10770/approval-of-source-specific-air-quality-implementation-plan-new-york-calpine-jfk-energy-center
2026-10769,emissions,Energy,Air Plan Approval; New York; Athens Generating Plant,Rule,Environmental Protection Agency,2026-05-29,2026-06-29,,https://www.federalregister.gov/documents/2026/05/29/2026-10769/air-plan-approval-new-york-athens-generating-plant
2026-10767,emissions,Energy,Air Plan Approval; Michigan; Determination of Attainment by the Attainment Date for the 2015 Ozone Standards,Proposed Rule,Environmental Protection Agency,2026-05-29,,,https://www.federalregister.gov/documents/2026/05/29/2026-10767/air-plan-approval-michigan-determination-of-attainment-by-the-attainment-date-for-the-2015-ozone
2026-10760,emissions,Energy,Air Plan Approval; California; San Joaquin Valley Unified Air Pollution Control District; Ventura County Air Pollution Control District; South Coast Air Quality Management District; Oil and Gas Production; Volatile Organic Compounds,Rule,Environmental Protection Agency,2026-05-29,2026-06-29,,https://www.federalregister.gov/documents/2026/05/29/2026-10760/air-plan-approval-california-san-joaquin-valley-unified-air-pollution-control-district-ventura
2026-10755,emissions,Energy,"Air Plan Approval; Maryland; Clean Data Determination for the Baltimore, MD Nonattainment Area for the 2015 Ozone National Ambient Air Quality Standards",Rule,Environmental Protection Agency,2026-05-29,2026-06-29,,https://www.federalregister.gov/documents/2026/05/29/2026-10755/air-plan-approval-maryland-clean-data-determination-for-the-baltimore-md-nonattainment-area-for-the
2026-10754,emissions,Energy,Partial Approval and Partial Disapproval of Air Quality Implementation Plans; Hawaii; Regional Haze State Implementation Plan for the Second Implementation Period,Rule,Environmental Protection Agency,2026-05-29,2026-06-29,,https://www.federalregister.gov/documents/2026/05/29/2026-10754/partial-approval-and-partial-disapproval-of-air-quality-implementation-plans-hawaii-regional-haze
2026-10745,emissions,Energy,Air Plan Approval; Virginia; Repeal of Existing Stationary Source Regulations,Rule,Environmental Protection Agency,2026-05-29,2026-06-29,,https://www.federalregister.gov/documents/2026/05/29/2026-10745/air-plan-approval-virginia-repeal-of-existing-stationary-source-regulations
2026-10744,emissions,Energy,South Carolina; Approval of State Plan for Control of Emissions From Commercial and Industrial Solid Waste Incineration Units,Rule,Environmental Protection Agency,2026-05-29,2026-06-29,,https://www.federalregister.gov/documents/2026/05/29/2026-10744/south-carolina-approval-of-state-plan-for-control-of-emissions-from-commercial-and-industrial-solid
2026-10739,emissions,Energy,Approval and Promulgation of State Air Quality Plans (Negative Declarations) for Designated Facilities and Pollutants; District of Columbia,Rule,Environmental Protection Agency,2026-05-29,2026-06-29,,https://www.federalregister.gov/documents/2026/05/29/2026-10739/approval-and-promulgation-of-state-air-quality-plans-negative-declarations-for-designated-facilities
2026-10738,emissions,Energy,Air Plan Approval; ID; Update to Materials Incorporated by Reference,Rule,Environmental Protection Agency,2026-05-29,2026-05-29,,https://www.federalregister.gov/documents/2026/05/29/2026-10738/air-plan-approval-id-update-to-materials-incorporated-by-reference
2026-10643,emissions,Energy,Air Plan Approval; Ohio; Removal of Air Nuisance Rule,Proposed Rule,Environmental Protection Agency,2026-05-28,,,https://www.federalregister.gov/documents/2026/05/28/2026-10643/air-plan-approval-ohio-removal-of-air-nuisance-rule
2026-10642,emissions,Energy,Approval of Source-Specific Air Quality Implementation Plan; New York; Big Six Towers Inc.,Proposed Rule,Environmental Protection Agency,2026-05-28,,,https://www.federalregister.gov/documents/2026/05/28/2026-10642/approval-of-source-specific-air-quality-implementation-plan-new-york-big-six-towers-inc
2026-10640,emissions,Energy,Air Plan Approval; SC; Department Name Change,Proposed Rule,Environmental Protection Agency,2026-05-28,,,https://www.federalregister.gov/documents/2026/05/28/2026-10640/air-plan-approval-sc-department-name-change
2026-10498,emissions,Energy,Revisions to the Blanket Certificate Program,Proposed Rule,Energy Department; Federal Energy Regulatory Commission,2026-05-27,,,https://www.federalregister.gov/documents/2026/05/27/2026-10498/revisions-to-the-blanket-certificate-program
2026-10407,emissions,Energy,Enhancing Know-Your-Customer Requirements,Proposed Rule,Federal Communications Commission,2026-05-26,,,https://www.federalregister.gov/documents/2026/05/26/2026-10407/enhancing-know-your-customer-requirements
2026-10388,emissions,Energy,Phasedown of Hydrofluorocarbons: Excluding Road and Intermodal Container Transport Refrigeration Units From the Hydrofluorocarbon Leak Repair Requirements,Proposed Rule,Environmental Protection Agency,2026-05-26,,,https://www.federalregister.gov/documents/2026/05/26/2026-10388/phasedown-of-hydrofluorocarbons-excluding-road-and-intermodal-container-transport-refrigeration
2026-10387,emissions,Energy,Phasedown of Hydrofluorocarbons: Reconsideration of Certain Regulatory Requirements Promulgated Under the Technology Transitions Provisions of the American Innovation and Manufacturing Act of 2020,Rule,Environmental Protection Agency,2026-05-26,2026-07-27,True,https://www.federalregister.gov/documents/2026/05/26/2026-10387/phasedown-of-hydrofluorocarbons-reconsideration-of-certain-regulatory-requirements-promulgated-under
2026-10222,emissions,Energy,Enhancement of Emerging Growth Company Accommodations and Simplification of Filer Status for Reporting Companies,Proposed Rule,Securities and Exchange Commission,2026-05-21,,True,https://www.federalregister.gov/documents/2026/05/21/2026-10222/enhancement-of-emerging-growth-company-accommodations-and-simplification-of-filer-status-for
2026-10207,emissions,Energy,Air Plan Approval; FL; Emissions Reporting Requirements and Permitting Forms,Proposed Rule,Environmental Protection Agency,2026-05-21,,,https://www.federalregister.gov/documents/2026/05/21/2026-10207/air-plan-approval-fl-emissions-reporting-requirements-and-permitting-forms
2026-10045,emissions,Energy,Endangered and Threatened Wildlife and Plants; Reclassification of the Rough Popcornflower From Endangered to Threatened With a Section 4(d) Rule,Rule,Interior Department; Fish and Wildlife Service,2026-05-19,2026-06-18,False,https://www.federalregister.gov/documents/2026/05/19/2026-10045/endangered-and-threatened-wildlife-and-plants-reclassification-of-the-rough-popcornflower-from
2026-09905,emissions,Energy,"Revision of Tier 4 Criteria Pollutant Standards, Part 1: Amendments to Phase-In Schedule for Light-Duty and Medium-Duty Vehicles",Proposed Rule,Environmental Protection Agency,2026-05-18,,,https://www.federalregister.gov/documents/2026/05/18/2026-09905/revision-of-tier-4-criteria-pollutant-standards-part-1-amendments-to-phase-in-schedule-for
2026-09895,emissions,Energy,Effluent Limitations Guidelines and Standards for the Steam Electric Power Generating Point Source Category-Unmanaged Combustion Residual Leachate,Proposed Rule,Environmental Protection Agency,2026-05-18,,True,https://www.federalregister.gov/documents/2026/05/18/2026-09895/effluent-limitations-guidelines-and-standards-for-the-steam-electric-power-generating-point-source
2026-09877,emissions,Energy,Modernizing NRC Regulations for Byproduct Material Use,Proposed Rule,Nuclear Regulatory Commission,2026-05-18,,,https://www.federalregister.gov/documents/2026/05/18/2026-09877/modernizing-nrc-regulations-for-byproduct-material-use
2026-09619,emissions,Energy,Air Plan Approval; Montana; Revisions to Western Sugar Stipulation,Rule,Environmental Protection Agency,2026-05-14,2026-06-15,,https://www.federalregister.gov/documents/2026/05/14/2026-09619/air-plan-approval-montana-revisions-to-western-sugar-stipulation
2026-09618,emissions,Energy,Air Plan Approval; Minnesota; Metropolitan Council Wastewater Treatment Plant Title I PM10 SIP Revisions,Rule,Environmental Protection Agency,2026-05-14,2026-06-15,,https://www.federalregister.gov/documents/2026/05/14/2026-09618/air-plan-approval-minnesota-metropolitan-council-wastewater-treatment-plant-title-i-pm10-sip
2026-09615,emissions,Energy,Approval and Promulgation of Delegation of Authority for Designated Facilities and Pollutants; Washington; Northwest Clean Air Agency,Rule,Environmental Protection Agency,2026-05-14,2026-05-14,,https://www.federalregister.gov/documents/2026/05/14/2026-09615/approval-and-promulgation-of-delegation-of-authority-for-designated-facilities-and-pollutants
2026-09614,emissions,Energy,"Air Plan Approval; Ohio; Clean Data Determination for the Cleveland, Ohio Area for the 2015 Ozone Standard",Rule,Environmental Protection Agency,2026-05-14,2026-05-14,,https://www.federalregister.gov/documents/2026/05/14/2026-09614/air-plan-approval-ohio-clean-data-determination-for-the-cleveland-ohio-area-for-the-2015-ozone
2026-09613,emissions,Energy,Air Plan Approval; Illinois; Moderate Attainment Plan Elements for the Chicago and Metro East Areas for the 2015 Ozone Standard,Rule,Environmental Protection Agency,2026-05-14,2026-06-15,,https://www.federalregister.gov/documents/2026/05/14/2026-09613/air-plan-approval-illinois-moderate-attainment-plan-elements-for-the-chicago-and-metro-east-areas
2026-09612,emissions,Energy,Air Plan Approval; Indiana; Indiana NOX Emissions Monitoring,Rule,Environmental Protection Agency,2026-05-14,2026-06-15,,https://www.federalregister.gov/documents/2026/05/14/2026-09612/air-plan-approval-indiana-indiana-nox-emissions-monitoring
2026-09604,emissions,Energy,"Determination of Attainment by the Attainment Date and Clean Data Determination for the 2012 Annual Fine Particulate Standard; Plumas County, California",Proposed Rule,Environmental Protection Agency,2026-05-14,,,https://www.federalregister.gov/documents/2026/05/14/2026-09604/determination-of-attainment-by-the-attainment-date-and-clean-data-determination-for-the-2012-annual
2026-09565,emissions,Energy,Modernizing Spectrum Sharing for Satellite Broadband,Rule,Federal Communications Commission,2026-05-13,2026-07-13,,https://www.federalregister.gov/documents/2026/05/13/2026-09565/modernizing-spectrum-sharing-for-satellite-broadband
2026-09524,emissions,Energy,Begin Actual Construction in the New Source Review (NSR) Preconstruction Permitting Program,Proposed Rule,Environmental Protection Agency,2026-05-13,,True,https://www.federalregister.gov/documents/2026/05/13/2026-09524/begin-actual-construction-in-the-new-source-review-nsr-preconstruction-permitting-program
2026-09190,emissions,Energy,Protecting Against National Security Threats in Domestic Telecommunications Service,Proposed Rule,Federal Communications Commission,2026-05-08,,,https://www.federalregister.gov/documents/2026/05/08/2026-09190/protecting-against-national-security-threats-in-domestic-telecommunications-service
2026-09146,emissions,Energy,Air Plan Approval; NC; Removal of the State's Vehicle Inspection and Maintenance Program,Proposed Rule,Environmental Protection Agency,2026-05-08,,,https://www.federalregister.gov/documents/2026/05/08/2026-09146/air-plan-approval-nc-removal-of-the-states-vehicle-inspection-and-maintenance-program
2026-09141,emissions,Energy,Section 45Z Clean Fuel Production Credit; Hearing,Proposed Rule,Treasury Department; Internal Revenue Service,2026-05-08,,False,https://www.federalregister.gov/documents/2026/05/08/2026-09141/section-45z-clean-fuel-production-credit-hearing
2026-09055,emissions,Energy,Air Quality Plan; California; San Diego County Air Pollution Control District; Landfill Flares,Proposed Rule,Environmental Protection Agency,2026-05-07,,,https://www.federalregister.gov/documents/2026/05/07/2026-09055/air-quality-plan-california-san-diego-county-air-pollution-control-district-landfill-flares
2026-09054,emissions,Energy,Air Plan Approval; Missouri; Attainment Plan for the New Madrid Nonattainment Area for the 2010 1-Hour Sulfur Dioxide National Ambient Air Quality Standard,Proposed Rule,Environmental Protection Agency,2026-05-07,,,https://www.federalregister.gov/documents/2026/05/07/2026-09054/air-plan-approval-missouri-attainment-plan-for-the-new-madrid-nonattainment-area-for-the-2010-1-hour
2026-09043,emissions,Energy,Approval and Promulgation of Delegation of Authority for Designated Facilities and Pollutants; Allegheny County; Delegation of Authority of the Federal Plan for Existing Sewage Sludge Incineration Units,Rule,Environmental Protection Agency,2026-05-07,2026-06-08,,https://www.federalregister.gov/documents/2026/05/07/2026-09043/approval-and-promulgation-of-delegation-of-authority-for-designated-facilities-and-pollutants
2026-13675,airline,Industrials,Airline Refunds and Other Consumer Protections,Rule,Transportation Department; Office of the Secretary,2026-07-07,,True,https://www.federalregister.gov/documents/2026/07/07/2026-13675/airline-refunds-and-other-consumer-protections
2026-13546,airline,Industrials,Ensuring Passenger Safety by Preempting Duty and Rest Requirements,Proposed Rule,Transportation Department; Federal Aviation Administration,2026-07-06,,,https://www.federalregister.gov/documents/2026/07/06/2026-13546/ensuring-passenger-safety-by-preempting-duty-and-rest-requirements
2026-13475,airline,Industrials,Airworthiness Directives; The Boeing Company Airplanes,Rule,Transportation Department; Federal Aviation Administration,2026-07-02,2026-08-06,False,https://www.federalregister.gov/documents/2026/07/02/2026-13475/airworthiness-directives-the-boeing-company-airplanes
2026-13450,airline,Industrials,Increasing Flexibility on Disclosure of Airline Ancillary Fees,Rule,Transportation Department; Office of the Secretary,2026-07-02,2026-07-02,True,https://www.federalregister.gov/documents/2026/07/02/2026-13450/increasing-flexibility-on-disclosure-of-airline-ancillary-fees
2026-13295,airline,Industrials,Procedures in Regulating and Enforcing Unfair or Deceptive Practices,Rule,Transportation Department; Office of the Secretary,2026-07-01,2026-07-31,False,https://www.federalregister.gov/documents/2026/07/01/2026-13295/procedures-in-regulating-and-enforcing-unfair-or-deceptive-practices
2026-13294,airline,Industrials,Enhancing Flexibility of Air Fare Price Advertising,Proposed Rule,Transportation Department; Office of the Secretary,2026-07-01,,True,https://www.federalregister.gov/documents/2026/07/01/2026-13294/enhancing-flexibility-of-air-fare-price-advertising
2026-13286,airline,Industrials,Accountability in Higher Education and Access Through Demand- Driven Workforce Pell: Student Tuition and Transparency System (STATS) and Earnings Accountability,Rule,Education Department,2026-07-01,2027-07-01,,https://www.federalregister.gov/documents/2026/07/01/2026-13286/accountability-in-higher-education-and-access-through-demand--driven-workforce-pell-student-tuition
2026-12922,airline,Industrials,Transport Airplane and Propulsion Certification Modernization,Proposed Rule,Transportation Department; Federal Aviation Administration,2026-06-26,,False,https://www.federalregister.gov/documents/2026/06/26/2026-12922/transport-airplane-and-propulsion-certification-modernization
2026-12591,airline,Industrials,Operating Limitations at John F. Kennedy International Airport,Rule,Transportation Department; Federal Aviation Administration,2026-06-23,2026-10-25,,https://www.federalregister.gov/documents/2026/06/23/2026-12591/operating-limitations-at-john-f-kennedy-international-airport
2026-12277,airline,Industrials,"Special Conditions: Honeywell Aerospace US LLC, Dassault Aviation Model Falcon 900EX Airplane; Electronic System Security Protection From Unauthorized External Access",Rule,Transportation Department; Federal Aviation Administration,2026-06-18,2026-06-18,,https://www.federalregister.gov/documents/2026/06/18/2026-12277/special-conditions-honeywell-aerospace-us-llc-dassault-aviation-model-falcon-900ex-airplane
2026-12273,airline,Industrials,"Special Conditions: Honeywell Aerospace US LLC, Dassault Aviation Model Falcon 900EX Airplane; Electronic System Security Protection From Unauthorized Internal Access",Rule,Transportation Department; Federal Aviation Administration,2026-06-18,2026-06-18,,https://www.federalregister.gov/documents/2026/06/18/2026-12273/special-conditions-honeywell-aerospace-us-llc-dassault-aviation-model-falcon-900ex-airplane
2026-12069,airline,Industrials,"Medicare Program; Strengthening Oversight of Accrediting Organizations (AOs) and Preventing AO Conflicts of Interest, and Related Provisions",Rule,Health and Human Services Department; Centers for Medicare & Medicaid Services,2026-06-16,2027-06-16,True,https://www.federalregister.gov/documents/2026/06/16/2026-12069/medicare-program-strengthening-oversight-of-accrediting-organizations-aos-and-preventing-ao
2026-11974,airline,Industrials,Airworthiness Directives; The Boeing Company Airplanes,Rule,Transportation Department; Federal Aviation Administration,2026-06-15,2026-07-20,False,https://www.federalregister.gov/documents/2026/06/15/2026-11974/airworthiness-directives-the-boeing-company-airplanes
2026-11510,airline,Industrials,Airworthiness Directives; Airbus SAS Airplanes,Rule,Transportation Department; Federal Aviation Administration,2026-06-09,2026-07-14,False,https://www.federalregister.gov/documents/2026/06/09/2026-11510/airworthiness-directives-airbus-sas-airplanes
2026-11215,airline,Industrials,Airworthiness Directives; Airbus SAS Airplanes,Rule,Transportation Department; Federal Aviation Administration,2026-06-04,2026-07-09,False,https://www.federalregister.gov/documents/2026/06/04/2026-11215/airworthiness-directives-airbus-sas-airplanes
2026-11179,airline,Industrials,Airworthiness Directives; Rolls-Royce Deutschland Ltd & Co KG Engines,Rule,Transportation Department; Federal Aviation Administration,2026-06-04,2026-07-09,False,https://www.federalregister.gov/documents/2026/06/04/2026-11179/airworthiness-directives-rolls-royce-deutschland-ltd-and-co-kg-engines
2026-10855,airline,Industrials,"Special Conditions: Honeywell International Inc., Boeing Model 757-200 Series Airplanes; Electronic System Security Protection From Unauthorized External Access",Rule,Transportation Department; Federal Aviation Administration,2026-06-01,2026-06-01,,https://www.federalregister.gov/documents/2026/06/01/2026-10855/special-conditions-honeywell-international-inc-boeing-model-757-200-series-airplanes-electronic
2026-10849,airline,Industrials,Labor Organization Annual Financial Reports,Rule,Labor Department; Labor-Management Standards Office,2026-06-01,2026-07-01,True,https://www.federalregister.gov/documents/2026/06/01/2026-10849/labor-organization-annual-financial-reports
2026-10801,airline,Industrials,Airworthiness Directives; Airbus SAS Airplanes,Rule,Transportation Department; Federal Aviation Administration,2026-05-29,2026-07-06,False,https://www.federalregister.gov/documents/2026/05/29/2026-10801/airworthiness-directives-airbus-sas-airplanes
2026-10799,airline,Industrials,Airworthiness Directives; Airbus SAS Airplanes,Rule,Transportation Department; Federal Aviation Administration,2026-05-29,2026-07-06,False,https://www.federalregister.gov/documents/2026/05/29/2026-10799/airworthiness-directives-airbus-sas-airplanes
2026-10491,airline,Industrials,"Airworthiness Directives; Airbus Canada Limited Partnership (Type Certificate Previously Held by C Series Aircraft Limited Partnership (CSALP); Bombardier, Inc.) Airplanes",Rule,Transportation Department; Federal Aviation Administration,2026-05-27,2026-07-01,False,https://www.federalregister.gov/documents/2026/05/27/2026-10491/airworthiness-directives-airbus-canada-limited-partnership-type-certificate-previously-held-by-c
2026-10360,airline,Industrials,Airworthiness Directives; Pratt & Whitney RTX Corporation (Type Certificate Previously Held by Pratt & Whitney Division United Technologies Corporation) Engines,Rule,Transportation Department; Federal Aviation Administration,2026-05-22,2026-06-26,False,https://www.federalregister.gov/documents/2026/05/22/2026-10360/airworthiness-directives-pratt-and-whitney-rtx-corporation-type-certificate-previously-held-by-pratt
2026-10293,airline,Industrials,Prohibition of Remote Dispatching,Proposed Rule,Transportation Department; Federal Aviation Administration,2026-05-22,,False,https://www.federalregister.gov/documents/2026/05/22/2026-10293/prohibition-of-remote-dispatching
2026-09450,airline,Industrials,Rulemaking Procedures,Proposed Rule,Federal Maritime Commission,2026-05-13,,False,https://www.federalregister.gov/documents/2026/05/13/2026-09450/rulemaking-procedures
2026-09290,airline,Industrials,Procedures for Transportation Workplace Drug and Alcohol Testing Programs,Rule,Transportation Department; Office of the Secretary,2026-05-11,2026-06-10,False,https://www.federalregister.gov/documents/2026/05/11/2026-09290/procedures-for-transportation-workplace-drug-and-alcohol-testing-programs
2026-09169,airline,Industrials,Airworthiness Directives; Airbus SAS Airplanes,Rule,Transportation Department; Federal Aviation Administration,2026-05-08,2026-06-12,False,https://www.federalregister.gov/documents/2026/05/08/2026-09169/airworthiness-directives-airbus-sas-airplanes
2026-08943,airline,Industrials,Designation-Restrict the Operation of Unmanned Aircraft in Close Proximity to a Fixed Site Facility,Proposed Rule,Transportation Department; Federal Aviation Administration,2026-05-06,,True,https://www.federalregister.gov/documents/2026/05/06/2026-08943/designation-restrict-the-operation-of-unmanned-aircraft-in-close-proximity-to-a-fixed-site-facility
2026-08917,airline,Industrials,Clarifying Delivery to a Common or Contract Carrier When Transporting Firearms,Proposed Rule,"Justice Department; Alcohol, Tobacco, Firearms, and Explosives Bureau",2026-05-06,,,https://www.federalregister.gov/documents/2026/05/06/2026-08917/clarifying-delivery-to-a-common-or-contract-carrier-when-transporting-firearms
2026-08916,airline,Industrials,Clarifying Interstate Transportation of Firearms Under the Gun Control Act,Proposed Rule,"Justice Department; Alcohol, Tobacco, Firearms, and Explosives Bureau",2026-05-06,,,https://www.federalregister.gov/documents/2026/05/06/2026-08916/clarifying-interstate-transportation-of-firearms-under-the-gun-control-act
2026-08556,airline,Industrials,Reimagining and Improving Student Education-Federal Student Loan Program Final Regulations,Rule,Education Department,2026-05-01,2026-07-01,,https://www.federalregister.gov/documents/2026/05/01/2026-08556/reimagining-and-improving-student-education-federal-student-loan-program-final-regulations
2026-08306,airline,Industrials,Airworthiness Directives; The Boeing Company Airplanes,Rule,Transportation Department; Federal Aviation Administration,2026-04-29,2026-06-03,False,https://www.federalregister.gov/documents/2026/04/29/2026-08306/airworthiness-directives-the-boeing-company-airplanes
2026-08264,airline,Industrials,Five-Year Review of the Oil Pipeline Index,Rule,Energy Department; Federal Energy Regulatory Commission,2026-04-28,2026-06-29,,https://www.federalregister.gov/documents/2026/04/28/2026-08264/five-year-review-of-the-oil-pipeline-index
2026-08144,airline,Industrials,"Administrative Rulemaking, Guidance, and Enforcement Procedures",Rule,Transportation Department; Transportation Department; Pipeline and Hazardous Materials Safety Administration; Federal Motor Carrier Safety Administration; National Highway Traffic Safety Administration; Federal Transit Administration,2026-04-27,2026-05-27,True,https://www.federalregister.gov/documents/2026/04/27/2026-08144/administrative-rulemaking-guidance-and-enforcement-procedures
2026-08103,airline,Industrials,One-Page Document on Passenger Rights,Rule,Transportation Department; Office of the Secretary,2026-04-24,2026-05-26,,https://www.federalregister.gov/documents/2026/04/24/2026-08103/one-page-document-on-passenger-rights
2026-08021,airline,Industrials,Amendments to the Federal Railroad Administration's Procedures for Service of Documents in Railroad Safety Enforcement Proceedings,Rule,Transportation Department; Federal Railroad Administration,2026-04-24,2026-05-26,False,https://www.federalregister.gov/documents/2026/04/24/2026-08021/amendments-to-the-federal-railroad-administrations-procedures-for-service-of-documents-in-railroad
2026-07959,airline,Industrials,"Joint Employer Status Under the Fair Labor Standards Act, Family and Medical Leave Act, and Migrant and Seasonal Agricultural Worker Protection Act",Proposed Rule,Labor Department; Wage and Hour Division,2026-04-23,,True,https://www.federalregister.gov/documents/2026/04/23/2026-07959/joint-employer-status-under-the-fair-labor-standards-act-family-and-medical-leave-act-and-migrant
2026-07666,airline,Industrials,Accountability in Higher Education and Access Through Demand-Driven Workforce Pell: Student Tuition and Transparency System (STATS) and Earnings Accountability,Proposed Rule,Education Department,2026-04-20,,,https://www.federalregister.gov/documents/2026/04/20/2026-07666/accountability-in-higher-education-and-access-through-demand-driven-workforce-pell-student-tuition
2026-07343,airline,Industrials,Deleting Obsolete and Duplicative Wireline Rules,Rule,Federal Communications Commission,2026-04-16,2026-06-15,,https://www.federalregister.gov/documents/2026/04/16/2026-07343/deleting-obsolete-and-duplicative-wireline-rules
2026-07104,airline,Industrials,Occupations That Customarily and Regularly Received Tips; Definition of Qualified Tips,Rule,Treasury Department; Internal Revenue Service,2026-04-13,2026-06-12,,https://www.federalregister.gov/documents/2026/04/13/2026-07104/occupations-that-customarily-and-regularly-received-tips-definition-of-qualified-tips
2026-05117,airline,Industrials,Airworthiness Directives; The Boeing Company Airplanes,Rule,Transportation Department; Federal Aviation Administration,2026-03-16,2026-04-20,False,https://www.federalregister.gov/documents/2026/03/16/2026-05117/airworthiness-directives-the-boeing-company-airplanes
2026-04832,airline,Industrials,Airworthiness Directives; The Boeing Company Airplanes,Rule,Transportation Department; Federal Aviation Administration,2026-03-12,2026-04-16,False,https://www.federalregister.gov/documents/2026/03/12/2026-04832/airworthiness-directives-the-boeing-company-airplanes
2026-04831,airline,Industrials,Airworthiness Directives; The Boeing Company Airplanes,Rule,Transportation Department; Federal Aviation Administration,2026-03-12,2026-04-16,False,https://www.federalregister.gov/documents/2026/03/12/2026-04831/airworthiness-directives-the-boeing-company-airplanes
2026-04829,airline,Industrials,Airworthiness Directives; The Boeing Company Airplanes,Rule,Transportation Department; Federal Aviation Administration,2026-03-12,2026-04-16,False,https://www.federalregister.gov/documents/2026/03/12/2026-04829/airworthiness-directives-the-boeing-company-airplanes
2026-04737,airline,Industrials,Visas: Enhancing Vetting and Combatting Fraud in the Diversity Immigrant Visa Program,Rule,State Department,2026-03-11,2026-04-10,True,https://www.federalregister.gov/documents/2026/03/11/2026-04737/visas-enhancing-vetting-and-combatting-fraud-in-the-diversity-immigrant-visa-program
2026-04606,airline,Industrials,Alaska; Hunting and Trapping in National Preserves,Proposed Rule,Interior Department; National Park Service,2026-03-10,,True,https://www.federalregister.gov/documents/2026/03/10/2026-04606/alaska-hunting-and-trapping-in-national-preserves
2026-04466,airline,Industrials,Airworthiness Directives; The Boeing Company Airplanes,Rule,Transportation Department; Federal Aviation Administration,2026-03-06,2026-04-10,False,https://www.federalregister.gov/documents/2026/03/06/2026-04466/airworthiness-directives-the-boeing-company-airplanes
2026-04448,airline,Industrials,Airworthiness Directives; Rolls-Royce Deutschland Ltd & Co KG Engines,Rule,Transportation Department; Federal Aviation Administration,2026-03-06,2026-04-10,False,https://www.federalregister.gov/documents/2026/03/06/2026-04448/airworthiness-directives-rolls-royce-deutschland-ltd-and-co-kg-engines
2026-04033,airline,Industrials,Proposal of Special Measure Regarding MBaer Merchant Bank AG as a Financial Institution Operating Outside of the United States of Primary Money Laundering Concern,Proposed Rule,Treasury Department; Financial Crimes Enforcement Network,2026-03-02,,,https://www.federalregister.gov/documents/2026/03/02/2026-04033/proposal-of-special-measure-regarding-mbaer-merchant-bank-ag-as-a-financial-institution-operating
2026-02110,airline,Industrials,"25-Hour Cockpit Voice Recorder (CVR) Requirement, New Aircraft Production",Rule,Transportation Department; Federal Aviation Administration,2026-02-02,,False,https://www.federalregister.gov/documents/2026/02/02/2026-02110/25-hour-cockpit-voice-recorder-cvr-requirement-new-aircraft-production
2026-02096,airline,Industrials,Airworthiness Directives; The Boeing Company Airplanes,Rule,Transportation Department; Federal Aviation Administration,2026-02-02,2026-03-09,False,https://www.federalregister.gov/documents/2026/02/02/2026-02096/airworthiness-directives-the-boeing-company-airplanes
2026-02095,airline,Industrials,Airworthiness Directives; Airbus SAS Airplanes,Rule,Transportation Department; Federal Aviation Administration,2026-02-02,2026-03-09,False,https://www.federalregister.gov/documents/2026/02/02/2026-02095/airworthiness-directives-airbus-sas-airplanes
2026-01912,airline,Industrials,Reimagining and Improving Student Education,Proposed Rule,Education Department,2026-01-30,,,https://www.federalregister.gov/documents/2026/01/30/2026-01912/reimagining-and-improving-student-education
2026-01833,airline,Industrials,Medicare and Medicaid Programs; Organ Procurement Organizations Conditions for Coverage: Revisions to the Conditions for Coverage,Proposed Rule,Health and Human Services Department; Centers for Medicare & Medicaid Services,2026-01-30,,True,https://www.federalregister.gov/documents/2026/01/30/2026-01833/medicare-and-medicaid-programs-organ-procurement-organizations-conditions-for-coverage-revisions-to
2026-01226,airline,Industrials,Flight Restrictions in the Vicinity of Ronald Reagan Washington National Airport (DCA),Rule,Transportation Department; Federal Aviation Administration,2026-01-23,2026-01-23,False,https://www.federalregister.gov/documents/2026/01/23/2026-01226/flight-restrictions-in-the-vicinity-of-ronald-reagan-washington-national-airport-dca
2026-01152,airline,Industrials,"Airworthiness Directives; CFM International, S.A. Engines",Rule,Transportation Department; Federal Aviation Administration,2026-01-22,2026-02-26,False,https://www.federalregister.gov/documents/2026/01/22/2026-01152/airworthiness-directives-cfm-international-sa-engines
2026-01117,airline,Industrials,"Wagner-Peyser Act Staffing, Delay of Merit Staffing Compliance Date",Rule,Labor Department; Employment and Training Administration,2026-01-21,2026-01-21,False,https://www.federalregister.gov/documents/2026/01/21/2026-01117/wagner-peyser-act-staffing-delay-of-merit-staffing-compliance-date
2026-01094,airline,Industrials,"Airworthiness Directives; CFM International, S.A. Engines",Rule,Transportation Department; Federal Aviation Administration,2026-01-21,2026-02-25,False,https://www.federalregister.gov/documents/2026/01/21/2026-01094/airworthiness-directives-cfm-international-sa-engines
2026-00839,airline,Industrials,Airworthiness Directives; The Boeing Company Airplanes,Rule,Transportation Department; Federal Aviation Administration,2026-01-16,2026-02-20,False,https://www.federalregister.gov/documents/2026/01/16/2026-00839/airworthiness-directives-the-boeing-company-airplanes
2026-00837,airline,Industrials,Airworthiness Directives; The Boeing Company Airplanes,Rule,Transportation Department; Federal Aviation Administration,2026-01-16,2026-02-20,False,https://www.federalregister.gov/documents/2026/01/16/2026-00837/airworthiness-directives-the-boeing-company-airplanes
2026-00330,airline,Industrials,Airworthiness Directives; International Aero Engines LLC Engines,Rule,Transportation Department; Federal Aviation Administration,2026-01-12,2026-02-17,False,https://www.federalregister.gov/documents/2026/01/12/2026-00330/airworthiness-directives-international-aero-engines-llc-engines
2026-00164,airline,Industrials,International Competitive Services Product and Price Changes,Rule,Postal Service,2026-01-08,2026-01-18,,https://www.federalregister.gov/documents/2026/01/08/2026-00164/international-competitive-services-product-and-price-changes
2026-00051,airline,Industrials,Requirements for Interference-Tolerant Radio Altimeter Systems,Proposed Rule,Transportation Department; Federal Aviation Administration,2026-01-07,,,https://www.federalregister.gov/documents/2026/01/07/2026-00051/requirements-for-interference-tolerant-radio-altimeter-systems
2025-24102,airline,Industrials,Effluent Limitations Guidelines and Standards for the Steam Electric Power Generating Point Source Category-Deadline Extensions,Rule,Environmental Protection Agency,2025-12-31,2026-03-02,,https://www.federalregister.gov/documents/2025/12/31/2025-24102/effluent-limitations-guidelines-and-standards-for-the-steam-electric-power-generating-point-source
2025-24014,airline,Industrials,Airworthiness Directives; Aerospace & Defense Oxygen Systems SaS (Part of Safran Aerosystems) (Formerly Known as Air Liquide),Rule,Transportation Department; Federal Aviation Administration,2025-12-30,2026-01-14,False,https://www.federalregister.gov/documents/2025/12/30/2025-24014/airworthiness-directives-aerospace-and-defense-oxygen-systems-sas-part-of-safran-aerosystems
2025-22629,airline,Industrials,Airworthiness Directives; The Boeing Company Airplanes,Rule,Transportation Department; Federal Aviation Administration,2025-12-12,2026-01-16,False,https://www.federalregister.gov/documents/2025/12/12/2025-22629/airworthiness-directives-the-boeing-company-airplanes
2025-22415,airline,Industrials,Airline Customer Service Commitments for Controllable Flight Disruptions: Unscheduled Maintenance in Response to FAA Airworthiness Directives,Rule,Transportation Department; Office of the Secretary,2025-12-10,2025-12-10,,https://www.federalregister.gov/documents/2025/12/10/2025-22415/airline-customer-service-commitments-for-controllable-flight-disruptions-unscheduled-maintenance-in
2025-22363,airline,Industrials,Airworthiness Directives; The Boeing Company Airplanes,Rule,Transportation Department; Federal Aviation Administration,2025-12-09,2026-01-13,False,https://www.federalregister.gov/documents/2025/12/09/2025-22363/airworthiness-directives-the-boeing-company-airplanes
2025-22350,airline,Industrials,Airworthiness Directives; The Boeing Company Airplanes,Rule,Transportation Department; Federal Aviation Administration,2025-12-09,2026-01-13,False,https://www.federalregister.gov/documents/2025/12/09/2025-22350/airworthiness-directives-the-boeing-company-airplanes
2025-22344,airline,Industrials,Airworthiness Directives; The Boeing Company Airplanes,Rule,Transportation Department; Federal Aviation Administration,2025-12-09,2026-01-13,False,https://www.federalregister.gov/documents/2025/12/09/2025-22344/airworthiness-directives-the-boeing-company-airplanes
2025-22289,airline,Industrials,Federal Travel Regulation; Reorganizing and Streamlining the Federal Travel Regulation To Improve Operational Efficiency,Rule,General Services Administration,2025-12-08,2025-12-08,True,https://www.federalregister.gov/documents/2025/12/08/2025-22289/federal-travel-regulation-reorganizing-and-streamlining-the-federal-travel-regulation-to-improve
2025-22220,airline,Industrials,Sport Pilot Practical Test Standards Alignment,Proposed Rule,Transportation Department; Federal Aviation Administration,2025-12-08,,False,https://www.federalregister.gov/documents/2025/12/08/2025-22220/sport-pilot-practical-test-standards-alignment
2025-22140,airline,Industrials,Airline Refunds and Other Consumer Protections,Rule,Transportation Department; Office of the Secretary,2025-12-05,,True,https://www.federalregister.gov/documents/2025/12/05/2025-22140/airline-refunds-and-other-consumer-protections
2025-22020,airline,Industrials,In the Matter of Upper C-band (3.98-4.2 GHz),Proposed Rule,Federal Communications Commission,2025-12-05,,,https://www.federalregister.gov/documents/2025/12/05/2025-22020/in-the-matter-of-upper-c-band-398-42-ghz
2025-21962,airline,Industrials,Expiration of Interim Final Rule: Control of Communicable Diseases; Foreign Quarantine,Rule,Health and Human Services Department,2025-12-04,2025-12-04,True,https://www.federalregister.gov/documents/2025/12/04/2025-21962/expiration-of-interim-final-rule-control-of-communicable-diseases-foreign-quarantine
2025-21477,airline,Industrials,Airworthiness Directives; The Boeing Company Airplanes,Rule,Transportation Department; Federal Aviation Administration,2025-11-28,2026-01-02,False,https://www.federalregister.gov/documents/2025/11/28/2025-21477/airworthiness-directives-the-boeing-company-airplanes
2025-21476,airline,Industrials,Airworthiness Directives; Airbus SAS Airplanes,Rule,Transportation Department; Federal Aviation Administration,2025-11-28,2026-01-02,False,https://www.federalregister.gov/documents/2025/11/28/2025-21476/airworthiness-directives-airbus-sas-airplanes
2025-21474,airline,Industrials,Airworthiness Directives; The Boeing Company Airplanes,Rule,Transportation Department; Federal Aviation Administration,2025-11-28,2026-01-02,False,https://www.federalregister.gov/documents/2025/11/28/2025-21474/airworthiness-directives-the-boeing-company-airplanes
2025-20900,airline,Industrials,Supplemental Review of the Oil Pipeline Index Level,Proposed Rule,Energy Department; Federal Energy Regulatory Commission,2025-11-25,,,https://www.federalregister.gov/documents/2025/11/25/2025-20900/supplemental-review-of-the-oil-pipeline-index-level
2025-20606,airline,Industrials,Enhanced Air Cargo Advance Screening (ACAS),Rule,Homeland Security Department; U.S. Customs and Border Protection,2025-11-21,2025-11-21,True,https://www.federalregister.gov/documents/2025/11/21/2025-20606/enhanced-air-cargo-advance-screening-acas
2025-20042,airline,Industrials,Airline Passenger Rights; Withdrawal,Proposed Rule,Transportation Department; Office of the Secretary,2025-11-17,,True,https://www.federalregister.gov/documents/2025/11/17/2025-20042/airline-passenger-rights-withdrawal
2025-19692,airline,Industrials,Procedures in Regulating and Enforcing Unfair or Deceptive Practices,Proposed Rule,Transportation Department; Transportation Department,2025-10-30,,False,https://www.federalregister.gov/documents/2025/10/30/2025-19692/procedures-in-regulating-and-enforcing-unfair-or-deceptive-practices
2025-19671,airline,Industrials,Fair Credit Reporting Act; Preemption of State Laws,Rule,Consumer Financial Protection Bureau,2025-10-28,,,https://www.federalregister.gov/documents/2025/10/28/2025-19671/fair-credit-reporting-act-preemption-of-state-laws
2025-19655,airline,Industrials,Collection of Biometric Data From Aliens Upon Entry to and Departure From the United States,Rule,Homeland Security Department,2025-10-27,2025-12-26,True,https://www.federalregister.gov/documents/2025/10/27/2025-19655/collection-of-biometric-data-from-aliens-upon-entry-to-and-departure-from-the-united-states
2025-19394,airline,Industrials,Airworthiness Directives; The Boeing Company Airplanes,Rule,Transportation Department; Federal Aviation Administration,2025-10-02,2025-11-06,False,https://www.federalregister.gov/documents/2025/10/02/2025-19394/airworthiness-directives-the-boeing-company-airplanes
2025-19390,airline,Industrials,Airworthiness Directives; The Boeing Company Airplanes,Rule,Transportation Department; Federal Aviation Administration,2025-10-02,2025-11-06,False,https://www.federalregister.gov/documents/2025/10/02/2025-19390/airworthiness-directives-the-boeing-company-airplanes
2025-19388,airline,Industrials,"Airworthiness Directives; Airbus Canada Limited Partnership (Type Certificate Previously Held by C Series Aircraft Limited Partnership (CSALP); Bombardier, Inc.) Airplanes",Rule,Transportation Department; Federal Aviation Administration,2025-10-02,2025-11-06,False,https://www.federalregister.gov/documents/2025/10/02/2025-19388/airworthiness-directives-airbus-canada-limited-partnership-type-certificate-previously-held-by-c
2025-19324,airline,Industrials,Health Care Professionals Practicing Via Telehealth,Rule,Veterans Affairs Department,2025-10-02,2025-11-03,True,https://www.federalregister.gov/documents/2025/10/02/2025-19324/health-care-professionals-practicing-via-telehealth
2025-19268,airline,Industrials,Effluent Limitations Guidelines and Standards for the Steam Electric Power Generating Point Source Category-Deadline Extensions,Proposed Rule,Environmental Protection Agency,2025-10-02,,,https://www.federalregister.gov/documents/2025/10/02/2025-19268/effluent-limitations-guidelines-and-standards-for-the-steam-electric-power-generating-point-source
2025-18980,airline,Industrials,Ensuring Safe Accommodations for Air Travelers With Disabilities Using Wheelchairs,Rule,Transportation Department; Office of the Secretary,2025-09-30,,True,https://www.federalregister.gov/documents/2025/09/30/2025-18980/ensuring-safe-accommodations-for-air-travelers-with-disabilities-using-wheelchairs
2025-18567,airline,Industrials,Passports; Procedures for Passport Couriers,Proposed Rule,State Department,2025-09-25,,True,https://www.federalregister.gov/documents/2025/09/25/2025-18567/passports-procedures-for-passport-couriers
2025-18278,airline,Industrials,Occupations That Customarily and Regularly Received Tips; Definition of Qualified Tips,Proposed Rule,Treasury Department; Internal Revenue Service,2025-09-22,,,https://www.federalregister.gov/documents/2025/09/22/2025-18278/occupations-that-customarily-and-regularly-received-tips-definition-of-qualified-tips
2025-17984,airline,Industrials,Airworthiness Directives; The Boeing Company Airplanes,Rule,Transportation Department; Federal Aviation Administration,2025-09-17,2025-10-22,False,https://www.federalregister.gov/documents/2025/09/17/2025-17984/airworthiness-directives-the-boeing-company-airplanes
2025-17066,airline,Industrials,Airworthiness Directives; International Aero Engines AG Engines,Rule,Transportation Department; Federal Aviation Administration,2025-09-05,2025-10-10,False,https://www.federalregister.gov/documents/2025/09/05/2025-17066/airworthiness-directives-international-aero-engines-ag-engines
2025-16902,airline,Industrials,"Falsification, Reproduction, Alteration, Omission, or Incorrect Statements",Rule,Transportation Department; Federal Aviation Administration,2025-09-03,2025-11-03,False,https://www.federalregister.gov/documents/2025/09/03/2025-16902/falsification-reproduction-alteration-omission-or-incorrect-statements
2025-15753,airline,Industrials,Notice of Termination of Rulemaking Action,Rule,Transportation Department,2025-08-19,,False,https://www.federalregister.gov/documents/2025/08/19/2025-15753/notice-of-termination-of-rulemaking-action
2025-15689,airline,Industrials,Airworthiness Directives; Airbus SAS Airplanes,Rule,Transportation Department; Federal Aviation Administration,2025-08-18,2025-09-22,False,https://www.federalregister.gov/documents/2025/08/18/2025-15689/airworthiness-directives-airbus-sas-airplanes
2025-15688,airline,Industrials,Airworthiness Directives; Various Airplanes,Rule,Transportation Department; Federal Aviation Administration,2025-08-18,2025-09-22,False,https://www.federalregister.gov/documents/2025/08/18/2025-15688/airworthiness-directives-various-airplanes
2025-15480,airline,Industrials,Airworthiness Directives; Airbus SAS Airplanes,Rule,Transportation Department; Federal Aviation Administration,2025-08-14,2025-09-18,False,https://www.federalregister.gov/documents/2025/08/14/2025-15480/airworthiness-directives-airbus-sas-airplanes
2025-15346,airline,Industrials,Publication of Syrian Sanctions Regulations Web General License 25,Rule,Treasury Department; Foreign Assets Control Office,2025-08-13,,,https://www.federalregister.gov/documents/2025/08/13/2025-15346/publication-of-syrian-sanctions-regulations-web-general-license-25
2025-14992,airline,Industrials,Normalizing Unmanned Aircraft Systems Beyond Visual Line of Sight Operations,Proposed Rule,Transportation Department; Federal Aviation Administration; Homeland Security Department; Transportation Security Administration,2025-08-07,,True,https://www.federalregister.gov/documents/2025/08/07/2025-14992/normalizing-unmanned-aircraft-systems-beyond-visual-line-of-sight-operations
2026-13719,telecommunications,Communication Services,Endangered and Threatened Wildlife and Plants; Threatened Species Status With Section 4(d) Rule for the Kern Canyon Slender Salamander and Endangered Species Status for the Relictual Slender Salamander; Designation of Critical Habitat,Proposed Rule,Interior Department; Fish and Wildlife Service,2026-07-07,,False,https://www.federalregister.gov/documents/2026/07/07/2026-13719/endangered-and-threatened-wildlife-and-plants-threatened-species-status-with-section-4d-rule-for-the
2026-13656,telecommunications,Communication Services,Medicare Program: Hospital Outpatient Prospective Payment and Ambulatory Surgical Center Payment Systems; and Quality Reporting Programs; Including the Hospital Outpatient Quality Reporting Program and Ambulatory Surgical Center Quality Program; Request for Information on Strengthening the Standardization and Comparability of Hospital Price Transparency (HPT) Data; Prior Authorization; Accrediting Organization (AO) Deeming for Emergency Medical Treatment and Labor Act (EMTALA); and Notices of Closure of Teaching Hospitals and Opportunities To Apply for Available Slots,Proposed Rule,Health and Human Services Department; Centers for Medicare & Medicaid Services,2026-07-07,,,https://www.federalregister.gov/documents/2026/07/07/2026-13656/medicare-program-hospital-outpatient-prospective-payment-and-ambulatory-surgical-center-payment
2026-13639,telecommunications,Communication Services,Improvements to Rules on Recoupment of Benefit Overpayments,Proposed Rule,Pension Benefit Guaranty Corporation,2026-07-06,,False,https://www.federalregister.gov/documents/2026/07/06/2026-13639/improvements-to-rules-on-recoupment-of-benefit-overpayments
2026-13609,telecommunications,Communication Services,"Counter-UAS Authority for State, Local, Tribal, and Territorial Law Enforcement and Correctional Agencies",Rule,Homeland Security Department; Justice Department,2026-07-06,2026-07-01,,https://www.federalregister.gov/documents/2026/07/06/2026-13609/counter-uas-authority-for-state-local-tribal-and-territorial-law-enforcement-and-correctional
2026-13602,telecommunications,Communication Services,"Calendar Year 2027 Home Health Prospective Payment System (HH PPS) Rate Update; Requirements for the HH Quality Reporting Program and the Expanded HH Value-Based Purchasing Model; Medicare Provider Enrollment, Durable Medical Equipment (DME), and DME, Prosthetics, Orthotics, and Supplies (DMEPOS) Policies",Proposed Rule,Health and Human Services Department; Centers for Medicare & Medicaid Services,2026-07-06,,,https://www.federalregister.gov/documents/2026/07/06/2026-13602/calendar-year-2027-home-health-prospective-payment-system-hh-pps-rate-update-requirements-for-the-hh
2026-13571,telecommunications,Communication Services,Organic Certification Cost Share Program (OCCSP),Rule,Agriculture Department; Commodity Credit Corporation,2026-07-06,2026-07-06,,https://www.federalregister.gov/documents/2026/07/06/2026-13571/organic-certification-cost-share-program-occsp
2026-13550,telecommunications,Communication Services,National Emission Standards for Hazardous Air Pollutants: Plywood and Composite Wood Products,Rule,Environmental Protection Agency,2026-07-06,2026-07-06,False,https://www.federalregister.gov/documents/2026/07/06/2026-13550/national-emission-standards-for-hazardous-air-pollutants-plywood-and-composite-wood-products
2026-13455,telecommunications,Communication Services,Direct Multifamily Housing Subsequent Loans for Acquisition,Proposed Rule,Agriculture Department; Rural Housing Service,2026-07-02,,False,https://www.federalregister.gov/documents/2026/07/02/2026-13455/direct-multifamily-housing-subsequent-loans-for-acquisition
2026-13371,telecommunications,Communication Services,Rescinding Portions of Department of Labor Title VI Regulations,Rule,Labor Department; Office of the Secretary of Labor,2026-07-02,2026-07-02,,https://www.federalregister.gov/documents/2026/07/02/2026-13371/rescinding-portions-of-department-of-labor-title-vi-regulations
2026-13286,telecommunications,Communication Services,Accountability in Higher Education and Access Through Demand- Driven Workforce Pell: Student Tuition and Transparency System (STATS) and Earnings Accountability,Rule,Education Department,2026-07-01,2027-07-01,,https://www.federalregister.gov/documents/2026/07/01/2026-13286/accountability-in-higher-education-and-access-through-demand--driven-workforce-pell-student-tuition
2026-13281,telecommunications,Communication Services,"Organization, Functions, and Procedures; Public Notice and Comment for Standards, Criteria, and Guidance Applicable to Forest Service Programs",Proposed Rule,Agriculture Department; Forest Service,2026-07-01,,,https://www.federalregister.gov/documents/2026/07/01/2026-13281/organization-functions-and-procedures-public-notice-and-comment-for-standards-criteria-and-guidance
2026-13248,telecommunications,Communication Services,International Education Programs and Fulbright-Hays Program; Recission of Regulations,Proposed Rule,Education Department,2026-07-01,,,https://www.federalregister.gov/documents/2026/07/01/2026-13248/international-education-programs-and-fulbright-hays-program-recission-of-regulations
2026-13245,telecommunications,Communication Services,Procedures for Implementing the National Environmental Policy Act,Rule,National Aeronautics and Space Administration,2026-07-01,2026-08-17,True,https://www.federalregister.gov/documents/2026/07/01/2026-13245/procedures-for-implementing-the-national-environmental-policy-act
2026-13218,telecommunications,Communication Services,Airworthiness Directives; The Boeing Company Airplanes,Rule,Transportation Department; Federal Aviation Administration,2026-06-30,2026-07-01,False,https://www.federalregister.gov/documents/2026/06/30/2026-13218/airworthiness-directives-the-boeing-company-airplanes
2026-13217,telecommunications,Communication Services,Airworthiness Directives; The Boeing Company Airplanes,Rule,Transportation Department; Federal Aviation Administration,2026-06-30,2026-07-01,False,https://www.federalregister.gov/documents/2026/06/30/2026-13217/airworthiness-directives-the-boeing-company-airplanes
2026-13216,telecommunications,Communication Services,Airworthiness Directives; The Boeing Company Airplanes,Rule,Transportation Department; Federal Aviation Administration,2026-06-30,2026-07-01,False,https://www.federalregister.gov/documents/2026/06/30/2026-13216/airworthiness-directives-the-boeing-company-airplanes
2026-13208,telecommunications,Communication Services,Airworthiness Directives; The Boeing Company Airplanes,Rule,Transportation Department; Federal Aviation Administration,2026-06-30,2026-07-01,False,https://www.federalregister.gov/documents/2026/06/30/2026-13208/airworthiness-directives-the-boeing-company-airplanes
2026-13207,telecommunications,Communication Services,Airworthiness Directives; The Boeing Company Airplanes,Rule,Transportation Department; Federal Aviation Administration,2026-06-30,2026-07-01,False,https://www.federalregister.gov/documents/2026/06/30/2026-13207/airworthiness-directives-the-boeing-company-airplanes
2026-13206,telecommunications,Communication Services,Airworthiness Directives; The Boeing Company Airplanes,Rule,Transportation Department; Federal Aviation Administration,2026-06-30,2026-07-01,False,https://www.federalregister.gov/documents/2026/06/30/2026-13206/airworthiness-directives-the-boeing-company-airplanes
2026-13205,telecommunications,Communication Services,Airworthiness Directives; The Boeing Company Airplanes,Rule,Transportation Department; Federal Aviation Administration,2026-06-30,2026-07-01,False,https://www.federalregister.gov/documents/2026/06/30/2026-13205/airworthiness-directives-the-boeing-company-airplanes
2026-13162,telecommunications,Communication Services,Airworthiness Directives; Transport and Commuter Category Airplanes,Rule,Transportation Department; Federal Aviation Administration,2026-06-30,2026-07-01,False,https://www.federalregister.gov/documents/2026/06/30/2026-13162/airworthiness-directives-transport-and-commuter-category-airplanes
2026-13155,telecommunications,Communication Services,Resilient Networks; Concerning Disruptions to Communications,Rule,Federal Communications Commission,2026-06-30,2026-06-30,,https://www.federalregister.gov/documents/2026/06/30/2026-13155/resilient-networks-concerning-disruptions-to-communications
2026-13124,telecommunications,Communication Services,Allocation of Assets in Single-Employer Plans; Interest Assumptions for Valuing Benefits,Rule,Pension Benefit Guaranty Corporation,2026-06-30,2026-07-31,,https://www.federalregister.gov/documents/2026/06/30/2026-13124/allocation-of-assets-in-single-employer-plans-interest-assumptions-for-valuing-benefits
2026-13092,telecommunications,Communication Services,Technical Guidelines for the Production of Regenerative Agricultural Biofuel Feedstocks,Rule,Agriculture Department; Energy and Environmental Policy Office,2026-06-29,2026-07-29,,https://www.federalregister.gov/documents/2026/06/29/2026-13092/technical-guidelines-for-the-production-of-regenerative-agricultural-biofuel-feedstocks
2026-13060,telecommunications,Communication Services,Airworthiness Directives; Airbus Helicopters,Rule,Transportation Department; Federal Aviation Administration,2026-06-29,2026-08-03,False,https://www.federalregister.gov/documents/2026/06/29/2026-13060/airworthiness-directives-airbus-helicopters
2026-12989,telecommunications,Communication Services,Modernizing Security Requirements,Proposed Rule,Nuclear Regulatory Commission,2026-06-26,,,https://www.federalregister.gov/documents/2026/06/26/2026-12989/modernizing-security-requirements
2026-12955,telecommunications,Communication Services,Process for Authorizing Seasonal Migratory Game Bird Hunting,Proposed Rule,Interior Department; Fish and Wildlife Service,2026-06-26,,True,https://www.federalregister.gov/documents/2026/06/26/2026-12955/process-for-authorizing-seasonal-migratory-game-bird-hunting
2026-12951,telecommunications,Communication Services,Process for Authorizing Seasonal Migratory Game Bird Hunting,Rule,Interior Department; Fish and Wildlife Service,2026-06-26,2026-08-25,True,https://www.federalregister.gov/documents/2026/06/26/2026-12951/process-for-authorizing-seasonal-migratory-game-bird-hunting
2026-12861,telecommunications,Communication Services,Rescinding the Equity Assistance Center Program Regulations,Proposed Rule,Education Department,2026-06-25,,,https://www.federalregister.gov/documents/2026/06/25/2026-12861/rescinding-the-equity-assistance-center-program-regulations
2026-12787,telecommunications,Communication Services,Financial Data Transparency Act Joint Data Standards,Rule,Treasury Department; Comptroller of the Currency; Federal Reserve System; Federal Deposit Insurance Corporation; National Credit Union Administration; Consumer Financial Protection Bureau; Federal Housing Finance Agency; Commodity Futures Trading Commission; Securities and Exchange Commission; Treasury Department,2026-06-25,2026-10-01,True,https://www.federalregister.gov/documents/2026/06/25/2026-12787/financial-data-transparency-act-joint-data-standards
2026-12767,telecommunications,Communication Services,"Establishing the Digital Opportunity Data Collection; Modernizing the FCC Form 477 Data Program; Delete, Delete, Delete",Proposed Rule,Federal Communications Commission,2026-06-24,,,https://www.federalregister.gov/documents/2026/06/24/2026-12767/establishing-the-digital-opportunity-data-collection-modernizing-the-fcc-form-477-data-program
2026-12766,telecommunications,Communication Services,"Establishing the Digital Opportunity Data Collection; Modernizing the FCC Form 477 Data Program; Delete, Delete, Delete",Rule,Federal Communications Commission,2026-06-24,2026-07-24,,https://www.federalregister.gov/documents/2026/06/24/2026-12766/establishing-the-digital-opportunity-data-collection-modernizing-the-fcc-form-477-data-program
2026-12738,telecommunications,Communication Services,Royalty for Oil and Gas Lost From Onshore Federal and Indian Leases,Proposed Rule,Interior Department; Land Management Bureau,2026-06-24,,True,https://www.federalregister.gov/documents/2026/06/24/2026-12738/royalty-for-oil-and-gas-lost-from-onshore-federal-and-indian-leases
2026-12734,telecommunications,Communication Services,Oil and Gas Leasing,Proposed Rule,Interior Department; Land Management Bureau,2026-06-24,,True,https://www.federalregister.gov/documents/2026/06/24/2026-12734/oil-and-gas-leasing
2026-12692,telecommunications,Communication Services,Permitted Payment Stablecoin Issuer Anti-Money Laundering/Countering the Financing of Terrorism and Sanctions Compliance Risk Management,Proposed Rule,Treasury Department; Comptroller of the Currency,2026-06-24,,,https://www.federalregister.gov/documents/2026/06/24/2026-12692/permitted-payment-stablecoin-issuer-anti-money-launderingcountering-the-financing-of-terrorism-and
2026-12645,telecommunications,Communication Services,Rescission of Affirmative Outreach Requirements for Recipients of WIOA Title I Financial Assistance,Rule,Labor Department; Office of the Secretary of Labor,2026-06-23,2026-07-24,False,https://www.federalregister.gov/documents/2026/06/23/2026-12645/rescission-of-affirmative-outreach-requirements-for-recipients-of-wioa-title-i-financial-assistance
2026-12578,telecommunications,Communication Services,Definition of Shellfish; Inclusion of Cephalopods,Rule,Interior Department; Fish and Wildlife Service,2026-06-23,2026-07-23,,https://www.federalregister.gov/documents/2026/06/23/2026-12578/definition-of-shellfish-inclusion-of-cephalopods
2026-12576,telecommunications,Communication Services,Migratory Bird Subsistence Harvest in Alaska,Rule,Interior Department; Fish and Wildlife Service,2026-06-23,2026-06-23,False,https://www.federalregister.gov/documents/2026/06/23/2026-12576/migratory-bird-subsistence-harvest-in-alaska
2026-12561,telecommunications,Communication Services,"Federal Acquisition Regulation: Revolutionary Federal Acquisition Regulation Overhaul Parts 5, 24, and 29",Proposed Rule,Management and Budget Office; Federal Procurement Policy Office; Defense Department; General Services Administration; National Aeronautics and Space Administration,2026-06-23,,,https://www.federalregister.gov/documents/2026/06/23/2026-12561/federal-acquisition-regulation-revolutionary-federal-acquisition-regulation-overhaul-parts-5-24-and
2026-12560,telecommunications,Communication Services,"Federal Acquisition Regulation: Revolutionary Federal Acquisition Regulation Overhaul Parts 6, 7, 10, 18, 26, 37, and 41",Proposed Rule,Management and Budget Office; Federal Procurement Policy Office; Defense Department; General Services Administration; National Aeronautics and Space Administration,2026-06-23,,,https://www.federalregister.gov/documents/2026/06/23/2026-12560/federal-acquisition-regulation-revolutionary-federal-acquisition-regulation-overhaul-parts-6-7-10-18
2026-12559,telecommunications,Communication Services,"Federal Acquisition Regulation: Revolutionary Federal Acquisition Regulation Overhaul Parts 1, 2, 4, 33, 39, 40, and 53",Proposed Rule,Management and Budget Office; Federal Procurement Policy Office; Defense Department; General Services Administration; National Aeronautics and Space Administration,2026-06-23,,,https://www.federalregister.gov/documents/2026/06/23/2026-12559/federal-acquisition-regulation-revolutionary-federal-acquisition-regulation-overhaul-parts-1-2-4-33
2026-12547,telecommunications,Communication Services,Tanker Security Program,Rule,Transportation Department; Maritime Administration,2026-06-23,2026-07-23,True,https://www.federalregister.gov/documents/2026/06/23/2026-12547/tanker-security-program
2026-12510,telecommunications,Communication Services,Deletion of Obsolete Regulations,Rule,Federal Communications Commission,2026-06-22,2026-08-21,,https://www.federalregister.gov/documents/2026/06/22/2026-12510/deletion-of-obsolete-regulations
2026-12460,telecommunications,Communication Services,Permitted Payment Stablecoin Issuer Customer Identification Program,Proposed Rule,Treasury Department; Financial Crimes Enforcement Network,2026-06-22,,,https://www.federalregister.gov/documents/2026/06/22/2026-12460/permitted-payment-stablecoin-issuer-customer-identification-program
2026-12376,telecommunications,Communication Services,Final Waivers and Extensions of the Project Periods With Funding for the American Indian Vocational Rehabilitation Services Program and the American Indian Vocational Rehabilitation Training and Technical Assistance Center,Rule,Education Department,2026-06-18,2026-07-20,,https://www.federalregister.gov/documents/2026/06/18/2026-12376/final-waivers-and-extensions-of-the-project-periods-with-funding-for-the-american-indian-vocational
2026-12234,telecommunications,Communication Services,Wireline Competition Bureau and Office of Economics and Analytics Seek Comment on Proposed 2026 Mandatory Data Collection for Incarcerated People's Communications Services,Proposed Rule,Federal Communications Commission,2026-06-17,2026-07-17,,https://www.federalregister.gov/documents/2026/06/17/2026-12234/wireline-competition-bureau-and-office-of-economics-and-analytics-seek-comment-on-proposed-2026
2026-12100,telecommunications,Communication Services,Technical Amendments: Special Financial Assistance,Proposed Rule,Pension Benefit Guaranty Corporation,2026-06-16,,False,https://www.federalregister.gov/documents/2026/06/16/2026-12100/technical-amendments-special-financial-assistance
2026-12077,telecommunications,Communication Services,Endangered and Threatened Wildlife and Plants; Two Species Not Warranted for Listing as Endangered or Threatened Species,Rule,Interior Department; Fish and Wildlife Service,2026-06-16,,,https://www.federalregister.gov/documents/2026/06/16/2026-12077/endangered-and-threatened-wildlife-and-plants-two-species-not-warranted-for-listing-as-endangered-or
2026-11973,telecommunications,Communication Services,Implementing Regulation for National Environmental Policy Act (NEPA): Environmental Effects of the Department of Veterans Affairs Actions,Rule,Veterans Affairs Department,2026-06-15,2026-06-15,True,https://www.federalregister.gov/documents/2026/06/15/2026-11973/implementing-regulation-for-national-environmental-policy-act-nepa-environmental-effects-of-the
2026-11851,telecommunications,Communication Services,Revising the Definition of “Manufactured Home” to Lower Housing Costs,Proposed Rule,Housing and Urban Development Department,2026-06-12,,False,https://www.federalregister.gov/documents/2026/06/12/2026-11851/revising-the-definition-of-manufactured-home-to-lower-housing-costs
2026-11849,telecommunications,Communication Services,Revising HUD's Noise Abatement and Control Regulations,Rule,Housing and Urban Development Department,2026-06-12,2026-07-13,,https://www.federalregister.gov/documents/2026/06/12/2026-11849/revising-huds-noise-abatement-and-control-regulations
2026-11748,telecommunications,Communication Services,Assistance for Specialty Crop Farmers (ASCF) Program; Approval of Information Collection Request,Rule,Agriculture Department; Commodity Credit Corporation,2026-06-11,,,https://www.federalregister.gov/documents/2026/06/11/2026-11748/assistance-for-specialty-crop-farmers-ascf-program-approval-of-information-collection-request
2026-11634,telecommunications,Communication Services,Endangered and Threatened Wildlife and Plants; Threatened Species Status With Section 4(d) Rule for Southern Hognose Snake,Proposed Rule,Interior Department; Fish and Wildlife Service,2026-06-10,,False,https://www.federalregister.gov/documents/2026/06/10/2026-11634/endangered-and-threatened-wildlife-and-plants-threatened-species-status-with-section-4d-rule-for
2026-11609,telecommunications,Communication Services,Endangered and Threatened Wildlife and Plants; Removal of Northeastern Bulrush From the List of Endangered and Threatened Plants,Rule,Interior Department; Fish and Wildlife Service,2026-06-10,2026-07-10,False,https://www.federalregister.gov/documents/2026/06/10/2026-11609/endangered-and-threatened-wildlife-and-plants-removal-of-northeastern-bulrush-from-the-list-of
2026-11545,telecommunications,Communication Services,Exemptions To Permit Circumvention of Access Controls on Copyrighted Works,Proposed Rule,"Library of Congress; Copyright Office, Library of Congress",2026-06-09,2026-08-24,,https://www.federalregister.gov/documents/2026/06/09/2026-11545/exemptions-to-permit-circumvention-of-access-controls-on-copyrighted-works
2026-11530,telecommunications,Communication Services,Employment and Training Services for Noncustodial Parents in the Child Support Program; Rescission,Proposed Rule,Health and Human Services Department; Children and Families Administration,2026-06-09,,True,https://www.federalregister.gov/documents/2026/06/09/2026-11530/employment-and-training-services-for-noncustodial-parents-in-the-child-support-program-rescission
2026-11414,telecommunications,Communication Services,Endangered and Threatened Wildlife and Plants; Threatened Species Status With Section 4(d) Rule for Southern Hognose Snake,Proposed Rule,Interior Department; Fish and Wildlife Service,2026-06-08,2025-08-29,False,https://www.federalregister.gov/documents/2026/06/08/2026-11414/endangered-and-threatened-wildlife-and-plants-threatened-species-status-with-section-4d-rule-for
2026-11366,telecommunications,Communication Services,"Proposed Waiver and Extension of the Project Period With Funding-Elementary and Secondary Education Act of 1965, as Amended, Title VI, Part B, Native Hawaiian Education",Proposed Rule,Education Department,2026-06-05,,,https://www.federalregister.gov/documents/2026/06/05/2026-11366/proposed-waiver-and-extension-of-the-project-period-with-funding-elementary-and-secondary-education
2026-11353,telecommunications,Communication Services,"Reforming the High-Cost Program for an All-IP Future, Connect America Fund: A National Broadband Plan for Our Future High-Cost Universal Support",Proposed Rule,Federal Communications Commission,2026-06-05,,,https://www.federalregister.gov/documents/2026/06/05/2026-11353/reforming-the-high-cost-program-for-an-all-ip-future-connect-america-fund-a-national-broadband-plan
2026-11313,telecommunications,Communication Services,Seamen's Claims; Administrative Action and Litigation,Rule,Transportation Department; Maritime Administration,2026-06-05,2026-06-05,False,https://www.federalregister.gov/documents/2026/06/05/2026-11313/seamens-claims-administrative-action-and-litigation
2026-11269,telecommunications,Communication Services,Establishing United States Citizenship for MARAD Program Participation; Simplifying the Application Process,Rule,Transportation Department; Maritime Administration,2026-06-04,2026-06-04,False,https://www.federalregister.gov/documents/2026/06/04/2026-11269/establishing-united-states-citizenship-for-marad-program-participation-simplifying-the-application
2026-11267,telecommunications,Communication Services,American Fisheries Act Program Update; Simplifying the Application Process,Rule,Transportation Department; Maritime Administration,2026-06-04,2026-06-04,False,https://www.federalregister.gov/documents/2026/06/04/2026-11267/american-fisheries-act-program-update-simplifying-the-application-process
2026-11047,telecommunications,Communication Services,National Emission Standards for Hazardous Air Pollutants From Hazardous Waste Combustors: Residual Risk and Technology Review,Rule,Environmental Protection Agency,2026-06-03,2026-06-03,True,https://www.federalregister.gov/documents/2026/06/03/2026-11047/national-emission-standards-for-hazardous-air-pollutants-from-hazardous-waste-combustors-residual
2026-11002,telecommunications,Communication Services,Payment Limitation and Payment Eligibility,Rule,Agriculture Department; Commodity Credit Corporation,2026-06-02,2026-06-02,,https://www.federalregister.gov/documents/2026/06/02/2026-11002/payment-limitation-and-payment-eligibility
2026-10930,telecommunications,Communication Services,Assistance for Specialty Crop Farmers (ASCF) Program,Rule,Agriculture Department; Commodity Credit Corporation,2026-06-01,2026-06-01,,https://www.federalregister.gov/documents/2026/06/01/2026-10930/assistance-for-specialty-crop-farmers-ascf-program
2026-10846,telecommunications,Communication Services,Endangered and Threatened Wildlife and Plants; Designation of Critical Habitat for the Rusty Patched Bumble Bee,Rule,Interior Department; Fish and Wildlife Service,2026-06-01,2026-07-01,True,https://www.federalregister.gov/documents/2026/06/01/2026-10846/endangered-and-threatened-wildlife-and-plants-designation-of-critical-habitat-for-the-rusty-patched
2026-10817,telecommunications,Communication Services,Regulation for Federal Financial Assistance,Proposed Rule,Management and Budget Office; Health and Human Services Department; Agriculture Department; State Department; Agency for International Development; Veterans Affairs Department; Energy Department; Treasury Department; Defense Department; Transportation Department; Commerce Department; Interior Department; Environmental Protection Agency; U.S. International Development Finance Corporation; National Aeronautics and Space Administration; United States Agency for Global Media; Nuclear Regulatory Commission; Corporation for National and Community Service; Social Security Administration; Housing and Urban Development Department; National Science Foundation; National Archives and Records Administration; Small Business Administration; Justice Department; Labor Department; Homeland Security Department; National Foundation on the Arts and the Humanities; Institute of Museum and Library Services; National Foundation on the Arts and the Humanities; National Endowment for the Arts; National Foundation on the Arts and the Humanities; National Endowment for the Humanities; Education Department; Export-Import Bank; Executive Office of the President; Office of National Drug Control Policy; Peace Corps; Election Assistance Commission; Gulf Coast Ecosystem Restoration Council; Federal Communications Commission; Consumer Product Safety Commission; Delta Regional Authority; Appraisal Subcommittee of the Federal Financial Institutions Examination Council; Marine Mammal Commission; Millennium Challenge Corporation; National Credit Union Administration,2026-05-29,,False,https://www.federalregister.gov/documents/2026/05/29/2026-10817/regulation-for-federal-financial-assistance
2026-10729,telecommunications,Communication Services,Zero-Based Regulating,Proposed Rule,Energy Department,2026-05-29,,True,https://www.federalregister.gov/documents/2026/05/29/2026-10729/zero-based-regulating
2026-10727,telecommunications,Communication Services,Zero-Based Regulating,Rule,Energy Department,2026-05-29,2026-07-13,True,https://www.federalregister.gov/documents/2026/05/29/2026-10727/zero-based-regulating
2026-10620,telecommunications,Communication Services,Proposed Waiver and Extension of the Project Period With Funding for Arts in Education National Program,Proposed Rule,Education Department,2026-05-28,,,https://www.federalregister.gov/documents/2026/05/28/2026-10620/proposed-waiver-and-extension-of-the-project-period-with-funding-for-arts-in-education-national
2026-10485,telecommunications,Communication Services,Change of Address; Technical Amendment,Rule,Interior Department; Fish and Wildlife Service,2026-05-27,,False,https://www.federalregister.gov/documents/2026/05/27/2026-10485/change-of-address-technical-amendment
2026-10407,telecommunications,Communication Services,Enhancing Know-Your-Customer Requirements,Proposed Rule,Federal Communications Commission,2026-05-26,,,https://www.federalregister.gov/documents/2026/05/26/2026-10407/enhancing-know-your-customer-requirements
2026-10387,telecommunications,Communication Services,Phasedown of Hydrofluorocarbons: Reconsideration of Certain Regulatory Requirements Promulgated Under the Technology Transitions Provisions of the American Innovation and Manufacturing Act of 2020,Rule,Environmental Protection Agency,2026-05-26,2026-07-27,True,https://www.federalregister.gov/documents/2026/05/26/2026-10387/phasedown-of-hydrofluorocarbons-reconsideration-of-certain-regulatory-requirements-promulgated-under
2026-10356,telecommunications,Communication Services,Removal of Environmental Clearance Officer Review and Comment for Assessments for Projects Over 200 Lots/Dwelling Units or Beds,Rule,Housing and Urban Development Department,2026-05-22,2026-06-22,,https://www.federalregister.gov/documents/2026/05/22/2026-10356/removal-of-environmental-clearance-officer-review-and-comment-for-assessments-for-projects-over-200
2026-10258,telecommunications,Communication Services,Rescinding Portions of Department of the Interior Title VI Regulations To Conform More Closely With the Statutory Text and To Implement Executive Order 14281,Rule,Interior Department,2026-05-22,2026-05-22,,https://www.federalregister.gov/documents/2026/05/22/2026-10258/rescinding-portions-of-department-of-the-interior-title-vi-regulations-to-conform-more-closely-with
2026-10186,telecommunications,Communication Services,Visual Post-Mortem Inspection in Swine Slaughter Establishments,Rule,Agriculture Department; Food Safety and Inspection Service,2026-05-21,2026-07-20,False,https://www.federalregister.gov/documents/2026/05/21/2026-10186/visual-post-mortem-inspection-in-swine-slaughter-establishments
2026-10164,telecommunications,Communication Services,"Revisions to Regulations Regarding Oil and Gas Leasing; Fees, Rentals, and Royalties; Correction",Rule,Interior Department; Land Management Bureau,2026-05-21,2026-06-29,,https://www.federalregister.gov/documents/2026/05/21/2026-10164/revisions-to-regulations-regarding-oil-and-gas-leasing-fees-rentals-and-royalties-correction
2026-10160,telecommunications,Communication Services,Practices Before the Department of the Interior,Rule,Interior Department; Office of the Secretary,2026-05-21,2026-05-21,True,https://www.federalregister.gov/documents/2026/05/21/2026-10160/practices-before-the-department-of-the-interior
2026-10045,telecommunications,Communication Services,Endangered and Threatened Wildlife and Plants; Reclassification of the Rough Popcornflower From Endangered to Threatened With a Section 4(d) Rule,Rule,Interior Department; Fish and Wildlife Service,2026-05-19,2026-06-18,False,https://www.federalregister.gov/documents/2026/05/19/2026-10045/endangered-and-threatened-wildlife-and-plants-reclassification-of-the-rough-popcornflower-from
2026-10037,telecommunications,Communication Services,Preemption Determination: State Interest-on-Escrow Laws,Rule,Treasury Department; Comptroller of the Currency,2026-05-19,2026-06-18,,https://www.federalregister.gov/documents/2026/05/19/2026-10037/preemption-determination-state-interest-on-escrow-laws
2026-10036,telecommunications,Communication Services,Real Estate Lending Escrow Accounts,Rule,Treasury Department,2026-05-19,2026-06-18,,https://www.federalregister.gov/documents/2026/05/19/2026-10036/real-estate-lending-escrow-accounts
2026-10013,telecommunications,Communication Services,Accountability in Higher Education and Access Through Demand-Driven Workforce Pell: Pell Grant Exclusion Relating to Other Grant Aid; and Workforce Pell Grants,Rule,Education Department,2026-05-19,2026-07-20,,https://www.federalregister.gov/documents/2026/05/19/2026-10013/accountability-in-higher-education-and-access-through-demand-driven-workforce-pell-pell-grant
2026-10011,telecommunications,Communication Services,Promoting Fair and Open Competitive Bidding in the E-Rate Program; Schools and Libraries Universal Service Support Mechanism,Rule,Federal Communications Commission,2026-05-19,2026-06-18,,https://www.federalregister.gov/documents/2026/05/19/2026-10011/promoting-fair-and-open-competitive-bidding-in-the-e-rate-program-schools-and-libraries-universal
2026-09885,telecommunications,Communication Services,"Marine Mammals; Incidental Take of Polar Bears in the Southern Beaufort Sea; Seismic Exploration Activities by SAExploration, Inc.",Proposed Rule,Interior Department; Fish and Wildlife Service,2026-05-18,,False,https://www.federalregister.gov/documents/2026/05/18/2026-09885/marine-mammals-incidental-take-of-polar-bears-in-the-southern-beaufort-sea-seismic-exploration
2026-09876,telecommunications,Communication Services,Denali National Park and Preserve; Vehicle Use,Proposed Rule,Interior Department; National Park Service,2026-05-18,,,https://www.federalregister.gov/documents/2026/05/18/2026-09876/denali-national-park-and-preserve-vehicle-use
2026-09839,telecommunications,Communication Services,"Defining and Delimiting the Exemptions for Executive, Administrative, Professional, Outside Sales, and Computer Employees; Implementation of Federal Court Judgments",Rule,Labor Department; Wage and Hour Division,2026-05-15,2026-05-15,,https://www.federalregister.gov/documents/2026/05/15/2026-09839/defining-and-delimiting-the-exemptions-for-executive-administrative-professional-outside-sales-and
2026-09822,telecommunications,Communication Services,"Promoting the Integrity and Security of Telecommunications Certification Bodies, Measurement Facilities, and the Equipment Authorization Program",Rule,Federal Communications Commission,2026-05-15,2026-06-15,,https://www.federalregister.gov/documents/2026/05/15/2026-09822/promoting-the-integrity-and-security-of-telecommunications-certification-bodies-measurement
2026-09821,telecommunications,Communication Services,"Promoting the Integrity and Security of Telecommunications Certification Bodies, Measurement Facilities, and the Equipment Authorization Program",Proposed Rule,Federal Communications Commission,2026-05-15,,,https://www.federalregister.gov/documents/2026/05/15/2026-09821/promoting-the-integrity-and-security-of-telecommunications-certification-bodies-measurement
2026-09819,telecommunications,Communication Services,"Accessible Emergency Information, and Apparatus Requirements for Emergency Information and Video Description: Implementation of the Twenty-First Century Communications and Video Accessibility Act of 2010",Proposed Rule,Federal Communications Commission,2026-05-15,,,https://www.federalregister.gov/documents/2026/05/15/2026-09819/accessible-emergency-information-and-apparatus-requirements-for-emergency-information-and-video
2026-09565,telecommunications,Communication Services,Modernizing Spectrum Sharing for Satellite Broadband,Rule,Federal Communications Commission,2026-05-13,2026-07-13,,https://www.federalregister.gov/documents/2026/05/13/2026-09565/modernizing-spectrum-sharing-for-satellite-broadband
2026-09524,telecommunications,Communication Services,Begin Actual Construction in the New Source Review (NSR) Preconstruction Permitting Program,Proposed Rule,Environmental Protection Agency,2026-05-13,,True,https://www.federalregister.gov/documents/2026/05/13/2026-09524/begin-actual-construction-in-the-new-source-review-nsr-preconstruction-permitting-program
2026-09387,telecommunications,Communication Services,"Revision of Regulations for Grazing Administration, Exclusive of Alaska",Proposed Rule,Interior Department; Office of the Secretary; Land Management Bureau,2026-05-12,2026-07-13,True,https://www.federalregister.gov/documents/2026/05/12/2026-09387/revision-of-regulations-for-grazing-administration-exclusive-of-alaska
2026-09386,telecommunications,Communication Services,Rescission of Conservation and Landscape Health Rule,Rule,Interior Department; Land Management Bureau,2026-05-12,2026-06-11,True,https://www.federalregister.gov/documents/2026/05/12/2026-09386/rescission-of-conservation-and-landscape-health-rule
2026-09208,telecommunications,Communication Services,Risk Management and Financial Assurance for OCS Lease and Grant Obligations; Extension of Public Comment Period,Proposed Rule,Interior Department; Ocean Energy Management Bureau,2026-05-08,,True,https://www.federalregister.gov/documents/2026/05/08/2026-09208/risk-management-and-financial-assurance-for-ocs-lease-and-grant-obligations-extension-of-public
2026-09193,telecommunications,Communication Services,Review of the Commission's Assessment and Collection of Regulatory Fees for Fiscal Year 2026,Proposed Rule,Federal Communications Commission,2026-05-08,,,https://www.federalregister.gov/documents/2026/05/08/2026-09193/review-of-the-commissions-assessment-and-collection-of-regulatory-fees-for-fiscal-year-2026
2026-09190,telecommunications,Communication Services,Protecting Against National Security Threats in Domestic Telecommunications Service,Proposed Rule,Federal Communications Commission,2026-05-08,,,https://www.federalregister.gov/documents/2026/05/08/2026-09190/protecting-against-national-security-threats-in-domestic-telecommunications-service
2026-09134,telecommunications,Communication Services,Combatting Illegal Robocalls Through FCC Numbering Policies; Implementation of TRACED Act-Knowledge of Customers by Entities With Access to Numbering Resources,Proposed Rule,Federal Communications Commission,2026-05-08,2026-06-08,,https://www.federalregister.gov/documents/2026/05/08/2026-09134/combatting-illegal-robocalls-through-fcc-numbering-policies-implementation-of-traced-act-knowledge
2026-09111,telecommunications,Communication Services,Proposed Waiver and Extension of the Project Period With Funding for Native American Career and Technical Education Program (NACTEP),Proposed Rule,Education Department,2026-05-07,,,https://www.federalregister.gov/documents/2026/05/07/2026-09111/proposed-waiver-and-extension-of-the-project-period-with-funding-for-native-american-career-and
2026-09083,telecommunications,Communication Services,Accelerating Wireline Broadband Deployment by Removing Barriers to Infrastructure Investment,Rule,Federal Communications Commission,2026-05-07,2026-05-07,,https://www.federalregister.gov/documents/2026/05/07/2026-09083/accelerating-wireline-broadband-deployment-by-removing-barriers-to-infrastructure-investment
2026-08943,telecommunications,Communication Services,Designation-Restrict the Operation of Unmanned Aircraft in Close Proximity to a Fixed Site Facility,Proposed Rule,Transportation Department; Federal Aviation Administration,2026-05-06,,True,https://www.federalregister.gov/documents/2026/05/06/2026-08943/designation-restrict-the-operation-of-unmanned-aircraft-in-close-proximity-to-a-fixed-site-facility
2026-13245,electric vehicle,Consumer Discretionary,Procedures for Implementing the National Environmental Policy Act,Rule,National Aeronautics and Space Administration,2026-07-01,2026-08-17,True,https://www.federalregister.gov/documents/2026/07/01/2026-13245/procedures-for-implementing-the-national-environmental-policy-act
2026-13155,electric vehicle,Consumer Discretionary,Resilient Networks; Concerning Disruptions to Communications,Rule,Federal Communications Commission,2026-06-30,2026-06-30,,https://www.federalregister.gov/documents/2026/06/30/2026-13155/resilient-networks-concerning-disruptions-to-communications
2026-13060,electric vehicle,Consumer Discretionary,Airworthiness Directives; Airbus Helicopters,Rule,Transportation Department; Federal Aviation Administration,2026-06-29,2026-08-03,False,https://www.federalregister.gov/documents/2026/06/29/2026-13060/airworthiness-directives-airbus-helicopters
2026-13027,electric vehicle,Consumer Discretionary,"Air Plan Approval; Ohio; Redesignation of the Cleveland, OH Area to Attainment of the 2015 Ozone Standard",Rule,Environmental Protection Agency,2026-06-29,2026-06-29,,https://www.federalregister.gov/documents/2026/06/29/2026-13027/air-plan-approval-ohio-redesignation-of-the-cleveland-oh-area-to-attainment-of-the-2015-ozone
2026-12989,electric vehicle,Consumer Discretionary,Modernizing Security Requirements,Proposed Rule,Nuclear Regulatory Commission,2026-06-26,,,https://www.federalregister.gov/documents/2026/06/26/2026-12989/modernizing-security-requirements
2026-12981,electric vehicle,Consumer Discretionary,Federal Motor Vehicle Safety Standards; Modernization of FMVSS No. 135 To Accommodate ADS-Equipped Vehicles,Proposed Rule,Transportation Department; National Highway Traffic Safety Administration,2026-06-26,,,https://www.federalregister.gov/documents/2026/06/26/2026-12981/federal-motor-vehicle-safety-standards-modernization-of-fmvss-no-135-to-accommodate-ads-equipped
2026-12919,electric vehicle,Consumer Discretionary,"Bus Testing: Updates to Bus Testing Program Procedures and Policies, Clarifications, Technical Adjustments, and Other Program Updates",Proposed Rule,Transportation Department; Federal Transit Administration,2026-06-26,,False,https://www.federalregister.gov/documents/2026/06/26/2026-12919/bus-testing-updates-to-bus-testing-program-procedures-and-policies-clarifications-technical
2026-12749,electric vehicle,Consumer Discretionary,Safety Standard for Lithium-Ion Batteries Used in Micromobility Products and Electrical Systems of Micromobility Products Containing Such Batteries,Proposed Rule,Consumer Product Safety Commission,2026-06-24,,False,https://www.federalregister.gov/documents/2026/06/24/2026-12749/safety-standard-for-lithium-ion-batteries-used-in-micromobility-products-and-electrical-systems-of
2026-12560,electric vehicle,Consumer Discretionary,"Federal Acquisition Regulation: Revolutionary Federal Acquisition Regulation Overhaul Parts 6, 7, 10, 18, 26, 37, and 41",Proposed Rule,Management and Budget Office; Federal Procurement Policy Office; Defense Department; General Services Administration; National Aeronautics and Space Administration,2026-06-23,,,https://www.federalregister.gov/documents/2026/06/23/2026-12560/federal-acquisition-regulation-revolutionary-federal-acquisition-regulation-overhaul-parts-6-7-10-18
2026-12559,electric vehicle,Consumer Discretionary,"Federal Acquisition Regulation: Revolutionary Federal Acquisition Regulation Overhaul Parts 1, 2, 4, 33, 39, 40, and 53",Proposed Rule,Management and Budget Office; Federal Procurement Policy Office; Defense Department; General Services Administration; National Aeronautics and Space Administration,2026-06-23,,,https://www.federalregister.gov/documents/2026/06/23/2026-12559/federal-acquisition-regulation-revolutionary-federal-acquisition-regulation-overhaul-parts-1-2-4-33
2026-11648,electric vehicle,Consumer Discretionary,Oil and Gas and Sulfur Operations in the Outer Continental Shelf-Documents Incorporated by Reference,Rule,Interior Department; Safety and Environmental Enforcement Bureau,2026-06-10,2026-08-10,False,https://www.federalregister.gov/documents/2026/06/10/2026-11648/oil-and-gas-and-sulfur-operations-in-the-outer-continental-shelf-documents-incorporated-by-reference
2026-11168,electric vehicle,Consumer Discretionary,"Conditional Approval; Contingency Measure State Implementation Plan for the 2008 Ozone Standards; San Joaquin Valley, California",Rule,Environmental Protection Agency,2026-06-04,2026-07-06,,https://www.federalregister.gov/documents/2026/06/04/2026-11168/conditional-approval-contingency-measure-state-implementation-plan-for-the-2008-ozone-standards-san
2026-11072,electric vehicle,Consumer Discretionary,Federal Motor Vehicle Safety Standard No. 214; Side Impact Protection; Federal Motor Vehicle Safety Standard No. 305a; Electric-Powered Vehicles: Electric Powertrain Integrity; Federal Motor Vehicle Safety Standard No. 307; Fuel System Integrity of Hydrogen Vehicles,Rule,Transportation Department; National Highway Traffic Safety Administration,2026-06-03,2026-07-06,True,https://www.federalregister.gov/documents/2026/06/03/2026-11072/federal-motor-vehicle-safety-standard-no-214-side-impact-protection-federal-motor-vehicle-safety
2026-10846,electric vehicle,Consumer Discretionary,Endangered and Threatened Wildlife and Plants; Designation of Critical Habitat for the Rusty Patched Bumble Bee,Rule,Interior Department; Fish and Wildlife Service,2026-06-01,2026-07-01,True,https://www.federalregister.gov/documents/2026/06/01/2026-10846/endangered-and-threatened-wildlife-and-plants-designation-of-critical-habitat-for-the-rusty-patched
2026-10498,electric vehicle,Consumer Discretionary,Revisions to the Blanket Certificate Program,Proposed Rule,Energy Department; Federal Energy Regulatory Commission,2026-05-27,,,https://www.federalregister.gov/documents/2026/05/27/2026-10498/revisions-to-the-blanket-certificate-program
2026-10465,electric vehicle,Consumer Discretionary,National Wildlife Refuge System; 2026-2027 Station-Specific Hunting and Sport Fishing Regulations,Proposed Rule,Interior Department; Fish and Wildlife Service,2026-05-27,,False,https://www.federalregister.gov/documents/2026/05/27/2026-10465/national-wildlife-refuge-system-2026-2027-station-specific-hunting-and-sport-fishing-regulations
2026-10387,electric vehicle,Consumer Discretionary,Phasedown of Hydrofluorocarbons: Reconsideration of Certain Regulatory Requirements Promulgated Under the Technology Transitions Provisions of the American Innovation and Manufacturing Act of 2020,Rule,Environmental Protection Agency,2026-05-26,2026-07-27,True,https://www.federalregister.gov/documents/2026/05/26/2026-10387/phasedown-of-hydrofluorocarbons-reconsideration-of-certain-regulatory-requirements-promulgated-under
2026-09905,electric vehicle,Consumer Discretionary,"Revision of Tier 4 Criteria Pollutant Standards, Part 1: Amendments to Phase-In Schedule for Light-Duty and Medium-Duty Vehicles",Proposed Rule,Environmental Protection Agency,2026-05-18,,,https://www.federalregister.gov/documents/2026/05/18/2026-09905/revision-of-tier-4-criteria-pollutant-standards-part-1-amendments-to-phase-in-schedule-for
2026-09895,electric vehicle,Consumer Discretionary,Effluent Limitations Guidelines and Standards for the Steam Electric Power Generating Point Source Category-Unmanaged Combustion Residual Leachate,Proposed Rule,Environmental Protection Agency,2026-05-18,,True,https://www.federalregister.gov/documents/2026/05/18/2026-09895/effluent-limitations-guidelines-and-standards-for-the-steam-electric-power-generating-point-source
2026-09146,electric vehicle,Consumer Discretionary,Air Plan Approval; NC; Removal of the State's Vehicle Inspection and Maintenance Program,Proposed Rule,Environmental Protection Agency,2026-05-08,,,https://www.federalregister.gov/documents/2026/05/08/2026-09146/air-plan-approval-nc-removal-of-the-states-vehicle-inspection-and-maintenance-program
2026-08943,electric vehicle,Consumer Discretionary,Designation-Restrict the Operation of Unmanned Aircraft in Close Proximity to a Fixed Site Facility,Proposed Rule,Transportation Department; Federal Aviation Administration,2026-05-06,,True,https://www.federalregister.gov/documents/2026/05/06/2026-08943/designation-restrict-the-operation-of-unmanned-aircraft-in-close-proximity-to-a-fixed-site-facility
2026-08550,electric vehicle,Consumer Discretionary,Licensing Requirements for Microreactors and Other Reactors With Comparable Risk Profiles,Proposed Rule,Nuclear Regulatory Commission,2026-05-01,,,https://www.federalregister.gov/documents/2026/05/01/2026-08550/licensing-requirements-for-microreactors-and-other-reactors-with-comparable-risk-profiles
2026-08264,electric vehicle,Consumer Discretionary,Five-Year Review of the Oil Pipeline Index,Rule,Energy Department; Federal Energy Regulatory Commission,2026-04-28,2026-06-29,,https://www.federalregister.gov/documents/2026/04/28/2026-08264/five-year-review-of-the-oil-pipeline-index
2026-08145,electric vehicle,Consumer Discretionary,Energy Conservation Program: Notification of Petition for Rulemaking,Proposed Rule,Energy Department,2026-04-27,,,https://www.federalregister.gov/documents/2026/04/27/2026-08145/energy-conservation-program-notification-of-petition-for-rulemaking
2026-08015,electric vehicle,Consumer Discretionary,Generic Environmental Impact Statement for Licensing of New Nuclear Reactors,Rule,Nuclear Regulatory Commission,2026-04-24,2026-05-26,True,https://www.federalregister.gov/documents/2026/04/24/2026-08015/generic-environmental-impact-statement-for-licensing-of-new-nuclear-reactors
2026-07800,electric vehicle,Consumer Discretionary,National Emission Standards for Hazardous Air Pollutants: Crude Oil and Natural Gas Production Facilities and Natural Gas Transmission and Storage Facilities; Technology Review and Reconsideration,Proposed Rule,Environmental Protection Agency,2026-04-22,,False,https://www.federalregister.gov/documents/2026/04/22/2026-07800/national-emission-standards-for-hazardous-air-pollutants-crude-oil-and-natural-gas-production
2026-07104,electric vehicle,Consumer Discretionary,Occupations That Customarily and Regularly Received Tips; Definition of Qualified Tips,Rule,Treasury Department; Internal Revenue Service,2026-04-13,2026-06-12,,https://www.federalregister.gov/documents/2026/04/13/2026-07104/occupations-that-customarily-and-regularly-received-tips-definition-of-qualified-tips
2026-07061,electric vehicle,Consumer Discretionary,Hazardous and Solid Waste Management System: Disposal of Coal Combustion Residuals From Electric Utilities; Legacy/CCRMU Amendments,Proposed Rule,Environmental Protection Agency,2026-04-13,,True,https://www.federalregister.gov/documents/2026/04/13/2026-07061/hazardous-and-solid-waste-management-system-disposal-of-coal-combustion-residuals-from-electric
2026-06943,electric vehicle,Consumer Discretionary,"Air Plan Approval; Ohio; Redesignation of the Cleveland, OH Area to Attainment of the 2015 Ozone Standards",Proposed Rule,Environmental Protection Agency,2026-04-10,,,https://www.federalregister.gov/documents/2026/04/10/2026-06943/air-plan-approval-ohio-redesignation-of-the-cleveland-oh-area-to-attainment-of-the-2015-ozone
2026-06614,electric vehicle,Consumer Discretionary,"Federal Motor Vehicle Safety Standards; Occupant Crash Protection, Seat Belt Reminder Systems",Rule,Transportation Department; National Highway Traffic Safety Administration,2026-04-06,2026-04-06,False,https://www.federalregister.gov/documents/2026/04/06/2026-06614/federal-motor-vehicle-safety-standards-occupant-crash-protection-seat-belt-reminder-systems
2026-06537,electric vehicle,Consumer Discretionary,National Environmental Policy Act,Rule,Agriculture Department,2026-04-03,2026-04-03,True,https://www.federalregister.gov/documents/2026/04/03/2026-06537/national-environmental-policy-act
2026-06442,electric vehicle,Consumer Discretionary,Air Plan Approval; Wisconsin; Moderate Attainment Plan Elements for Wisconsin's 2015 Ozone Standard Areas,Proposed Rule,Environmental Protection Agency,2026-04-02,,,https://www.federalregister.gov/documents/2026/04/02/2026-06442/air-plan-approval-wisconsin-moderate-attainment-plan-elements-for-wisconsins-2015-ozone-standard
2026-06275,electric vehicle,Consumer Discretionary,"Renewable Fuel Standard (RFS) Program: Standards for 2026 and 2027, Partial Waiver of 2025 Cellulosic Biofuel Volume Requirement, and Other Changes",Rule,Environmental Protection Agency,2026-04-01,2026-06-15,True,https://www.federalregister.gov/documents/2026/04/01/2026-06275/renewable-fuel-standard-rfs-program-standards-for-2026-and-2027-partial-waiver-of-2025-cellulosic
2026-06048,electric vehicle,Consumer Discretionary,"Risk-Informed, Technology-Inclusive Regulatory Framework for Advanced Reactors",Rule,Nuclear Regulatory Commission,2026-03-30,2026-04-29,True,https://www.federalregister.gov/documents/2026/03/30/2026-06048/risk-informed-technology-inclusive-regulatory-framework-for-advanced-reactors
2026-05636,electric vehicle,Consumer Discretionary,Air Plan Revisions; California; Antelope Valley Air Quality Management District; New Source Review; Stationary Source Permits,Proposed Rule,Environmental Protection Agency,2026-03-23,,,https://www.federalregister.gov/documents/2026/03/23/2026-05636/air-plan-revisions-california-antelope-valley-air-quality-management-district-new-source-review
2026-05586,electric vehicle,Consumer Discretionary,Protecting Public Health and Unleashing American Energy by Facilitating Scrap Tire Pile Cleanups,Proposed Rule,Environmental Protection Agency,2026-03-23,,,https://www.federalregister.gov/documents/2026/03/23/2026-05586/protecting-public-health-and-unleashing-american-energy-by-facilitating-scrap-tire-pile-cleanups
2026-05167,electric vehicle,Consumer Discretionary,National Emission Standards for Hazardous Air Pollutants: Ethylene Oxide Emissions Standards for Sterilization Facilities Residual Risk and Technology Review Reconsideration,Proposed Rule,Environmental Protection Agency,2026-03-17,,True,https://www.federalregister.gov/documents/2026/03/17/2026-05167/national-emission-standards-for-hazardous-air-pollutants-ethylene-oxide-emissions-standards-for
2026-04668,electric vehicle,Consumer Discretionary,Takes of Marine Mammals Incidental to Specified Activities; Taking Marine Mammals Incidental to U.S. Navy Operations of Surveillance Towed Array Sensor System Low Frequency Active Sonar in the Western and Central North Pacific Ocean and Eastern Indian Ocean,Proposed Rule,Commerce Department; National Oceanic and Atmospheric Administration,2026-03-10,,False,https://www.federalregister.gov/documents/2026/03/10/2026-04668/takes-of-marine-mammals-incidental-to-specified-activities-taking-marine-mammals-incidental-to-us
2026-04646,electric vehicle,Consumer Discretionary,Standards of Performance for New Stationary Sources and Emission Guidelines for Existing Sources: Large Municipal Waste Combustors Voluntary Remand Response and Five-Year Review,Rule,Environmental Protection Agency,2026-03-10,2026-05-11,True,https://www.federalregister.gov/documents/2026/03/10/2026-04646/standards-of-performance-for-new-stationary-sources-and-emission-guidelines-for-existing-sources
2026-04127,electric vehicle,Consumer Discretionary,Removal of the Federal Reformulated Gasoline Program From the Kentucky Portion of the Louisville Area,Rule,Environmental Protection Agency,2026-03-02,2026-05-27,,https://www.federalregister.gov/documents/2026/03/02/2026-04127/removal-of-the-federal-reformulated-gasoline-program-from-the-kentucky-portion-of-the-louisville
2026-03995,electric vehicle,Consumer Discretionary,Extending the Reporting Deadline Under the Greenhouse Gas Reporting Rule for 2025,Rule,Environmental Protection Agency,2026-02-27,2026-02-27,False,https://www.federalregister.gov/documents/2026/02/27/2026-03995/extending-the-reporting-deadline-under-the-greenhouse-gas-reporting-rule-for-2025
2026-03936,electric vehicle,Consumer Discretionary,Air Plan Approvals; Illinois; Regional Haze Plan for the Second Implementation Period; Interstate Transport of Air Pollution for the 2012 PM2.5 and 2015 Ozone NAAQS,Proposed Rule,Environmental Protection Agency,2026-02-27,,,https://www.federalregister.gov/documents/2026/02/27/2026-03936/air-plan-approvals-illinois-regional-haze-plan-for-the-second-implementation-period-interstate
2026-03744,electric vehicle,Consumer Discretionary,Unlicensed Use of the 6 GHz Band; Expanding Flexible Use in Mid-Band Spectrum Between 3.7 and 24 GHz,Rule,Federal Communications Commission,2026-02-25,2026-04-27,,https://www.federalregister.gov/documents/2026/02/25/2026-03744/unlicensed-use-of-the-6-ghz-band-expanding-flexible-use-in-mid-band-spectrum-between-37-and-24-ghz
2026-03658,electric vehicle,Consumer Discretionary,Removal of Regulations Limiting Authorizations To Proceed With Construction Activities Pending Rehearing; Confirmation,Rule,Energy Department; Federal Energy Regulatory Commission,2026-02-24,2025-11-10,,https://www.federalregister.gov/documents/2026/02/24/2026-03658/removal-of-regulations-limiting-authorizations-to-proceed-with-construction-activities-pending
2026-03638,electric vehicle,Consumer Discretionary,National Emission Standards for Hazardous Air Pollutants: Coal- and Oil-Fired Electric Utility Steam Generating Units: Final Repeal,Rule,Environmental Protection Agency,2026-02-24,2026-04-27,True,https://www.federalregister.gov/documents/2026/02/24/2026-03638/national-emission-standards-for-hazardous-air-pollutants-coal--and-oil-fired-electric-utility-steam
2026-03633,electric vehicle,Consumer Discretionary,Accidental Release Prevention Requirements: Risk Management Programs Under the Clean Air Act; Common Sense Approach to Chemical Accident Prevention,Proposed Rule,Environmental Protection Agency,2026-02-24,,True,https://www.federalregister.gov/documents/2026/02/24/2026-03633/accidental-release-prevention-requirements-risk-management-programs-under-the-clean-air-act-common
2026-03364,electric vehicle,Consumer Discretionary,Locatable Minerals,Proposed Rule,Agriculture Department; Forest Service,2026-02-20,,True,https://www.federalregister.gov/documents/2026/02/20/2026-03364/locatable-minerals
2026-03300,electric vehicle,Consumer Discretionary,Petroleum-Equivalent Fuel Economy Calculation,Rule,Energy Department,2026-02-19,2026-02-19,True,https://www.federalregister.gov/documents/2026/02/19/2026-03300/petroleum-equivalent-fuel-economy-calculation
2026-03157,electric vehicle,Consumer Discretionary,Rescission of the Greenhouse Gas Endangerment Finding and Motor Vehicle Greenhouse Gas Emission Standards Under the Clean Air Act,Rule,Environmental Protection Agency,2026-02-18,2026-04-20,True,https://www.federalregister.gov/documents/2026/02/18/2026-03157/rescission-of-the-greenhouse-gas-endangerment-finding-and-motor-vehicle-greenhouse-gas-emission
2026-03072,electric vehicle,Consumer Discretionary,Partial Approval and Partial Disapproval of Air Quality Implementation Plans; Hawaii; Regional Haze State Implementation Plan for the Second Implementation Period,Proposed Rule,Environmental Protection Agency,2026-02-17,,,https://www.federalregister.gov/documents/2026/02/17/2026-03072/partial-approval-and-partial-disapproval-of-air-quality-implementation-plans-hawaii-regional-haze
2026-02843,electric vehicle,Consumer Discretionary,Approval and Promulgation of Air Quality Implementation Plans; Oklahoma; Regional Haze State Implementation Plan for the Second Implementation Period,Proposed Rule,Environmental Protection Agency,2026-02-12,,,https://www.federalregister.gov/documents/2026/02/12/2026-02843/approval-and-promulgation-of-air-quality-implementation-plans-oklahoma-regional-haze-state
2026-02575,electric vehicle,Consumer Discretionary,Hazardous Materials: Harmonization With International Standards,Proposed Rule,Transportation Department; Pipeline and Hazardous Materials Safety Administration,2026-02-10,,False,https://www.federalregister.gov/documents/2026/02/10/2026-02575/hazardous-materials-harmonization-with-international-standards
2026-02510,electric vehicle,Consumer Discretionary,Mammoth Cave National Park; Bicycling and Horses,Proposed Rule,Interior Department; National Park Service,2026-02-09,,False,https://www.federalregister.gov/documents/2026/02/09/2026-02510/mammoth-cave-national-park-bicycling-and-horses
2026-02479,electric vehicle,Consumer Discretionary,"Whiskeytown Unit, Whiskeytown-Shasta-Trinity National Recreation Area; Bicycling",Rule,Interior Department; National Park Service,2026-02-09,2026-03-11,False,https://www.federalregister.gov/documents/2026/02/09/2026-02479/whiskeytown-unit-whiskeytown-shasta-trinity-national-recreation-area-bicycling
2026-02477,electric vehicle,Consumer Discretionary,Air Plan Approval; Connecticut; Revised Format for Materials Incorporated by Reference,Rule,Environmental Protection Agency,2026-02-09,2026-02-09,,https://www.federalregister.gov/documents/2026/02/09/2026-02477/air-plan-approval-connecticut-revised-format-for-materials-incorporated-by-reference
2026-02350,electric vehicle,Consumer Discretionary,Air Plan Revisions; California; Heavy-Duty Vehicle Inspection and Maintenance Program,Rule,Environmental Protection Agency,2026-02-06,2026-03-09,,https://www.federalregister.gov/documents/2026/02/06/2026-02350/air-plan-revisions-california-heavy-duty-vehicle-inspection-and-maintenance-program
2026-01844,electric vehicle,Consumer Discretionary,Interstate Transport Plan Review for the 2015 Ozone NAAQS,Proposed Rule,Environmental Protection Agency,2026-01-30,,True,https://www.federalregister.gov/documents/2026/01/30/2026-01844/interstate-transport-plan-review-for-the-2015-ozone-naaqs
2026-01406,electric vehicle,Consumer Discretionary,Air Plan Approval; Indiana; Regional Haze Plan for the Second Implementation Period,Rule,Environmental Protection Agency,2026-01-26,2026-02-25,,https://www.federalregister.gov/documents/2026/01/26/2026-01406/air-plan-approval-indiana-regional-haze-plan-for-the-second-implementation-period
2026-00734,electric vehicle,Consumer Discretionary,"Rescission of Regulations Regarding Public Access, Use, and Recreation for Four National Wildlife Refuges",Rule,Interior Department; Fish and Wildlife Service,2026-01-15,2026-03-16,,https://www.federalregister.gov/documents/2026/01/15/2026-00734/rescission-of-regulations-regarding-public-access-use-and-recreation-for-four-national-wildlife
2026-00677,electric vehicle,Consumer Discretionary,New Source Performance Standards Review for Stationary Combustion Turbines and Stationary Gas Turbines,Rule,Environmental Protection Agency,2026-01-15,2026-01-15,True,https://www.federalregister.gov/documents/2026/01/15/2026-00677/new-source-performance-standards-review-for-stationary-combustion-turbines-and-stationary-gas
2026-00566,electric vehicle,Consumer Discretionary,Pipeline Safety: Class Location Change Requirements,Rule,Transportation Department; Pipeline and Hazardous Materials Safety Administration,2026-01-14,2026-03-16,True,https://www.federalregister.gov/documents/2026/01/14/2026-00566/pipeline-safety-class-location-change-requirements
2026-00154,electric vehicle,Consumer Discretionary,Petroleum-Equivalent Fuel Economy Calculation,Rule,Energy Department,2026-01-08,2026-01-08,True,https://www.federalregister.gov/documents/2026/01/08/2026-00154/petroleum-equivalent-fuel-economy-calculation
2026-00121,electric vehicle,Consumer Discretionary,Reissuance and Modification of Nationwide Permits,Rule,Defense Department; Engineers Corps,2026-01-08,2026-03-15,True,https://www.federalregister.gov/documents/2026/01/08/2026-00121/reissuance-and-modification-of-nationwide-permits
2025-24102,electric vehicle,Consumer Discretionary,Effluent Limitations Guidelines and Standards for the Steam Electric Power Generating Point Source Category-Deadline Extensions,Rule,Environmental Protection Agency,2025-12-31,2026-03-02,,https://www.federalregister.gov/documents/2025/12/31/2025-24102/effluent-limitations-guidelines-and-standards-for-the-steam-electric-power-generating-point-source
2025-22674,electric vehicle,Consumer Discretionary,Public Hearing for Corporate Average Fuel Economy Standards: The Safer Affordable Fuel-Efficient (SAFE) Vehicle Rule III for Model Years 2022 to 2031 Passenger Cars and Light Trucks,Proposed Rule,Transportation Department; National Highway Traffic Safety Administration,2025-12-12,,True,https://www.federalregister.gov/documents/2025/12/12/2025-22674/public-hearing-for-corporate-average-fuel-economy-standards-the-safer-affordable-fuel-efficient-safe
2025-22014,electric vehicle,Consumer Discretionary,The Safer Affordable Fuel-Efficient (SAFE) Vehicles Rule III for Model Years 2022 to 2031 Passenger Cars and Light Trucks,Proposed Rule,Transportation Department; National Highway Traffic Safety Administration,2025-12-05,,True,https://www.federalregister.gov/documents/2025/12/05/2025-22014/the-safer-affordable-fuel-efficient-safe-vehicles-rule-iii-for-model-years-2022-to-2031-passenger
2025-22002,electric vehicle,Consumer Discretionary,Air Plan Approval; Texas and Oklahoma; Texas Regional Haze Plans for the First and Second Implementation Periods and Five-Year Progress Report; Oklahoma Regional Haze Plan for the First Implementation Period,Rule,Environmental Protection Agency,2025-12-05,2026-01-05,,https://www.federalregister.gov/documents/2025/12/05/2025-22002/air-plan-approval-texas-and-oklahoma-texas-regional-haze-plans-for-the-first-and-second
2025-21767,electric vehicle,Consumer Discretionary,"Medicare and Medicaid Programs; Calendar Year 2026 Home Health Prospective Payment System (HH PPS) Rate Update; Requirements for the HH Quality Reporting Program and the HH Value-Based Purchasing Expanded Model; Durable Medical Equipment, Prosthetics, Orthotics, and Supplies (DMEPOS) Competitive Bidding Program Updates; DMEPOS Accreditation Requirements; Provider Enrollment; and Other Medicare and Medicaid Policies",Rule,Health and Human Services Department; Centers for Medicare & Medicaid Services,2025-12-02,2026-01-01,True,https://www.federalregister.gov/documents/2025/12/02/2025-21767/medicare-and-medicaid-programs-calendar-year-2026-home-health-prospective-payment-system-hh-pps-rate
2025-20672,electric vehicle,Consumer Discretionary,Air Plan Approval; Indiana; Second Maintenance Plan for 2008 Ozone NAAQS,Proposed Rule,Environmental Protection Agency,2025-11-21,,,https://www.federalregister.gov/documents/2025/11/21/2025-20672/air-plan-approval-indiana-second-maintenance-plan-for-2008-ozone-naaqs
2025-20444,electric vehicle,Consumer Discretionary,Air Plan Approval; Rhode Island; Regional Haze State Implementation Plan for the Second Implementation Period; Prong 4 (Visibility) for the 2015 8-Hour Ozone National Ambient Air Quality Standard,Proposed Rule,Environmental Protection Agency,2025-11-20,,,https://www.federalregister.gov/documents/2025/11/20/2025-20444/air-plan-approval-rhode-island-regional-haze-state-implementation-plan-for-the-second-implementation
2025-20409,electric vehicle,Consumer Discretionary,Air Plan Approval; Pennsylvania; Redesignation Request for the Allegheny County Area for the 2012 Annual Fine Particulate Matter Standard,Proposed Rule,Environmental Protection Agency,2025-11-20,,,https://www.federalregister.gov/documents/2025/11/20/2025-20409/air-plan-approval-pennsylvania-redesignation-request-for-the-allegheny-county-area-for-the-2012
2025-20282,electric vehicle,Consumer Discretionary,Incorporation by Reference; North American Standard Out-of-Service Criteria; Hazardous Materials Safety Permits (2025),Proposed Rule,Transportation Department; Federal Motor Carrier Safety Administration,2025-11-19,,False,https://www.federalregister.gov/documents/2025/11/19/2025-20282/incorporation-by-reference-north-american-standard-out-of-service-criteria-hazardous-materials
2025-20097,electric vehicle,Consumer Discretionary,"Air Plan Approval; AK, Fairbanks North Star Borough; 2006 24-Hour PM2.5 Serious Area and 189(d) Plan",Rule,Environmental Protection Agency,2025-11-18,2025-12-18,,https://www.federalregister.gov/documents/2025/11/18/2025-20097/air-plan-approval-ak-fairbanks-north-star-borough-2006-24-hour-pm25-serious-area-and-189d-plan
2025-19884,electric vehicle,Consumer Discretionary,"Approval of Clean Air Plans; San Joaquin Valley, California; Contingency Measures for 1997 Ozone Standards",Proposed Rule,Environmental Protection Agency,2025-11-14,,,https://www.federalregister.gov/documents/2025/11/14/2025-19884/approval-of-clean-air-plans-san-joaquin-valley-california-contingency-measures-for-1997-ozone
2025-19882,electric vehicle,Consumer Discretionary,Perfluoroalkyl and Polyfluoroalkyl Substances (PFAS) Data Reporting and Recordkeeping Under the Toxic Substances Control Act (TSCA); Revision to Regulation,Proposed Rule,Environmental Protection Agency,2025-11-13,,True,https://www.federalregister.gov/documents/2025/11/13/2025-19882/perfluoroalkyl-and-polyfluoroalkyl-substances-pfas-data-reporting-and-recordkeeping-under-the-toxic
2025-19815,electric vehicle,Consumer Discretionary,National Emission Standards for Hazardous Air Pollutants From Hazardous Waste Combustors: Residual Risk and Technology Review; Withdrawal of Proposed Revisions to Standards for Periods of Malfunction,Proposed Rule,Environmental Protection Agency,2025-11-10,,True,https://www.federalregister.gov/documents/2025/11/10/2025-19815/national-emission-standards-for-hazardous-air-pollutants-from-hazardous-waste-combustors-residual
2025-19812,electric vehicle,Consumer Discretionary,Protection of Stratospheric Ozone: Listing of Substitutes Under the Significant New Alternatives Policy Program in Refrigeration and Air Conditioning and Fire Suppression,Proposed Rule,Environmental Protection Agency,2025-11-10,,False,https://www.federalregister.gov/documents/2025/11/10/2025-19812/protection-of-stratospheric-ozone-listing-of-substitutes-under-the-significant-new-alternatives
2025-19438,electric vehicle,Consumer Discretionary,Phasedown of Hydrofluorocarbons: Reconsideration of Certain Regulatory Requirements Promulgated Under the Technology Transitions Provisions of the American Innovation and Manufacturing Act of 2020,Proposed Rule,Environmental Protection Agency,2025-10-03,,True,https://www.federalregister.gov/documents/2025/10/03/2025-19438/phasedown-of-hydrofluorocarbons-reconsideration-of-certain-regulatory-requirements-promulgated-under
2025-19358,electric vehicle,Consumer Discretionary,International Trademark Classification Changes,Rule,Commerce Department; Patent and Trademark Office,2025-10-02,2026-01-01,False,https://www.federalregister.gov/documents/2025/10/02/2025-19358/international-trademark-classification-changes
2025-19268,electric vehicle,Consumer Discretionary,Effluent Limitations Guidelines and Standards for the Steam Electric Power Generating Point Source Category-Deadline Extensions,Proposed Rule,Environmental Protection Agency,2025-10-02,,,https://www.federalregister.gov/documents/2025/10/02/2025-19268/effluent-limitations-guidelines-and-standards-for-the-steam-electric-power-generating-point-source
2025-19155,electric vehicle,Consumer Discretionary,National Emission Standards for Hazardous Air Pollutants From Secondary Lead Smelting Technology Review,Proposed Rule,Environmental Protection Agency,2025-10-01,,False,https://www.federalregister.gov/documents/2025/10/01/2025-19155/national-emission-standards-for-hazardous-air-pollutants-from-secondary-lead-smelting-technology
2025-18278,electric vehicle,Consumer Discretionary,Occupations That Customarily and Regularly Received Tips; Definition of Qualified Tips,Proposed Rule,Treasury Department; Internal Revenue Service,2025-09-22,,,https://www.federalregister.gov/documents/2025/09/22/2025-18278/occupations-that-customarily-and-regularly-received-tips-definition-of-qualified-tips
2025-17923,electric vehicle,Consumer Discretionary,Reconsideration of the Greenhouse Gas Reporting Program,Proposed Rule,Environmental Protection Agency,2025-09-16,,False,https://www.federalregister.gov/documents/2025/09/16/2025-17923/reconsideration-of-the-greenhouse-gas-reporting-program
2025-17048,electric vehicle,Consumer Discretionary,Air Plan Approval; Kentucky; Emissions Inventory and Nonattainment New Source Review for the Henderson-Webster Sulfur Dioxide Nonattainment Area,Proposed Rule,Environmental Protection Agency,2025-09-05,,,https://www.federalregister.gov/documents/2025/09/05/2025-17048/air-plan-approval-kentucky-emissions-inventory-and-nonattainment-new-source-review-for-the
2025-17041,electric vehicle,Consumer Discretionary,Air Plan Approval; Arkansas; Regional Haze State Implementation Plan for the Second Implementation Period,Proposed Rule,Environmental Protection Agency,2025-09-05,,,https://www.federalregister.gov/documents/2025/09/05/2025-17041/air-plan-approval-arkansas-regional-haze-state-implementation-plan-for-the-second-implementation
2025-16688,electric vehicle,Consumer Discretionary,Endangered and Threatened Wildlife and Plants; Threatened Species Status With Section 4(d) Rule for Southern Hognose Snake,Proposed Rule,Interior Department; Fish and Wildlife Service,2025-08-29,,False,https://www.federalregister.gov/documents/2025/08/29/2025-16688/endangered-and-threatened-wildlife-and-plants-threatened-species-status-with-section-4d-rule-for
2025-16440,electric vehicle,Consumer Discretionary,National Wildlife Refuge System; 2025-2026 Station-Specific Hunting and Sport Fishing Regulations,Rule,Interior Department; Fish and Wildlife Service,2025-08-28,2025-08-27,False,https://www.federalregister.gov/documents/2025/08/28/2025-16440/national-wildlife-refuge-system-2025-2026-station-specific-hunting-and-sport-fishing-regulations
2025-16382,electric vehicle,Consumer Discretionary,International Traffic in Arms Regulations: U.S. Munitions List Targeted Revisions,Rule,State Department,2025-08-27,2025-09-15,True,https://www.federalregister.gov/documents/2025/08/27/2025-16382/international-traffic-in-arms-regulations-us-munitions-list-targeted-revisions
2025-15989,electric vehicle,Consumer Discretionary,Air Plan Approval; California; Revised Format for Materials Incorporated by Reference,Rule,Environmental Protection Agency,2025-08-21,2025-08-21,,https://www.federalregister.gov/documents/2025/08/21/2025-15989/air-plan-approval-california-revised-format-for-materials-incorporated-by-reference
2025-15983,electric vehicle,Consumer Discretionary,"Air Plan Approval; IA, Muscatine; 2010 1-Hour SO2 Maintenance Plan and Redesignation",Proposed Rule,Environmental Protection Agency,2025-08-21,,,https://www.federalregister.gov/documents/2025/08/21/2025-15983/air-plan-approval-ia-muscatine-2010-1-hour-so2-maintenance-plan-and-redesignation
2025-15748,electric vehicle,Consumer Discretionary,Air Plan Approval; Tennessee; Second Planning Period Regional Haze Plan,Proposed Rule,Environmental Protection Agency,2025-08-19,,,https://www.federalregister.gov/documents/2025/08/19/2025-15748/air-plan-approval-tennessee-second-planning-period-regional-haze-plan
2025-14992,electric vehicle,Consumer Discretionary,Normalizing Unmanned Aircraft Systems Beyond Visual Line of Sight Operations,Proposed Rule,Transportation Department; Federal Aviation Administration; Homeland Security Department; Transportation Security Administration,2025-08-07,,True,https://www.federalregister.gov/documents/2025/08/07/2025-14992/normalizing-unmanned-aircraft-systems-beyond-visual-line-of-sight-operations
2025-14681,electric vehicle,Consumer Discretionary,"Medicare Program; Hospital Inpatient Prospective Payment Systems for Acute Care Hospitals (IPPS) and the Long-Term Care Hospital Prospective Payment System and Policy Changes and Fiscal Year (FY) 2026 Rates; Changes to the FY 2025 IPPS Rates Due to Court Decision; Requirements for Quality Programs; and Other Policy Changes; Health Data, Technology, and Interoperability: Electronic Prescribing, Real-Time Prescription Benefit and Electronic Prior Authorization",Rule,Health and Human Services Department; Centers for Medicare & Medicaid Services; Office of the Secretary,2025-08-04,2025-10-01,,https://www.federalregister.gov/documents/2025/08/04/2025-14681/medicare-program-hospital-inpatient-prospective-payment-systems-for-acute-care-hospitals-ipps-and
2025-14572,electric vehicle,Consumer Discretionary,Reconsideration of 2009 Endangerment Finding and Greenhouse Gas Vehicle Standards,Proposed Rule,Environmental Protection Agency,2025-08-01,,True,https://www.federalregister.gov/documents/2025/08/01/2025-14572/reconsideration-of-2009-endangerment-finding-and-greenhouse-gas-vehicle-standards
2025-14476,electric vehicle,Consumer Discretionary,Air Plan Approval; South Carolina; Second Planning Period Regional Haze Plan,Proposed Rule,Environmental Protection Agency,2025-07-31,,,https://www.federalregister.gov/documents/2025/07/31/2025-14476/air-plan-approval-south-carolina-second-planning-period-regional-haze-plan
2025-13972,electric vehicle,Consumer Discretionary,Modernization of Special Airworthiness Certification,Rule,Transportation Department; Federal Aviation Administration,2025-07-24,2025-10-22,False,https://www.federalregister.gov/documents/2025/07/24/2025-13972/modernization-of-special-airworthiness-certification
2025-13957,electric vehicle,Consumer Discretionary,Air Plan Approval; Washington; Regional Haze State Implementation Plan for the Second Implementation Period,Proposed Rule,Environmental Protection Agency,2025-07-24,,,https://www.federalregister.gov/documents/2025/07/24/2025-13957/air-plan-approval-washington-regional-haze-state-implementation-plan-for-the-second-implementation
2025-13333,electric vehicle,Consumer Discretionary,Air Plan Approval; New Jersey; Update to Materials Incorporated by Reference,Rule,Environmental Protection Agency,2025-07-16,2025-07-16,,https://www.federalregister.gov/documents/2025/07/16/2025-13333/air-plan-approval-new-jersey-update-to-materials-incorporated-by-reference
2025-13258,electric vehicle,Consumer Discretionary,Takes of Marine Mammals Incidental to Specified Activities; Taking Marine Mammals Incidental to Military Readiness Activities in the Hawaii-California Training and Testing Study Area,Proposed Rule,Commerce Department; National Oceanic and Atmospheric Administration,2025-07-16,,False,https://www.federalregister.gov/documents/2025/07/16/2025-13258/takes-of-marine-mammals-incidental-to-specified-activities-taking-marine-mammals-incidental-to
2025-12383,electric vehicle,Consumer Discretionary,Revision of National Environmental Policy Act Implementing Procedures,Rule,Energy Department,2025-07-03,2025-07-03,True,https://www.federalregister.gov/documents/2025/07/03/2025-12383/revision-of-national-environmental-policy-act-implementing-procedures
