award_id,recipient,amount,date,agency,sub_agency,naics_code,naics_desc,state,description
HT940216C0001,HUMANA GOVERNMENT BUSINESS INC,51269205263.03,2016-07-29,Department of Defense,Defense Health Agency,,,KY,IGF::OT::IGF
DEAC0494AL85000,LOCKHEED MARTIN CORP,48063763681.32,1993-10-15,Department of Energy,Department of Energy,,,NM,
DENA0003525,"NATIONAL TECHNOLOGY & ENGINEERING SOLUTIONS OF SANDIA, LLC",42571358867.68,2016-12-16,Department of Energy,Department of Energy,,,NM,"IGF::CL,CT::IGF CONTRACT AWARD DE-NA0003525 TO THE NATIONAL TECHNOLOGY&ENGINEERING SOLUTIONS OF SANDIA, LLC (NTESS) FOR THE MANAGEMENT AND OPERATION OF THE DEPARTMENT OF ENERGY, NATIONAL NUCLEAR SECUR"
DEAC0500OR22725,UT-BATTELLE LLC,42096094266.96,1999-10-15,Department of Energy,Department of Energy,,,TN,MANAGEMENT AND OPERATION OF THE OAK RIDGE NATIONAL LABORATORY
DEAC5207NA27344,"LAWRENCE LIVERMORE NATIONAL SECURITY, LLC",41152283440.62,2007-05-08,Department of Energy,Department of Energy,,,CA,"TAS::89 0240::TAS THIS PERFORMANCE-BASED MANAGEMENT CONTRACT (PBMC) IS FOR THE MANAGEMENT AND OPERATION OF THE LAWRENCE LIVERMORE NATIONAL LABORATORY (LLNL). THE CONTRACTOR SHALL, IN ACCORDANCE WITH T"
DEAC3243AL00036,"REGENTS OF THE UNIVERSITY OF CALIFORNIA, THE",35295925219.18,1978-09-30,Department of Energy,Department of Energy,,,NM,M&O OF LANL BR OF U OF CA
N0001917C0001,LOCKHEED MARTIN CORPORATION,35135514910.2,2017-04-28,Department of Defense,Department of the Navy,,,TX,LRIP LOT 12 ADVANCE ACQUISITION CONTRACT
89233218CNA000001,"TRIAD NATIONAL SECURITY, LLC",35040435873.75,2018-06-08,Department of Energy,Department of Energy,,,NM,IGF::CL::IGF COMPETITION FOR MANAGEMENT AND OPERATION OF LOS ALAMOS NATIONAL LABORATORY
N0002417C2100,ELECTRIC BOAT CORPORATION,34939576028.0,2017-02-14,Department of Defense,Department of the Navy,,,CT,SSN 802 AND 803 LONG LEAD TIME MATERIAL
DENA0001942,"CONSOLIDATED NUCLEAR SECURITY, LLC",34256470772.89,2013-01-08,Department of Energy,Department of Energy,,,TN,"IGF::CL,CT::IGF MANAGEMENT AND OPERATING CONTRACT FOR Y-12 NATIONAL SECURITY COMPLEX, PANTEX PLANT, WITH AN OPTION FOR SAVANNAH RIVER TRITIUM OPERATIONS"
N0001902C3002,LOCKHEED MARTIN CORPORATION,34173959111.96,2001-10-26,Department of Defense,Defense Contract Management Agency,,,TX,200204!008532!1700!AF600 !NAVAL AIR SYSTEMS COMMAND       !N0001902C3002  !A!N! !N!                   !20011026!20120430!008016958!008016958!834951691!N!LOCKHEED MARTIN CORPORATION   !LOCKHEED BLVD   
FA862511C6600,THE BOEING COMPANY,31972918249.03,2011-02-24,Department of Defense,Department of the Air Force,,,WA,KC-X MODERNIZATION PROGRAM
N0002417C2117,ELECTRIC BOAT CORPORATION,30979375853.0,2017-09-21,Department of Defense,Department of the Navy,,,CT,COLUMBIA CLASS DESIGN COMPLETION
DEAC0576RL01830,BATTELLE MEMORIAL INSTITUTE,30520604861.61,1978-10-12,Department of Energy,Department of Energy,,,WA,BATTELLE MEMORIAL INSTITUTE/PACIFIC NORTHWEST               LABORATORY OPERATING AND MANAGING CONTRACT
N0001920C0009,LOCKHEED MARTIN CORPORATION,30140182630.06,2019-11-26,Department of Defense,Defense Contract Management Agency,,,TX,THE PURPOSE OF THIS MODIFICATION IS TO AWARD F-35A LRIP 15 USAF  AIRCRAFT* LONG LEAD FUNDING
DEAC0908SR22470,SAVANNAH RIVER NUCLEAR SOLUTIONS LLC,27551935999.46,2008-01-10,Department of Energy,Department of Energy,,,SC,MANAGEMENT AND OPERATING CONTRACT FOR THE SAVANNAH RIVER SITE.
DEAC5206NA25396,LOS ALAMOS NATIONAL SECURITY LLC,27422768630.96,2005-12-21,Department of Energy,Department of Energy,,,NM,"THE CONTRACTOR SHALL, IN ACCORDANCE WITH THE TERMS AND CONDITIONS OF THIS CONTRACT, PROVIDE THE PERSONNEL, EQUIPMENT, MATERIALS, SUPPLIES, AND SERVICES (EXCEPT AS MAY BE FURNISHED BY THE GOVERNMENT) A"
DEAC0705ID14517,"BATTELLE ENERGY ALLIANCE, LLC",26114643335.95,2004-11-09,Department of Energy,Department of Energy,,,ID,MANAGEMENT AND OPERATIONS OF THE INL
N0001923C0003,LOCKHEED MARTIN CORPORATION,24500661983.0,2022-12-23,Department of Defense,Department of the Navy,,,TX,"THE PURPOSE OF THIS CONTRACT IS TO AWARD LONG LEAD FUNDING FOR F-35A, F-35B, AND F-35C AIRCRAFT FOR U.S. SERVICES, NON-DOD PARTNERS, AND FMS CUSTOMERS"
HT940216C0002,"HEALTH NET FEDERAL SERVICES, LLC",23493318778.12,2016-08-01,Department of Defense,Defense Health Agency,,,CA,IGF::OT::IGF  MANAGED CARE SUPPORT SERVICES IN SUPPORT OF THE TRICARE PROGRAM
NAS1510000,THE BOEING COMPANY,22437793940.54,1993-11-15,National Aeronautics and Space Administration,National Aeronautics and Space Administration,,,TX,INTERNATIONAL SPACE STATION
DEAC0584OR21400,"LOCKHEED MARTIN SERVICES, LLC",20646113720.09,1984-04-30,Department of Energy,Department of Energy,,,TN,MANAGEMENT AND OPERATION OF Y-12 PLANT AND OTHER PROGRAMS
HT940211C0003,HUMANA GOVERNMENT BUSINESS INC,20451127096.53,2011-03-03,Department of Defense,Defense Health Agency,,,KY,T3 MANAGED CARE SUPPORT CONTRACT FOR SOUTH REGION
N0002412C2115,ELECTRIC BOAT CORPORATION,20183816107.0,2012-04-17,Department of Defense,Department of the Navy,,,CT,SSN 792 LONG LEAD TIME MATERIAL
DEAC0205CH11231,THE REGENTS OF THE UNIVERSITY OF CALIFORNIA,19743215928.42,2005-04-19,Department of Energy,Department of Energy,,,CA,"THIS PERFORMANCE-BASED MANAGEMENT CONTRACT (PBMC) IS FOR THE MANAGEMENT AND OPERATION OF THE ERNEST ORLANDO LAWRENCE BERKELEY NATIONAL LABORATORY (LBNL).  THE CONTRACTOR SHALL, IN ACCORDANCE WITH THE "
HT940210C0002,"HEALTH NET FEDERAL SERVICES, LLC",19414789943.3,2010-05-13,Department of Defense,Defense Health Agency,,,CA,PROVIDE MANAGED CARE SUPPORT TO THE DEPARTMENT OF DEFENSE TRICARE PROGRAM. CONTRACTOR SHALL ASSIST MILITARY HEALTH SYSTEM IN OPERATING AN INTEGRATED HEALTHCARE DELIVERY SYSTEM COMBINING RESOURCES OF T
HQ000601C0001,THE BOEING COMPANY,18762686627.49,2000-12-22,Department of Defense,Defense Contract Management Agency,,,AL,200112!000108!9700!ZD60 !BALLISTIC MISSILE DEFENSE ORG. !HQ000601C0001 !A!N!*!N! !20001222!20080930!848025649!848025649!009256819!N!THE BOEING COMPANY !3370 E MIRALOMA AVE !ANAHEIM !CA!92806!37000!089
N0001914C0067,THE BOEING COMPANY,18111838529.78,2014-08-14,Department of Defense,Defense Contract Management Agency,,,WA,USN P-8A FRP II LONG LEAD MATERIAL
DEAC0343SF00048,THE REGENTS OF THE UNIVERSITY OF CALIFORNIA,18009881071.27,1999-10-27,Department of Energy,Department of Energy,,,CA,OPERATION OF LAWRENCE LIVERMORE LABORATORY
DENA0002839,"HONEYWELL FEDERAL MANUFACTURING & TECHNOLOGIES, LLC",17488650862.28,2015-07-09,Department of Energy,Department of Energy,,,MO,"IGF::CL,CT::IGF MANAGEMENT AND OPERATION OF THE NATIONAL SECURITY CAMPUS -- CONTRACT NO. DE-NA0002839"
DEAC2701RV14136,"BECHTEL NATIONAL, INC.",17319586105.74,2000-12-15,Department of Energy,Department of Energy,,,WA,
DEAC0206CH11357,"UCHICAGO ARGONNE, LLC",17318912548.91,2006-07-31,Department of Energy,Department of Energy,,,IL,PERFORMANCE-BASED CONTRACT FOR MANAGEMENT AND OPERATION OF ARGONNE NATIONAL LABORATORY
N0002409C2104,ELECTRIC BOAT CORPORATION,16238775949.0,2008-12-22,Department of Defense,Department of the Navy,,,CT,CONSTRUCTION OF VIRGINIA CLASS BLOCK III SUBMARINES.
NNJ06TA25C,LOCKHEED MARTIN CORP,15555973334.93,2006-08-31,National Aeronautics and Space Administration,National Aeronautics and Space Administration,,,CO,"TAS::80 0124::TAS DESIGN, DEVELOPMENT, TEST&EVALUATION OF PROJECT ORION"
DEAC0276SF00515,THE LELAND STANFORD JUNIOR UNIVERSITY,14884413468.37,1978-11-20,Department of Energy,Department of Energy,,,CA,OPERATION AND MAINTENANCE                                   LINEAR ACCELLERATOR
89233018CNR000004,"FLUOR MARINE PROPULSION, LLC",14781032587.06,2018-07-12,Department of Energy,Department of Energy,,,PA,MANAGEMENT AND OPERATION OF THE NAVAL NUCLEAR LABORATORY AND NAVAL NUCLEAR PROPULSION PROGRAM SUPPORT
N0002418C2130,"FLUOR MARINE PROPULSION, LLC",14426090803.57,2018-07-12,Department of Defense,Department of the Navy,,,PA,NAVAL NUCLEAR LABORATORY
FA821920C0006,NORTHROP GRUMMAN SYSTEMS CORP,13396478923.19,2020-09-08,Department of Defense,Department of the Air Force,,,UT,GROUND-BASED STRATEGIC DETERRENT (GBSD) ENGINEERING AND MANUFACTURING DEVELOPMENT (EMD) AND EARLY PRODUCTION AND DEPLOYMENT (P&D)
HT940212C0001,"UNITEDHEALTH MILITARY & VETERANS SERVICES, LLC",13145560374.49,2012-03-20,Department of Defense,Defense Health Agency,,,MN,T3 MANAGED CARE SUPPORT CONTRACT FOR WEST REGION
N0002416C2116,HUNTINGTON INGALLS INC,12721654557.85,2016-05-23,Department of Defense,Department of the Navy,,,VA,CVN 80 ENGINEERING EFFORTS AND STEEL
0005,"FLUOR INTERCONTINENTAL, INC",12568636130.95,2009-07-16,Department of Defense,Department of the Army,,,,LOGCAP IV SERVICES AFGHANISTAN
W58P0522C0001,PFIZER INC,12549999847.5,2021-11-17,Department of Defense,Department of the Army,,,NY,AWARD OF 10M TREATMENT COURSES OF ORAL PROTEASE INHIBITOR PF-07321332
N0001916C0033,LOCKHEED MARTIN CORPORATION,12269145508.23,2015-12-22,Department of Defense,Defense Contract Management Agency,,,TX,LRIP 11 AAC
W58RGZ12C0008,SIKORSKY AIRCRAFT CORPORATION,11602480135.21,2012-06-06,Department of Defense,Department of the Army,,,CT,"MULTI SERVICE, 5 YR, MULTI-YR CONTRACT FOR H-60 HELICOPTERS. FY2012 FY2016 PRODUCTION CONTRACT FOR ARMY/NAVY/FMS UH/HH/MH-60 HELICOPTERS TO INCLUDE PROCUREMENT OF UP TO 916 EACH AIRCRAFT AND RELATED S"
FA863412C2651,THE BOEING COMPANY,11204226412.65,2012-03-08,Department of Defense,Department of the Air Force,,,MO,RSAF F-15 FLEET MODERNIZATION PROGRAM
W15QKN21C0012,PFIZER INC,11110134065.68,2020-12-22,Department of Defense,Department of the Army,,,NY,COVID-19 VACCINE PRODUCTION
FA861404C2004,THE BOEING COMPANY,11086769499.68,2003-10-02,Department of Defense,Defense Contract Management Agency,,,CA,
N0001907C0001,BELL BOEING JOINT PROJECT OFFICE,11040980157.1,2007-04-02,Department of Defense,Defense Contract Management Agency,,,TX,MV-22 AIRCRAFT - FY08 (LOT 12)*
DEAC0500OR22800,"BWXT Y - 12, LLC",10985001041.33,2000-08-31,Department of Energy,Department of Energy,,,TN,MANAGEMENT AND OPERATION OF THE Y-12 FACILITY
DEAC3608GO28308,"ALLIANCE FOR ENERGY INNOVATION, LLC",10790056186.9,2008-07-29,Department of Energy,Department of Energy,,,CO,AWARD OF CONTRACT TO MANAGE AND OPERATE THE NATIONAL RENEWABLE ENERGY LABORATORY
DEAC2708RV14800,WASHINGTON RIVER PROTECTION SOLUTIONS LLC,10572204771.54,2008-05-29,Department of Energy,Department of Energy,,,WA,MANAGEMENT OF THE HANFORD SITE TANK FARMS
N0001915C0003,LOCKHEED MARTIN CORPORATION,10550927664.07,2015-06-04,Department of Defense,Defense Contract Management Agency,,,TX,LRIP 10 AAC
NNM07AB03C,THE BOEING COMPANY,10513304426.0,2007-08-28,National Aeronautics and Space Administration,National Aeronautics and Space Administration,,,AL,"PROVIDE DEVELOPMENTAL HARDWARE AND TEST ARTICLES, AND MANUFACTURE AND ASSEMBLE ARES I UPPER STAGES. THE UPPER STAGE (US) ELEMENT IS AN INTEGRAL PART OF THE ARES I LAUNCH VEHICLE AND PROVIDES THE SECON"
W31P4Q20C0023,LOCKHEED MARTIN CORPORATION,10478694385.9,2020-04-30,Department of Defense,Department of the Army,,,TX,THE CONTRACT AWARD IS FOR THE FY21/FY22/FY23 BASE AND OPTION PRICING FOR PHASE ARRAY TRACKING RADAR TO INTERCEPT ON TARGET (PATRIOT) ADVANCED CAPABILITY-3 (PAC-3) PRODUCTION REQUIREMENTS FOR THE UNITE
N0002406C2222,HUNTINGTON INGALLS INCORPORATED,10029620274.96,2006-06-01,Department of Defense,Department of the Navy,,,MS,DETAIL DESIGN AND CONSTRUCTION OF LPD 17 CLASS SHIP (LPD 22)
F4261098C0001,NORTHROP GRUMMAN SYSTEMS CORPORATION,10009419769.13,1998-07-01,Department of Defense,Department of the Air Force,,,UT,200506!000026!5700!FA8214!OO-ALC/PKME/LMKE                !F4261098C0001  !A!N! !Y!             !P01502!20041213!20050701!001563738!004179453!016435559!N!NORTHROP GRUMMAN SPACE & MISSI!888 S 2000 E   
W58RGZ08C0003,SIKORSKY AIRCRAFT CORPORATION,9971085290.49,2007-12-12,Department of Defense,Department of the Army,,,CT,PROCUREMENT OF 54 EACH ARMY UH-60M BLACK HAWK HELICOPTERS; 18 EACH NAVY MH-60S SEA HAWK HELICOPTERS; 25 EACH NAVY NH-60R SEA HAWK HELICOPTERS; 9 EACH UH-60M BLACK HAWK HELICOPTER FOR BAHRAIN DEFENSE F
W31P4Q24C0022,LOCKHEED MARTIN CORPORATION,9852834751.99,2024-06-28,Department of Defense,Department of the Army,,,TX,"EXECUTE PHASED ARRAY TRACKING RADAR TO INTERCEPT ON TARGET (PATRIOT) ADVANCED CAPABILITY-3 (PAC-3) MISSILE PRODUCTION BY PROVIDING INCIDENTAL SERVICES, HARDWARE, FACILITIES, EQUIPMENT, AND TECHNICAL, "
FA881113C0003,"UNITED LAUNCH SERVICES, LLC",9499338750.87,2013-06-26,Department of Defense,Defense Contract Management Agency,,,CO,IGF::CT::IGF EELV FY13 + PHASE I BUY
F0470195C0017,LOCKHEED MISSILES & SPACE COMP,9458382765.59,1995-09-30,Department of Defense,Department of the Air Force,,,CA,200510!000044!5700!FA8810!SMC/ISK                         !F0470195C0017  !A!N! !N!             !P00309!20050324!20100630!196596688!196596688!834951691!N!LOCKHEED MARTIN CORPORATION   !1111 LOCKHEED M
N0002496F4060,"ENERGY, DEPARTMENT OF",9438254579.0,1996-11-04,Department of Defense,Department of the Navy,,,DC,"199712!1700!1276!BZ004!NAVAL SEA SYSTEMS COMMAND       !N0002496F4060  !A!*!P00005             !19961104!20060930!087689394!161906078!161906193!Y!0C2Y9!ENERGY, UNITED STATES DEPT OF !1000 INDEPENDENCE"
N0002403C2101,ELECTRIC BOAT CORPORATION,9397332305.22,2003-08-14,Department of Defense,Department of the Navy,,,CT,
HQ014717C0032,LOCKHEED MARTIN CORPORATION,9080516982.62,2017-03-27,Department of Defense,Missile Defense Agency,,,TX,HQ0147-17-C-0032 UNDEFINITIZED CONTRACT ACTION (UCA) FOR THAAD INTERCEPTOR LOT 9 PRODUCTION - QTY OF 23
F0470102C0002,LOCKHEED MARTIN CORP,9032605785.68,2001-11-16,Department of Defense,Defense Contract Management Agency,,,CA,200207!000021!5700!CZ62  !SMC/PKJ LOS ANGELES AFB         !F0470102C0002  !A!N! !N!                   !20011116!20070630!872978978!196596688!834951691!N!LOCKHEED MARTIN CORPORATION   !1111 LOCKHEED MA
N0001999C1226,THE BOEING COMPANY,8997913572.42,1999-02-12,Department of Defense,Defense Contract Management Agency,,,MO,199908!1700!0757!AA4E0!NAVAL AIR SYSTEMS COMMAND       !N0001999C1226  !A!*!*                  !19990212!20000930!161213269!006265946!009256819!N!76301!MCDONNELL DOUGLAS CORPORATION !P.O. BOX 516     
0159,"KBR SERVICES, LLC",8949368388.58,2008-09-24,Department of Defense,Department of the Army,,,,FOLLOW ON TASK ORDER TO 139 IS NOW TASK ORDER 159
FA861108C2897,LOCKHEED MARTIN CORPORATION,8821412144.17,2008-02-21,Department of Defense,Defense Contract Management Agency,,,TX,FOLLOW-ON AGILE SUSTAINMENT TO THE RAPTOR (FASTER)
N0001918C1021,RTX CORPORATION,8688654906.89,2018-03-23,Department of Defense,Department of the Navy,,,CT,LOT 12 AAC LONG LEAD FOR PROPULSION SYSTEMS
DESC0012704,BROOKHAVEN SCIENCE ASSOCIATES LLC,8561512218.42,2014-12-22,Department of Energy,Department of Energy,,,NY,IGF::OT::IGF TAS::89 0222::TAS M&O CONTRACT FOR BNL
N0001918C1037,NORTHROP GRUMMAN SYSTEMS CORPORATION,8478019987.67,2018-02-22,Department of Defense,Department of the Navy,,,FL,E-2D ADVANCED HAWKEYE AIRCRAFT (FRP-7)
FA880219C0001,THE AEROSPACE CORPORATION,8435320333.07,2018-10-01,Department of Defense,Department of the Air Force,,,CA,FY19 ENGINEERING SERVICES
HT940223C0002,TRIWEST HEALTHCARE ALLIANCE CORP,8304608415.2,2022-12-22,Department of Defense,Defense Health Agency,,,AZ,"TRICARE MANAGED CARE SUPPORT SERVICES CONTRACT, 5TH GENERATION WEST REGION"
HT940223C0001,HUMANA GOVERNMENT BUSINESS INC,8302380861.43,2022-12-22,Department of Defense,Defense Health Agency,,,KY,"TRICARE MANAGED CARE SUPPORT SERVICES CONTRACT, 5TH GENERATION EAST REGION"
DEAC0207CH11359,"FERMI RESEARCH ALLIANCE, LLC",8292579520.86,2006-11-01,Department of Energy,Department of Energy,,,IL,OPERATION OF FERMI NATIONAL ACCELERATOR LABORATORY
W911QY20C0100,"MODERNATX, INC.",8204906278.12,2020-08-11,Department of Defense,Department of the Army,,,MA,100M SARS-COV-2 MRNA-1273 VACCINE DOSES
N0001921C0020,LOCKHEED MARTIN CORPORATION,7953264130.5,2020-12-28,Department of Defense,Defense Contract Management Agency,,,TX,FY21-23 GLOBAL F-35 AIR SYSTEM SUSTAINMENT
N0001902C3003,RTX CORPORATION,7911304631.39,2001-10-26,Department of Defense,Defense Contract Management Agency,,,CT,200204!008533!1700!AF600 !NAVAL AIR SYSTEMS COMMAND !N0001902C3003 !A!N! !N! !20011026!20120430!001447952!001447952!001344142!N!UNITED TECHNOLOGIES CORP !400 MAIN STREET !EAST HARTFORD !CT!06108!22700
0139,"KBR SERVICES, LLC",7865825758.15,2006-08-22,Department of Defense,Department of the Army,,,,"200612!001884!2100!W52P1J!U.S. ARMY INDUSTRIAL OPERATIONS !DAAA0902D0007  !A!N! !Y!0139         !      !20060822!20120131!133469119!133469119!964409007!N!KELLOGG BROWN&ROOT SERVICES,!4100 CLINTON DRY "
N0001904C3146,THE BOEING COMPANY,7633729888.76,2004-06-29,Department of Defense,Department of the Navy,,,WA,
DENA0003624,MISSION SUPPORT & TEST SERVICES LLC,7621715102.82,2017-05-12,Department of Energy,Department of Energy,,,NV,"IGF::CL,CT::IGF CONTRACT AWARD DE-NA0003624 TO THE MISSION SUPPORT AND TEST SERVICES LLC (MSTS) FOR THE MANAGEMENT AND OPERATION OF THE DEPARTMENT OF ENERGY NATIONAL NUCLEAR SECURITY ADMINISTRATION'S "
FA861106C2899,LOCKHEED MARTIN CORPORATION,7581647887.33,2005-12-23,Department of Defense,Department of the Air Force,,,TX,200610!000027!5700!FA8611!ASC/YFK                         !FA861106C2899  !A!N! !N!             !      !20051223!20060512!008016958!008016958!834951691!N!LOCKHEED MARTIN CORPORATION   !LOCKHEED BLVD  
N0001920C0011,RTX CORPORATION,7498605067.74,2020-03-23,Department of Defense,Department of the Navy,,,CT,LOT 15 FMS-1 F135 CTOL PROP SYSTEM
W58RGZ16C0023,THE BOEING COMPANY,7465915207.31,2016-03-21,Department of Defense,Department of the Army,,,AZ,"W58RGZ-16-C-0023 IS FOR THE AWARD OF ADVANCE PROCUREMENT IN THE AMOUNT OF $184,930,000.00 TO SUPPORT LOT 7 FULL RATE PRODUCTION LONG LEAD ITEMS."
FA881018C0005,LOCKHEED MARTIN CORP,7442421586.72,2018-08-14,Department of Defense,Department of the Air Force,,,CA,NEXT GENERATION OVERHEAD PERSISTENT INFRARED GEOSYNCHRONOUS EARTH ORBIT SPACE VEHICLE 1-3 PHASE 1
N0001924C0039,LOCKHEED MARTIN CORPORATION,7379699098.0,2024-06-27,Department of Defense,Department of the Navy,,,VA,CY24 AVSC SUPPLY SUPPORT
0004,"AMENTUM SERVICES, INC.",7376022275.01,2009-07-13,Department of Defense,Department of the Army,,,,LOGCAP IV SERVICES IN AFGHANISTAN
N0001912C2001,BELL BOEING JOINT PROJECT OFFICE,7337457221.95,2011-12-29,Department of Defense,Defense Contract Management Agency,,,TX,PROCUREMENT OF V-22 LOT 17 LONG LEAD-TIME ITEMS
FA862506C6456,LOCKHEED MARTIN CORP,7261932653.67,2006-02-28,Department of Defense,Defense Contract Management Agency,,,GA,
N0001909C0019,THE BOEING COMPANY,7246510577.74,2008-12-05,Department of Defense,Department of the Navy,,,MO,F/A-18 AIRCRAFT
FA868224CB001,LOCKHEED MARTIN CORPORATION,7202488023.22,2024-09-27,Department of Defense,Department of the Air Force,,,FL,LONG RANGE ANTI-SHIP MISSILE/JOINT AIR-TO-SURFACE STANDOFF MISSILE LARGE LOT PROCUREMENT
N0001911C0083,LOCKHEED MARTIN CORPORATION,7186135705.16,2011-08-08,Department of Defense,Defense Contract Management Agency,,,TX,F-35 LIGHTNING II JOINT STRIKE FIGHTER (JSF) LOW RATE INITIAL PRODUCTION (LRIP) LOT 6 ADVANCE ACQUISITION CONTRACT
DEAC0608RL14788,CH2M HILL PLATEAU REMEDIATION COMPANY,7065250859.58,2008-06-19,Department of Energy,Department of Energy,,,WA,PLATEAU REMEDIATION CONTRACT - CONTINUE ENVIRONMENTAL REMEDIATION OF SELECT PORTIONS OF THE HANFORD SITE.
DAAE0703CS023,BAE SYSTEMS TACTICAL VEHICLE SYSTEMS LP,7052768924.82,2003-04-17,Department of Defense,Defense Contract Management Agency,,,TX,200502!000833!2100!W56HZV!TACOM - WARREN                  !DAAE0703CS023  !A!N! !N!             !P00031!20041101!20081115!557414000!557414000!007932783!N!STEWART & STEVENSON TACTICAL V!5000 INTERSTATE
N0001914C0002,LOCKHEED MARTIN CORPORATION,6998362070.51,2014-03-26,Department of Defense,Defense Contract Management Agency,,,TX,LRIP 9 AIRCRAFT AAC
N0002423C2307,HUNTINGTON INGALLS INCORPORATED,6988080141.83,2023-08-01,Department of Defense,Department of the Navy,,,MS,CONSTRUCTION OF DDG 51 SHIPS FY23-27
FA863418C2701,THE BOEING COMPANY,6979382395.76,2017-12-22,Department of Defense,Department of the Air Force,,,MO,"F-15, FMS, F-15QA AIR VEHICLE DEVELOPMENT"
N0002418C2307,HUNTINGTON INGALLS INCORPORATED,6890109591.74,2018-09-27,Department of Defense,Department of the Navy,,,MS,FY18-FY22 DDG 51 CLASS SHIP CONSTRUCTION
AIDOAATO1500007,"CHEMONICS INTERNATIONAL, INC.",6723916684.79,2015-04-17,Agency for International Development,Agency for International Development,,,DC,IGF::CL::IGF - GHSC IDIQ - HIV/AIDS TO
N0002408C2110,HUNTINGTON INGALLS INC,6645710960.11,2008-09-10,Department of Defense,Department of the Navy,,,VA,TAS::17 1611::TAS CVN 78 SHIP CONSTRUCTION
DEAC0909SR22505,SAVANNAH RIVER REMEDIATION LLC,6626030703.19,2008-12-08,Department of Energy,Department of Energy,,,SC,NEW CONTRACT AWARD FOR MANAGEMENT OF THE LIQUID WASTE SYSTEM AT SRS
N0001917C0015,BELL BOEING JOINT PROJECT OFFICE,6597245392.74,2016-12-28,Department of Defense,Defense Contract Management Agency,,,TX,CMV-22 PRODUCTION LOT 22 LONG LEAD-TIME ITEMS
DEAC5400AL66620,"BWXT PANTEX, LLC",6566620553.15,2000-07-28,Department of Energy,Department of Energy,,,TX,MANAGEMENT AND OPERATION OF THE PANTEX PLANT
HQ014712C0004,THE BOEING COMPANY,6466627868.26,2011-12-30,Department of Defense,Missile Defense Agency,,,AL,"THE MISSILE DEFENSE AGENCY (MDA), GROUND-BASED MIDCOURSE DEFENSE (GMD) DEVELOPMENT AND SUSTAINMENT CONTRACT (DSC) THE GMD DSC WORK INCLUDES, BUT IS NOT LIMITED TO: 1) FUTURE DEVELOPMENT; 2) FIELDING; "
W56HZV15C0095,OSHKOSH DEFENSE LLC,6104208870.9,2015-08-25,Department of Defense,Department of the Army,,,WI,"THE CONTRACT INCLUDES FIRM FIXED PRICE (FFP) CONTACT LINE ITEM NUMBERS (CLIN) FOR VEHICLES, TRAILERS, KITS (PACKAGED AND INSTALLED), TEST HARDWARE AND SUPPORT, VEHICLE REFURBISHMENT, SYSTEMS ENGINEERI"
N0001906C0081,SIKORSKY AIRCRAFT CORPORATION,6103285531.96,2006-01-03,Department of Defense,Department of the Navy,,,CT,
0059,"KBR SERVICES, LLC",6062897262.53,2003-08-12,Department of Defense,Department of the Army,,,,
N0001913C0008,LOCKHEED MARTIN CORPORATION,6035358369.47,2013-02-28,Department of Defense,Department of the Navy,,,TX,F-35 LRIP 8 AAC
FA862914C2403,SIKORSKY AIRCRAFT CORPORATION,6004579823.04,2014-06-26,Department of Defense,Department of the Air Force,,,CT,ACAT 1D - CRH
FA862514C6450,LOCKHEED MARTIN CORP,5934097111.63,2013-12-09,Department of Defense,Department of the Air Force,,,GA,FY13 ADVANCE PROCUREMENT FUNDS FOR FY14 C-130J AIRCRAFT
N0002416C2229,NATIONAL STEEL AND SHIPBUILDING COMPANY,5876514409.23,2016-06-30,Department of Defense,Department of the Navy,,,CA,DETAIL DESIGN AND CONSTRUCTION (DD&C) FOR T-AO 205
HQ014707C0196,LOCKHEED MARTIN CORP,5817859453.93,2006-12-22,Department of Defense,Missile Defense Agency,,,CA,THAAD COMPONENTS FOR FIRE UNITS TAS::97 0400::TAS
N0001909C0010,LOCKHEED MARTIN CORPORATION,5812245402.2,2009-03-11,Department of Defense,Defense Contract Management Agency,,,TX,AWARD AAC LRIP IV CONTRACT
N0001909C0022,THE BOEING COMPANY,5699021641.13,2009-04-13,Department of Defense,Defense Contract Management Agency,,,WA,P-8A LRIP I LONG LEAD MATERIAL
N0002405C5346,RAYTHEON COMPANY,5668542889.12,2005-05-25,Department of Defense,Department of the Navy,,,MA,
DEAC5206NA25946,"NATIONAL SECURITY TECHNOLOGIES, LLC",5634272220.0,2006-03-28,Department of Energy,Department of Energy,,,NV,MANAGEMENT AND OPERATIONS OF NEVADA TEST SITE AND SATELLITE FACILITIES
W31P4Q15C0022,RAYTHEON COMPANY,5607558999.34,2014-12-19,Department of Defense,Department of the Army,,,MA,TEN FIRE UNITS FOR QATAR
N0001912C0004,LOCKHEED MARTIN CORPORATION,5597451611.0,2012-06-15,Department of Defense,Department of the Navy,,,TX,LONG LEAD-TIME ITEMS
W58RGZ17C0009,SIKORSKY AIRCRAFT CORPORATION,5584742286.87,2017-06-22,Department of Defense,Department of the Army,,,CT,W58RGZ-17-C-0009 MY IX BLACK HAWK PRODUCTION CONTRACT AWARD.
W15QKN21C0014,REGENERON PHARMACEUTICALS INC,5565000000.0,2021-01-12,Department of Defense,Department of the Army,,,NY,"PRODUCTION OF THERAPEUTIC IN SUPPORT OF NATIONAL EMERGENCY RESPONSE TO CORONAVIRUS 2019 (COVID-19): IN SUPPORT OF OPERATION WARP SPEED (OWS), THE GOVERNMENT IS PURCHASING UP TO 1,250,000 DOSES OF THE "
N0001912C0112,THE BOEING COMPANY,5544117634.23,2012-08-31,Department of Defense,Defense Contract Management Agency,,,WA,P-8A FRP LOT I LONG LEAD MATERIAL
HHSM500201300103C,"MAXIMUS FEDERAL SERVICES, INC.",5536080055.0,2013-04-15,Department of Health and Human Services,Centers for Medicare and Medicaid Services,,,VA,IGF::OT::IGF CONTACT CENTER OPERATIONS (CCO)
N0001918C1046,THE BOEING COMPANY,5496533530.53,2018-05-08,Department of Defense,Department of the Navy,,,MO,F/A-18E AIRCRAFT
N0002418C2305,BATH IRON WORKS CORPORATION,5481122144.86,2018-09-27,Department of Defense,Department of the Navy,,,ME,FY18-FY22 DDG 51 CLASS SHIP CONSTRUCTION
N0001913C9999,NORTHROP GRUMMAN SYSTEMS CORPORATION,5375141527.12,2013-05-20,Department of Defense,Department of the Navy,,,FL,E-2D ADVANCED HAWKEYE AIRCRAFT (FRP-2)
36C10G22K0075,"OPTUM PUBLIC SECTOR SOLUTIONS, INC.",5241285242.1,2022-09-30,Department of Veterans Affairs,Department of Veterans Affairs,,,VA,CCN REGION 3 EXPRESS REPORT
FA861520F0001,LOCKHEED MARTIN CORPORATION,5212953429.32,2020-08-14,Department of Defense,Department of the Air Force,,,TX,TAIWAN/MOROCCO F-16 PRODUCTION BLOCK 70/72
N0003904C2009,LOCKHEED MARTIN CORP,5178428982.51,2004-09-24,Department of Defense,Defense Contract Management Agency,,,CA,
HQ085621C0001,LOCKHEED MARTIN CORPORATION,5087761430.18,2021-03-24,Department of Defense,Missile Defense Agency,,,AL,"DESIGN, DEVELOPMENT, AND DEVELOPMENTAL TESTING OF THE NEXT GENERATION INTERCEPTOR (NGI) ALL-UP-ROUND (AUR)"
N0002423C2305,BATH IRON WORKS CORPORATION,5075716991.0,2023-08-01,Department of Defense,Department of the Navy,,,ME,CONSTRUCTION OF DDG 51 SHIPS FY23-27
36C10G22K0074,"OPTUM PUBLIC SECTOR SOLUTIONS, INC.",5059292057.27,2022-09-30,Department of Veterans Affairs,Department of Veterans Affairs,,,MD,EXPRESS REPORT FOR FY22 REGION 2
W52P1J09C0013,"BECHTEL PARSONS BLUE GRASS, A JOINT VENTURE",5030576178.6,2009-03-19,Department of Defense,Department of the Army,,,KY,"THE PURPOSE OF MODIFICATION P00003 - CLIN 0002 CONSTRUCTION IS TO DO THE FOLLOWING:  1. FY 09 RDTE FUNDS ARE HEREBY OBLIGATED IN THE AMOUNT OF $1,518,599.00 TO SUPPORT CONTINUED EFFORTS FOR PHASE IV L"
FA862507C6471,LOCKHEED MARTIN CORP,4996841729.22,2007-04-30,Department of Defense,Department of the Air Force,,,GA,ADVANCE PROCUREMENT OF LONG LEAD FOR LRIP FOR C-5M RERP
N0001910C0002,LOCKHEED MARTIN CORPORATION,4993929468.3,2010-07-06,Department of Defense,Defense Contract Management Agency,,,TX,LOW RATE INTITIAL PRODUCTION (LRIP) LOT 5 ADVANCED ACQUISITION CONTRACT.
N0002411C2300,LOCKHEED MARTIN CORPORATION,4980508595.15,2010-12-29,Department of Defense,Department of the Navy,,,MD,BASIC AWARD
N0002424C2110,ELECTRIC BOAT CORPORATION,4960017500.0,2023-10-13,Department of Defense,Department of the Navy,,,CT,SSN 814 & SSN 815 LONG LEAD TIME MATERIAL
N0002413C2305,BATH IRON WORKS CORPORATION,4943797753.56,2013-06-03,Department of Defense,Department of the Navy,,,ME,FY13-FY17 DDG 51 CLASS SHIP CONSTRUCTION.
N0001993C0006,BELL HELICOPTER TEXTRON INC,4885212163.54,1992-10-15,Department of Defense,Defense Contract Management Agency,,,TX,
N0001921C0011,RTX CORPORATION,4865962075.84,2020-11-30,Department of Defense,Department of the Navy,,,CT,FY21 PBL2
W58RGZ13C0002,THE BOEING COMPANY,4864238445.89,2013-06-10,Department of Defense,Department of the Army,,,PA,CH-47F CARGO HELICOPTER MULTIYEAR II.  34 NEW BUILD HELICOPTERS AND 121 RENEW HELICOPTERS.
36C10G22K0022,TRIWEST HEALTHCARE ALLIANCE CORP,4826052272.0,2022-08-10,Department of Veterans Affairs,Department of Veterans Affairs,,,VA,EXPRESS REPORT
W52P1J10C0062,VECTRUS SYSTEMS LLC,4815704492.89,2010-09-29,Department of Defense,Department of the Army,,,,KUWAIT BASE OPERATIONS AND SECURITY SUPPORT SERVICES
HHSN261200800001E,LEIDOS BIOMEDICAL RESEARCH INC,4813063024.9,2008-09-24,Department of Health and Human Services,National Institutes of Health,,,MD,TAS::75 0849::TAS  OPER OF GOVT R&D GOCO FACILITIES
N0002418C2406,HUNTINGTON INGALLS INCORPORATED,4722995757.0,2018-08-02,Department of Defense,Department of the Navy,,,MS,LPD 30 LLTM
W58RGZ22C0010,SIKORSKY AIRCRAFT CORPORATION,4695788015.84,2022-06-26,Department of Defense,Department of the Army,,,CT,MULTI-YEAR TEN (MY X) BLACK HAWK PRODUCTION AWARD FOR PROCUREMENT OF 120 H-60M BLACK HAWK HELICOPTERS FOR FISCAL YEARS 2022 - 2026 REQUIREMENTS WITH RELATED SUPPORT AND INCLUDING OPTIONS FOR AN ADDITI
NAS1510110,RUSSIA SPACE AGENCY,4682328998.9,1993-12-16,National Aeronautics and Space Administration,National Aeronautics and Space Administration,,,,JOINT US/RUSSIAN HUMAN SPACE FLIGHT ACTIVITIES
0089,"KBR SERVICES, LLC",4609561500.42,2005-06-13,Department of Defense,Department of the Army,,,,"200509!001151!2100!W52P1J!U.S. ARMY INDUSTRIAL OPERATIONS !DAAA0902D0007  !A!N! !Y!0089         !      !20050613!20120131!133469119!133469119!964409007!N!KELLOGG BROWN&ROOT SERVICES,!4100 CLINTON DR  "
W31P4Q19C0011,LOCKHEED MARTIN CORPORATION,4583057418.88,2018-12-21,Department of Defense,Department of the Army,,,TX,"W31P4Q-19-C-0011 PAC-3 PRODUCTION CONTRACT FOR THE FY19/20 US/FMS REQUIREMENTS, WHICH INCLUDES: MSE&CRI MISSILES, LMKS AND OTHER GROUND SUPPORT FOR PATRIOT/PAC-3 WEAPON."
N0002498C2104,HUNTINGTON INGALLS INC,4563665299.0,1999-11-03,Department of Defense,Department of the Navy,,,VA,
FA880708C0010,LOCKHEED MARTIN CORP,4545479948.53,2008-05-15,Department of Defense,Defense Contract Management Agency,,,CO,GLOBAL POSITIONING SYSTEM (GPS) IIIA
W52P1J09C0012,"BECHTEL NATIONAL, INC.",4543287718.31,2009-03-19,Department of Defense,Department of the Army,,,CO,RESTRUCTURED CONTRACT TO FACILITATE A CONTRACTUAL VEHICLE FOR THE LIFE OF THE DAAA09-02-D-0025 CONTRACT FROM SYSTEMIZATION THROUGH CLOSURE.  THIS IS SEEN AS AN ADMINISTRATIVE CHANGE TO DAAA09-02-D-002
N0002420C2120,ELECTRIC BOAT CORPORATION,4537040890.5,2019-10-11,Department of Defense,Department of the Navy,,,CT,LEAD YARD SUPPORT
N0002409C2116,HUNTINGTON INGALLS INC,4516058647.83,2009-01-15,Department of Defense,Department of the Navy,,,VA,TAS::17 1611::TAS CVN79 CONSTRUCTION PREPARATION EFFORTS FY09
N0002415C2114,HUNTINGTON INGALLS INC,4504997386.12,2015-06-05,Department of Defense,Department of the Navy,,,VA,DETAIL DESIGN AND CONSTRUCTION CVN 79
FA880710C0001,RAYTHEON COMPANY,4485110624.14,2010-02-25,Department of Defense,Department of the Air Force,,,CO,GPS ADVANCED CONTROL SEGMENT (OCX) PHASE B BLOCKS 1 AND 2
DEAC3010CC40017,FLUOR-BWXT PORTSMOUTH LLC,4465824270.16,2010-08-16,Department of Energy,Department of Energy,,,OH,PORTSMOUTH GASEOUS DIFFUSION PLANT DECONTAMINATION AND DECOMMISSIONING PROJECT
N0002411C2301,"AUSTAL USA, LLC",4462893976.64,2010-12-29,Department of Defense,Department of the Navy,,,AL,BASIC CONTRACT
W9124G17C0104,"M1 SUPPORT SERVICES, L.P.",4445169652.43,2017-09-15,Department of Defense,Department of the Army,,,AL,IGF::OT::IGF
HQ014719C0004,THE BOEING COMPANY,4442838457.3,2019-03-18,Department of Defense,Missile Defense Agency,,,AL,GBI/AUR PROGRAM MANAGEMENT/SYSTEMS ENG
NNM07AA75C,NORTHROP GRUMMAN SYSTEMS CORPORATION,4430784857.0,2007-08-10,National Aeronautics and Space Administration,National Aeronautics and Space Administration,,,UT,"FIRST DDT AND E, ARES I-X, AND FLIGHT TESTS.  FIRST STAGE WILL BE A FIVE SEGMENT, SOLID ROCKET BOOSTER DERIVED FROM THE SPACE SHUTTLE PROGRAM (SSP) SOLID ROCKET BOOSTER (SRB)/REUSABLE SOLID ROCKET MOT"
FA862511C6597,LOCKHEED MARTIN CORP,4410630126.34,2011-03-14,Department of Defense,Defense Contract Management Agency,,,GA,C-130J FIVE YEAR OPTION CONTRACT (FYOC) IV
F0470102C0502,NORTHROP GRUMMAN SYSTEMS CORPORATION,4395003228.74,2002-08-23,Department of Defense,Defense Contract Management Agency,,,CA,
W58RGZ08C0098,THE BOEING COMPANY,4379037328.25,2008-08-26,Department of Defense,Department of the Army,,,PA,CH-47F MULTI-YEAR CONTRACT FOR NEW BUILD AND REMANUFACTURE AIRCRAFTS
GSFC0200211DNAS502200,NORTHROP GRUMMAN SYSTEMS CORPORATION,4345585999.01,2002-09-16,National Aeronautics and Space Administration,National Aeronautics and Space Administration,,,CA,"THE JAMES WEBB SPACE TELESCOPE (JWST) PHASE 2 OBSERVATORY CONTRACTOR SHALL BE RESPONSIBLE FOR PROVIDING THE SPACECRAFT, THE OPTICAL TELESCOPE ELEMENT (OTE), PORTIONS OF THE INTEGRATED SCIENCE INSTRUME"
N0001919C0010,LOCKHEED MARTIN CORPORATION,4329669752.97,2018-11-15,Department of Defense,Department of the Navy,,,TX,DUAL CAPABLE AIRCRAFT UCA AWARD
FA880214C0001,THE AEROSPACE CORPORATION,4288177894.35,2013-10-01,Department of Defense,Department of the Air Force,,,CA,IGF::CL::IGF AEROSPACE FFRDC CONTRACT FROM 1 OCT 2013 TO 30 SEPT 2018
W31P4Q14C0034,LOCKHEED MARTIN CORPORATION,4241697570.25,2013-12-31,Department of Defense,Department of the Army,,,TX,"LETTER CONTRACT FOR FY14 PAC-3 CRI MISSILES, LAUNCHER MODIFICATION KITS, SEEKER GIMBAL REDESIGN, AND INITIAL SPARES FOR US AND KUWAIT"
36C10G22K0073,"OPTUM PUBLIC SECTOR SOLUTIONS, INC.",4207079177.46,2022-09-30,Department of Veterans Affairs,Department of Veterans Affairs,,,VA,FISCAL YEAR 2022 EXPRESS REPORT FOR REGION 1
HT940213C0009,THE JOHNS HOPKINS MEDICAL SERVICES CORPORATION,4179844458.04,2013-09-23,Department of Defense,Defense Health Agency,,,MD,COMPREHENSIVE HEALTHCARE SERVICES
W58P0521C0002,PFIZER INC,4150835100.0,2021-07-30,Agency for International Development,Agency for International Development,,,NY,COVID-19 VACCINES FOR INTERNATIONAL DONATION
N0001925C0070,LOCKHEED MARTIN CORPORATION,4144374176.0,2024-11-22,Department of Defense,Department of the Navy,,,TX,"THE PURPOSE OF THIS CONTRACT IS TO AWARD LONG LEAD FUNDING FOR F-35A, F-35B, AND F-35C AIRCRAFT FOR U.S. SERVICES, NON-DOD PARTNERS, AND FMS CUSTOMERS."
N0002496C2100,ELECTRIC BOAT CORPORATION,4133038047.0,1999-10-14,Department of Defense,Department of the Navy,,,CT,
FA880718C0009,LOCKHEED MARTIN CORP,4094453903.35,2018-09-26,Department of Defense,Department of the Air Force,,,CO,GLOBAL POSITIONING SYSTEMS III FOLLOW-ON
W56HZV08C0460,BAE SYSTEMS TACTICAL VEHICLE SYSTEMS LP,4067162785.79,2008-05-30,Department of Defense,Defense Contract Management Agency,,,TX,"PROCUREMENT OF 10,000 FAMILY OF MEDIUM TACTICAL VEHICLES.  ALSO ADDING PROGRAM SUPPORT AND FEDERAL RETAIL EXCISE TAX.  THIS ACTION IS BEING ADDED AS AN UNDEFINITIZED CONTRACTUAL ACTION"
W58P0522C0016,PFIZER INC,4038717531.97,2022-06-29,Department of Defense,Department of the Army,,,NY,COVID-19 ADULT MDV VACCINE
FA862516C6599,THE BOEING COMPANY,4018013174.81,2016-01-29,Department of Defense,Defense Contract Management Agency,,,WA,"ACAT I, AFLCMC/WLJK, PRESIDENTIAL AIRCRAFT RECAPITALIZATION"
N0003019C0025,LOCKHEED MARTIN CORP,4008737351.62,2018-12-20,Department of Defense,Department of the Navy,,,CO,IR CPS WS DEVELOPMENT AND INTEGRATION
W58RGZ23C0001,BELL TEXTRON INC,3967917594.64,2022-12-05,Department of Defense,Department of the Army,,,TX,THE FUTURE VERTICAL LIFT (FVL) FLRAA CAPABILITY SET THREE IS A PRE-MAJOR DEFENSE ACQUISITION PROGRAM (ACAT 1C) COMMISSIONED TO DEVELOP AND FIELD THE NEXT GENERATION OF AFFORDABLE VERTICAL LIFT TACTICA
FA863423F0048,THE BOEING COMPANY,3933015048.3,2023-09-28,Department of Defense,Department of the Air Force,,,MO,F-15EX LOT 5 ADVANCED PROCUREMENT
DESC0004645,UCOR LLC,3900788934.07,2011-04-29,Department of Energy,Department of Energy,,,TN,"DECONTAMINATION AND DECOMISSIONING OF THE EAST TENNESSEE TECHNOLOGY PARK (ETTP)AT OAK RIDGE, TN."
N0001908C0028,LOCKHEED MARTIN CORPORATION,3829164350.67,2008-05-14,Department of Defense,Defense Contract Management Agency,,,TX,JSF LRIP LOT III - AAC
FA862518F7027,LOCKHEED MARTIN CORP,3809704361.36,2018-07-19,Department of Defense,Department of the Air Force,,,GA,"C-130J, ACAT 1, FIVE YEAR ORDERING CONTRACT, MYP3 AP"
N0002421C2106,HUNTINGTON INGALLS INC,3746462276.67,2021-02-19,Department of Defense,Department of the Navy,,,VA,FY21 RCOH ACCOMPLISHMENT
M6785416C0006,BAE SYSTEMS LAND AND ARMAMENTS L.P.,3744444171.0,2015-11-24,Department of Defense,Department of the Navy,,,PA,IGF::OT::IGF
F3365791C0006,LOCKHEED MARTIN AERONAUTICAL SYSTEMS SUPPORT COMPANY,3693487225.0,1997-02-05,Department of Defense,Defense Contract Management Agency,,,TX,
0001,THE BOEING COMPANY,3679519282.56,2011-10-01,Department of Defense,Defense Contract Management Agency,,,CA,THIS ORDER PROVIDES SUPPORT AND SUSTAINMENT SERVICES TO THE GOVERNMENT PRODUCT SUPPORT MANAGER (PSM)/ PRODUCT SUPPORT INTEGRATOR (PSI) FOR THE C-17 WEAPON SYSTEM. SUPPORT SHALL INCLUDE PROGRAM MANAGEM
FA820518F0001,LOCKHEED MARTIN CORPORATION,3667251155.64,2017-12-21,Department of Defense,Department of the Air Force,,,TX,IGF::OT::IGF COMPREHENSIVE F-22 VEHICLE SUSTAINMENT SERVICES
FA861108C2896,RTX CORPORATION,3648685783.01,2008-02-19,Department of Defense,Department of the Air Force,,,CT,F119 ENGINE LONG TERM SUSTAINMENT PROGRAM FOR THE RAPTOR ENGINE (SPARE)
N0001924C0009,SIKORSKY AIRCRAFT CORPORATION,3605014855.38,2023-12-15,Department of Defense,Department of the Navy,,,CT,CH-53K FRP LOT 9 AND OPTION FRP LOT 10 LONG LEAD ITEMS
36C10G21K0087,TRIWEST HEALTHCARE ALLIANCE CORP,3602762910.01,2020-10-01,Department of Veterans Affairs,Department of Veterans Affairs,,,VA,EXPRESS REPORT: FY 21
HT940213C0012,MARTINS POINT HEALTH CARE INC,3588918410.11,2013-09-26,Department of Defense,Defense Health Agency,,,ME,COMPREHENSIVE HEALTHCARE SERVICES
FA881606C0002,"UNITED LAUNCH SERVICES, LLC",3583485319.19,2006-02-28,Department of Defense,Defense Contract Management Agency,,,CO,200610!000002!5700!FA8816!SMC/EVK                         !FA881606C0002  !A!N! !N!             !      !20060228!20070930!926784042!834951691!834951691!N!LOCKHEED MARTIN CORPORATION   !12257 HIGHWAY 1
DEAC0609RL14728,"MISSION SUPPORT ALLIANCE, LLC",3557405197.21,2009-04-28,Department of Energy,Department of Energy,,,WA,"MISSION SUPPORT CONTRACT - PROVIDE DIRECT SUPPORT TO DOE-RL, DOE-ORP AND THEIR CONTRACTORS WITH COST-EFFECTIVE INFRASTRUCTURE AND SITE SERVICES INTEGRAL AND NECESSARY TO ACCOMPLISH THE HANFORD SITE EN"
89233224CNA000004,"PANTEXAS DETERRENCE, LLC",3537634605.97,2024-06-13,Department of Energy,Department of Energy,,,TX,CONTRACT 89233224CNA000004 FOR THE MANAGEMENT AND OPERATION OF THE PANTEX PLANT
DAAH2302C0006,SIKORSKY AIRCRAFT CORPORATION,3518890935.97,2002-09-26,Department of Defense,Department of the Army,,,CT,200212!002339!2100!AH23 !USA AVIATION AND MISSILE COMMAND!DAAH2302C0006 !A!N! !N! !20020926!20071231!835551474!835551474!001344142!N!SIKORSKY AIRCRAFT CORPORATION !6900 MAIN STREET !STRATFORD !CT!0661
75ACF121C00020,RAPID DEPLOYMENT INC,3516373308.21,2021-03-24,Department of Health and Human Services,Administration for Children and Families,,,TX,"THE PURPOSE OF THIS CONTRACT IS TO PROVIDE THE FULL COMPLEMENT OF SERVICES NECESSARY TO CARE FOR UC IN ORR CUSTODY INCLUDING FACILITIES SET-UP, MAINTENANCE, AND SUPPORT INTERNAL AND PERIMETER (IF APPL"
DAAH2303C0345,ARMY SUSTAINMENT LLC,3501851264.16,2003-10-01,Department of Defense,Department of the Army,,,AL,TEST
W58RGZ21C0015,THE BOEING COMPANY,3473342446.55,2021-06-18,Department of Defense,Department of the Army,,,AZ,APACHE ADVANCED PROCUREMENT AWARD FOR LOT 12 FULL RATE PRODUCTION.
FA881018C0006,NORTHROP GRUMMAN SYSTEMS CORPORATION,3443980501.13,2018-06-25,Department of Defense,Department of the Air Force,,,CA,NEXT GENERATION OVERHEAD PERSISTENT INFRARED POLAR SPACE VEHICLES 1 AND 2 STUDY.
F4060003C0001,AEROSPACE TESTING ALLIANCE,3442296591.23,2003-07-08,Department of Defense,Department of the Air Force,,,TN,200310!000044!5700!GY04  !AEDC/PKM OPER CONTRACT DIVISION !F4060003C0001  !A!N! !Y!                   !20030708!20040930!114717346!114717346!114717346!N!AEROSPACE TESTING ALLIANCE    !600 WILLIAM NORT
N0001922C0004,SIKORSKY AIRCRAFT CORPORATION,3423079306.96,2021-12-06,Department of Defense,Department of the Navy,,,CT,CH-53K FRP LOT 7 LONG LEAD ITEMS
N0002402C2303,BATH IRON WORKS CORPORATION,3405711408.0,2002-08-01,Department of Defense,Department of the Navy,,,ME,200212!025207!1700!BZ002 !NAVAL SEA SYSTEMS COMMAND       !N0002402C2303  !A!N! !N!                   !20020801!20080426!045953718!045953718!001381284!N!BATH IRON WORKS CORPORATION   !700 WASHINGTON S
FA283424CB002,"SIERRA NEVADA COMPANY, LLC",3397359664.05,2024-04-26,Department of Defense,Department of the Air Force,,,CO,SURVIVABLE AIRBORNE OPERATIONS CENTER (SAOC)
FA881008C0002,LOCKHEED MARTIN CORP,3394759309.77,2008-03-14,Department of Defense,Department of the Air Force,,,CA,GEO-3 AND HEO-3 LONG LEAD
N0002419C2114,"BECHTEL PLANT MACHINERY, INC.",3376284837.0,2018-11-30,Department of Defense,Department of the Navy,,,PA,NAVAL REACTORS
N0002418C2301,LOCKHEED MARTIN CORPORATION,3358164279.83,2018-03-02,Department of Defense,Department of the Navy,,,MD,MMSC DETAILED DESIGN AND CONSTRUCTION
N0002413C2307,HUNTINGTON INGALLS INCORPORATED,3345822881.0,2013-06-03,Department of Defense,Department of the Navy,,,MS,FY13-FY17 DDG 51 CLASS SHIP CONSTRUCTION.
N0002416C2427,HUNTINGTON INGALLS INCORPORATED,3319287897.4,2016-06-30,Department of Defense,Department of the Navy,,,MS,"DETAIL DESIGN AND CONSTRUCTION (DD&C) FOR LHA 8 (INITIAL EFFORT LIMITED TO PLANNING, ADVANCED ENGINEERING AND PROCUREMENT OF LONG LEAD TIME MATERIAL)"
NNM16AA02C,"AEROJET ROCKETDYNE OF DE, INC",3310306487.49,2015-11-19,National Aeronautics and Space Administration,National Aeronautics and Space Administration,,,CA,"IGF::CT::IGF  RS-25 PRODUCTION RESTART TO BE UNDERTAKEN BY THE CONTRACTOR IN SUPPORT OF PROVIDING SIX RS-25 ENGINES MODIFIED AS NECESSARY FOR THE TECHNICAL REQUIREMENTS UNDER THE SPACE LAUNCH SYSTEM, "
N0002406C2303,BATH IRON WORKS CORPORATION,3309817048.63,2006-08-08,Department of Defense,Department of the Navy,,,ME,DDG 1000 DETAIL DESIGN
HQ085124C0001,RAYTHEON COMPANY,3298946355.0,2024-07-25,Department of Defense,Defense Contract Management Agency,,,AZ,FY 23-25 SM-3 BLOCK IIA AURS
W58RGZ06C0194,AIRBUS US SPACE & DEFENSE INC,3288408589.48,2006-06-30,Department of Defense,Defense Contract Management Agency,,,VA,LIGHT UTILITY HELICOPTER
36C10G20K0022,TRIWEST HEALTHCARE ALLIANCE CORP,3276610906.36,2020-09-30,Department of Veterans Affairs,Department of Veterans Affairs,,,AZ,EXPRESS REPORT FOR THE PATIENT CENTERED COMMUNITY CARE (PC3) CONTRACT
AIDGPOI030500032,PARTNERSHIP FOR SUPPLY CHAIN MANAGEMENT INC,3272781796.99,2009-06-04,Agency for International Development,Agency for International Development,,,VA,THIS IS A NEW TASK ORDER (# 03) ISSUED AGAINST THE BASIC IQC # GPO-I-00-05-00032-00. THE PURPOSE OF THIS TASK ORDER IS TO FACILITATE CONTINUATION OF THE SCMS PROGRAM IN ALL PEPFAR COUNTRIES.
N0002422C5500,RAYTHEON COMPANY,3265755418.12,2022-03-31,Department of Defense,Department of the Navy,,,MA,AN/SPY-6(V) HARDWARE PRODUCTION
N0001908C0023,NORTHROP GRUMMAN SYSTEMS CORPORATION,3229122597.17,2008-04-22,Department of Defense,Department of the Navy,,,NY,TAS::17 1319::TAS SYSTEM DEVELOPMENT AND DEMONSTRATION
W31P4Q18C0130,LOCKHEED MARTIN CORPORATION,3158372223.06,2018-09-29,Department of Defense,Department of the Army,,,FL,HELLFIRE BUY 17 PRODUCTION.
N0002420C2437,HUNTINGTON INGALLS INCORPORATED,3155693794.0,2020-04-30,Department of Defense,Department of the Navy,,,MS,LHA 9 ADVANCE PROCUREMENT
N0001914C0032,THE BOEING COMPANY,3154449062.9,2014-06-30,Department of Defense,Department of the Navy,,,MO,EA-18 G AIRCRAFT
FA820523F0501,LOCKHEED MARTIN CORPORATION,3150012905.32,2022-12-21,Department of Defense,Department of the Air Force,,,TX,COMPREHENSIVE F-22 AIR VEHICLE SUSTAINMENT SERVICES.
N0002413C2128,ELECTRIC BOAT CORPORATION,3145999614.0,2012-12-21,Department of Defense,Department of the Navy,,,CT,SUBMARINE RDT&E
FA880810C0001,THE BOEING COMPANY,3127786036.39,2010-08-19,Department of Defense,Department of the Air Force,,,CA,WGS BLOCK II FOLLOW ON
DEAC0506OR23177,"JEFFERSON SCIENCE ASSOCIATES, LLC",3122899691.31,2006-04-14,Department of Energy,Department of Energy,,,VA,TAS::89 0222::TAS MANAGEMENT AND OPERATION OF THE THOMAS JEFFERSON NATIONAL ACCELERATOR FACILITY.
HQ027610C0001,LOCKHEED MARTIN CORPORATION,3095877436.03,2009-10-21,Department of Defense,Missile Defense Agency,,,NJ,AEGIS BMD INTERNATIONAL SUPPORT
36C10G21K0089,"OPTUM PUBLIC SECTOR SOLUTIONS, INC.",3088852520.23,2021-09-30,Department of Veterans Affairs,Department of Veterans Affairs,,,VA,CCN REGION THREE FY21 EXPRESS REPORT
NSFDACS1219442,"LEIDOS, INC.",3088721029.93,2011-12-23,National Science Foundation,National Science Foundation,,,,SCIENCE OPERATION AND MAINTENANCE SUPPORT FOR THE UNITED STATES ANTARCTIC PROGRAM
DESC0014664,"OAK RIDGE ASSOCIATED UNIVERSITIES, INCORPORATED",3083020287.15,2016-03-10,Department of Energy,Department of Energy,,,TN,IGF::OT::IGF MANAGEMENT OF THE OAK RIDGE INSTITUTE FOR SCIENCE AND EDUCATION
N0001903C0057,NORTHROP GRUMMAN SYSTEMS CORPORATION,3076522196.73,2003-08-04,Department of Defense,Defense Contract Management Agency,,,FL,
N6274223F4007,DRAGADOS/HAWAIIAN DREDGING/ORION JV,3071962135.15,2023-03-10,Department of Defense,Department of the Navy,,,HI,"FY23 MCON PROJECT P-209, DRY DOCK 3 REPLACEMENT, JOINT BASE PEARL HARBOR HICKAM, HAWAII"
W31P4Q18C0049,LOCKHEED MARTIN CORPORATION,3058790659.63,2018-04-27,Department of Defense,Department of the Army,,,TX,GUIDED MULTIPLE LAUNCH ROCKET SYSTEMS (GMLRS) FULL RATE PRODUCTION (FRP) LOT 13.
80MSFC20C0034,SPACE EXPLORATION TECHNOLOGIES CORP.,3047851482.99,2020-05-13,National Aeronautics and Space Administration,National Aeronautics and Space Administration,,,CA,"WORK REQUIRED FOR THE DESIGN, DEVELOPMENT, MANUFACTURE, TEST, LAUNCH, DEMONSTRATION, AND ENGINEERING SUPPORT OF THE HUMAN LANDING SYSTEM (HLS) INTEGRATED LANDER."
N0002417C2105,HUNTINGTON INGALLS INC,3038709104.53,2017-09-01,Department of Defense,Department of the Navy,,,VA,FY17 RCOH ACCOMPLISHMENT
NNK17MA01T,SPACE EXPLORATION TECHNOLOGIES CORP.,3029850123.69,2016-12-30,National Aeronautics and Space Administration,National Aeronautics and Space Administration,,,FL,"IGF::OT::IGF THE COMMERCIAL CREW PROGRAM (CCP) COMMERCIAL CREW TRANSPORTATION CAPABILITY (CCTCAP) CONTRACT WILL PROVIDE COMPLETION OF THE DESIGN, DEVELOPMENT, TEST, EVALUATION, AND CERTIFICATION OF AN"
N0001914C0050,SIKORSKY AIRCRAFT CORPORATION,3010046248.88,2014-05-07,Department of Defense,Department of the Navy,,,CT,IGF::OT::IGF PRESIDENTIAL HELICOPTER REPLACEMENT PROGRAM (VXX) ENGINEERING AND MANUFACTURING DEVELOPMENT (EMD) PHASE OF THE PROGRAM. THE CONTRACT ALSO INCLUDES NOT-TO-EXCEED OPTION PRICES FOR LOW RATE
N0002419C2115,"BECHTEL PLANT MACHINERY, INC.",3004573964.0,2018-11-30,Department of Defense,Department of the Navy,,,PA,S1B
N0002498C2107,HUNTINGTON INGALLS INC,3003693920.0,1998-02-06,Department of Defense,Department of the Navy,,,VA,199806!1700!2211!BZ002!NAVAL SEA SYSTEMS COMMAND       !N0002498C2107  !A!*!*                  !19980206!20030930!001307495!149899957!149899957!N!43689!NEWPORT NEWS SHIPBUILDING AND !4101 WASHINGTON A
N0002416C2431,HUNTINGTON INGALLS INCORPORATED,2997306665.94,2015-12-04,Department of Defense,Department of the Navy,,,MS,LPD 28 LONG LEAD TIME MATERIAL
0002,RAYTHEON COMPANY,2986266447.12,2008-12-17,Department of Defense,Department of the Army,,,MA,PREDOMINANT - PATRIOT UAE
N0002424C2115,"BECHTEL PLANT MACHINERY, INC.",2975601797.0,2023-12-21,Department of Defense,Department of the Navy,,,PA,S1B
80NM0018F0615,CALIFORNIA INSTITUTE OF TECHNOLOGY,2967633551.98,2018-07-24,National Aeronautics and Space Administration,National Aeronautics and Space Administration,,,CA,"EUROPA CLIPPER PROJECT  THE CONTRACT IS THE SPONSORING AGREEMENT BETWEEN THE NATIONAL AERONAUTICS AND SPACE ADMINISTRATION NASA AND THE CALIFORNIA INSTITUTE OF TECHNOLOGY-CONTRACTOR, A PRIVATE NONPROF"
AIDOAATO1500009,"CHEMONICS INTERNATIONAL, INC.",2925878093.79,2015-04-17,Agency for International Development,Agency for International Development,,,DC,IGF::CL::IGF - GHSC IDIQ - MALARIA TASK ORDER
36C10G21K0090,"OPTUM PUBLIC SECTOR SOLUTIONS, INC.",2907879002.34,2021-09-30,Department of Veterans Affairs,Department of Veterans Affairs,,,VA,EXPRESS REPORT: FY21
N0002420C2300,MARINETTE MARINE CORPORATION,2887401821.0,2020-04-30,Department of Defense,Department of the Navy,,,WI,DETAIL DESIGN AND CONSTRUCTION OF FFG(X) GUIDED MISSILE FRIGATE
FA861512C6016,LOCKHEED MARTIN CORPORATION,2881255653.08,2012-09-28,Department of Defense,Department of the Air Force,,,TX,TAIWAN F-16 A/B BLOCK 20 RETROFIT PROGRAM
N0003024C0100,LOCKHEED MARTIN CORPORATION,2876623988.0,2024-09-12,Department of Defense,Department of the Navy,,,FL,FY25 TRIDENT PRODUCTION AND DEPLOYED SYSTEMS SUPPORT
W56HZV17C0001,BAE SYSTEMS LAND & ARMAMENTS L.P.,2875232202.19,2017-03-31,Department of Defense,Department of the Army,,,PA,LETTER CONTRACT FOR EARLY PROCUREMENT MATERIAL TO SUPPORT THE M109A7/M992A3 VEHICLE PRODUCTION.
N0001907C0097,LOCKHEED MARTIN CORPORATION,2870976998.8,2007-07-27,Department of Defense,Defense Contract Management Agency,,,TX,JSF LRIP LOT II - AAC
MSFC0199911DNAS800016,LOCKHEED MARTIN CORP,2870112487.23,2000-10-27,National Aeronautics and Space Administration,National Aeronautics and Space Administration,,,LA,PRODUCTION AND O&M FOR 35 EXTERNAL TANKS
W31P4Q17C0006,LOCKHEED MARTIN CORPORATION,2853603995.4,2016-12-22,Department of Defense,Department of the Army,,,TX,"FY17 PATRIOT ADVANCED CAPABILITIES (PAC-3) MSE MISSILES, CRI MISSILES AND INITIAL SPARES"
70B01C26F00000017,FISHER SAND & GRAVEL CO,2832999611.7,2025-12-17,Department of Homeland Security,U.S. Customs and Border Protection,,,AZ,CONSTRUCT VERTICAL BORDER BARRIER
DEEM0001971,NUCLEAR WASTE PARTNERSHIP LLC,2823678826.78,2012-04-19,Department of Energy,Department of Energy,,,NM,IGF::OT::IGF THE MAJOR PURPOSE OF THIS CONTRACT IS TO OPERATE AND MAINTAIN THE WASTE ISOLATION PILOT PLANT (WIPP) AND TO IMPLEMENT THE DOE'S NATIONAL TRANSURANIC WASTE PROGRAM (NTP). THE OVERALL MISSI
N0002417C2301,"AUSTAL USA, LLC",2809728836.4,2017-06-23,Department of Defense,Department of the Navy,,,AL,CONSTRUCTION OF LCS FLIGHT 0+ SHIP
FA850512C0001,THE BOEING COMPANY,2806532949.46,2012-06-22,Department of Defense,Department of the Air Force,,,TX,IGF::OT::IGF F-15S/SA CONVERSION
N0001923C0030,RTX CORPORATION,2802401490.66,2023-09-28,Department of Defense,Department of the Navy,,,CT,LOT 18 PNR/TOOLING
W31P4Q24F0165,LOCKHEED MARTIN CORPORATION,2801151369.39,2024-07-01,Department of Defense,Department of the Army,,,TX,GUIDED MULTIPLE LAUNCH ROCKET SYSTEM (GMLRS) AND LOW COST REDUCED RANGE PRACTICE ROCKET (LCRRPR) FY25 FULL RATE PRODUCTION LOT 20 DELIVERY ORDER
75FCMC22C0038,"MAXIMUS FEDERAL SERVICES, INC.",2779736793.0,2022-08-31,Department of Health and Human Services,Centers for Medicare and Medicaid Services,,,VA,CONTACT CENTER OPERATIONS
HQ027615C0003,RAYTHEON COMPANY,2760634389.93,2015-07-22,Department of Defense,Missile Defense Agency,,,AZ,SM-3 BLK IIA RDT&E GUIDED MISSILE ROUNDS
36C10G21K0088,"OPTUM PUBLIC SECTOR SOLUTIONS, INC.",2747128192.23,2021-09-30,Department of Veterans Affairs,Department of Veterans Affairs,,,MD,EXPRESS REPORT FOR FY 21 REGION 1
N0001924C0025,THE BOEING COMPANY,2739718834.0,2024-02-29,Department of Defense,Defense Contract Management Agency,,,WA,CANADA AND GERMANY LOT 13 P-8A AIRCRAFT
HQ086220C0002,RAYTHEON COMPANY,2738715982.65,2020-06-26,Department of Defense,Missile Defense Agency,,,MA,KSA FMS ARMY NAVY TRANSPORTABLE RADAR SURVEILLANCE AND CONTROL MODEL 2 (AN/TPY-2) PRODUCTION
FA873023C0025,THE BOEING COMPANY,2733467927.0,2023-02-28,Department of Defense,Department of the Air Force,,,WA,E-7A RAPID PROTOTYPING
FA824018C7218,JT4 LLC,2722542101.18,2018-04-05,Department of Defense,Department of the Air Force,,,NV,JOINT RANGE TECHNICAL SERVICES (J-TECH II)
N0002416C2106,"BECHTEL PLANT MACHINERY, INC.",2708595970.0,2015-12-30,Department of Defense,Department of the Navy,,,PA,NAVAL REACTORS
N0002410C2229,HUNTINGTON INGALLS INCORPORATED,2704759379.0,2010-06-30,Department of Defense,Department of the Navy,,,MS,"PROCURE LONG LEAD TIME MATERIAL (LLTM), ADVANCED ENGINEERING AND PLANNING SERVICES AND SPECIAL STUDIES."
N0001917C0020,RTX CORPORATION,2682738779.93,2016-11-08,Department of Defense,Defense Contract Management Agency,,,CT,LRIP 11 AAC - FMS AND INTERNATIONAL PARTNERS
N0002413C2108,HUNTINGTON INGALLS INC,2676691465.0,2013-03-29,Department of Defense,Department of the Navy,,,VA,RCOH DELIVERY PERFORMANCE INCENTIVE
N0001916C0048,SIKORSKY AIRCRAFT CORPORATION,2659159500.79,2016-04-18,Department of Defense,Department of the Navy,,,CT,CH-53K LRIP LOT 1 LONG LEAD ITEMS
N0002404C2118,HUNTINGTON INGALLS INC,2626745869.0,2004-05-21,Department of Defense,Department of the Navy,,,VA,
70B01C26F00000405,FISHER SAND & GRAVEL CO,2594040000.0,2026-06-02,Department of Homeland Security,U.S. Customs and Border Protection,,,TX,BORDER BARRIER DESIGN BUILD FOR BBT-5
80MSFC20C0052,THE BOEING COMPANY,2593215439.0,2019-10-16,National Aeronautics and Space Administration,National Aeronautics and Space Administration,,,AL,SPACE LAUNCH SYSTEM (SLS) STAGES PRODUCTION AND EVOLUTION CONTRACT (SPEC)
N0002409C2107,HUNTINGTON INGALLS INC,2574356598.29,2009-08-26,Department of Defense,Department of the Navy,,,VA,CVN 71 REFUELING COMPLEX OVERHAUL ACCOMPLISHMENT.
N0002411C2306,BATH IRON WORKS CORPORATION,2551316435.0,2011-09-15,Department of Defense,Department of the Navy,,,ME,DDG 1001/1002 CONSTRUCTION AND FY11 CLASS SERVICES
N0002424C2114,"BECHTEL PLANT MACHINERY, INC.",2542667076.0,2023-12-22,Department of Defense,Department of the Navy,,,PA,S9G
GSFC0198106DNAS526555,"ASSOCIATION OF UNIVERSITIES FOR RESEARCH IN ASTRONOMY, INC.",2517978040.0,1987-09-15,National Aeronautics and Space Administration,National Aeronautics and Space Administration,,,MD,THE PRIMARY ACTIVITIES COVERED BY THIS EFFORT INCLUDE THE FINAL SERVICING MISSION AND SUBSEQUENT OPERATIONS THROUGH END-OF-MISSION. THESE ACTIVITIES INCLUDE: A. SCIENCE PROGRAM IMPLEMENTATION INCLUDIN
FA867523C0037,RAYTHEON COMPANY,2512922035.4,2023-06-20,Department of Defense,Department of the Air Force,,,AZ,ADVANCED MEDIUM RANGE AIR TO AIR MISSILE (AMRAAM) PRODUCTION LOT 37
N0003022C1025,LOCKHEED MARTIN CORP,2512869709.63,2021-11-10,Department of Defense,Department of the Navy,,,CO,RESERVED
N0002424C2301,NATIONAL STEEL AND SHIPBUILDING COMPANY,2502010119.0,2024-09-13,Department of Defense,Department of the Navy,,,CA,T-AO 214 - 221 DD&C BLOCK BUY
FA881013C0001,LOCKHEED MARTIN CORP,2491233025.25,2013-02-19,Department of Defense,Defense Contract Management Agency,,,CA,SBIRS GEO 5&6 ADVANCED PROCUREMENT
W31P4Q23F0024,LOCKHEED MARTIN CORPORATION,2489288587.67,2022-10-31,Department of Defense,Department of the Army,,,TX,GUIDED MULTIPLE LAUNCH ROCKET SYSTEM (GMLRS) AND LOW COT REDUCED RANGE PRACTICE ROCKET (LCRRPR) FY24 FULL RATE PRODUCTION LOT 19 DELIVERY ORDER
W56HZV23C0024,BAE SYSTEMS LAND & ARMAMENTS L.P.,2479580090.0,2023-03-03,Department of Defense,Department of the Army,,,PA,EARLY ORDER MATERIAL IN SUPPORT OF THE FUTURE PURCHASE OF 197 AMPVS AND FACILITY CAPACITY EXPANSION EFFORTS TO INCREASE THE AMPV PRODUCTION RATE TO 197 VEHICLES PER YEAR. SUPPORTS UKRAINE EFFORTS.
N0001917C0003,THE BOEING COMPANY,2444992704.44,2017-02-27,Department of Defense,Defense Contract Management Agency,,,MO,LOT 40 F/A-18E AND EA-18G AIRCRAFT WITH AEA KITS
89303523FEM400032,UNITED CLEANUP OAK RIDGE LLC,2429373908.0,2023-05-17,Department of Energy,Department of Energy,,,TN,OAK RIDGE RESERVATION CLEANUP CONTRACT TASK ORDERS
89243024CSC000002,"FERMI FORWARD DISCOVERY GROUP, LLC",2404483872.69,2024-09-30,Department of Energy,Department of Energy,,,IL,MANAGEMENT AND OPERATING CONTRACT FOR THE FERMI NATIONAL ACCELERATOR LABORATORY (FNAL)
HQ085621C0003,NORTHROP GRUMMAN SYSTEMS CORPORATION,2395436919.18,2021-03-24,Department of Defense,Missile Defense Agency,,,AZ,"DESIGN, DEVELOPMENT, AND DEVELOPMENTAL TESTING OF THE NEXT GENERATION INTERCEPTOR (NGI) ALL-UP-ROUND (AUR)"
FA910115C0500,"NATIONAL AEROSPACE SOLUTIONS, LLC",2391644528.17,2015-06-10,Department of Defense,Department of the Air Force,,,TN,IGF::CL::IGF TEST OPERATIONS AND SUSTAINMENT
W58RGZ06C0093,THE BOEING COMPANY,2383995727.08,2006-03-31,Department of Defense,Defense Contract Management Agency,,,AZ,200607!002414!2100!W58RGZ!USA AVIATION AND MISSILE COMMAND!W58RGZ06C0093  !A!N! !N!             !      !20060331!20061031!047800297!006265946!009256819!N!MCDONNELL DOUGLAS HELICOPTER C!5000 E MCDOWELL
89303723FEM400292,"SAVANNAH RIVER MISSION COMPLETION, LLC",2373307167.02,2023-09-13,Department of Energy,Department of Energy,,,SC,THIS AWARD IS FOR THE SAVANNAH RIVER INTEGRATED MISSION COMPLETION CONTRACT - TASK ORDER 6 (LIQUID WASTE OPERATIONS).
N0001919C0013,LOCKHEED MARTIN CORPORATION,2356006918.46,2018-11-14,Department of Defense,Department of the Navy,,,NY,MH-60R AIRCRAFT
W56HZV10C0077,CANADIAN COMMERCIAL CORPORATION,2344291363.92,2009-11-24,Department of Defense,Department of the Army,,,,LAV-25(S) A2 - 4TH BDE
HT940221C0007,EVERNORTH FEDERAL SERVICES INC,2329597954.34,2021-08-05,Department of Defense,Defense Health Agency,,,MO,TRICARE PHARMACY SERVICES
DAAA0998E0006,BAE SYSTEMS ORDNANCE SYSTEMS INC.,2317804252.92,1999-10-19,Department of Defense,Department of the Army,,,TN,199812!2100!0747!AA09 !U.S. ARMY INDUSTRIAL OPERATIONS !DAAA0998E0006  !A!*!P00001             !19980929!19991231!289954943!770087872!217304393!N!40381!ROYAL ORDNANCE PLC            !EUXTON LA        
N0001920C0047,SIKORSKY AIRCRAFT CORPORATION,2310726485.75,2020-03-26,Department of Defense,Department of the Navy,,,CT,CH-53K LRIP LOT 5/6 LONG LEAD ITEMS
19AQMM23F0766,XATOR LLC,2309491422.64,2023-03-17,Department of State,Department of State,,,,CARE LOGISTICAL SUPPORT SERVICES - CLSS
DEEM0004083,FLUOR IDAHO LLC,2302392653.56,2016-02-04,Department of Energy,Department of Energy,,,ID,"IGF::OT::IGF, ICP CORE CONTRACT"
W58RGZ26C0002,THE BOEING COMPANY,2295831204.0,2025-11-25,Department of Defense,Department of the Army,,,AZ,"APACHE NEW BUILD ATTACK HELICOPTERS (AH)-64E FOR FOREIGN MILITARY SALE CUSTOMERS POLAND (QTY OF 96), EGYPT (QTY OF 2) AND KUWAIT (QTY OF 8).  THIS INCLUDES ASSOCIATED COMPONENTS AND ACCESSORIES AND LO"
W52P1J19F0394,"KBR SERVICES, LLC",2292772781.18,2019-04-12,Department of Defense,Department of the Army,,,,LOGISTIC CIVIL AUGMENTATION PROGRAM (LOGCAP) V AWARD FOR EUCOM PERFORMANCE TASK ORDER.
0005,THE BOEING COMPANY,2285494120.08,2012-10-01,Department of Defense,Defense Contract Management Agency,,,CA,AIRCRAFT SUSTAINMENT
DEAC0902SR22210,PARSONS GOVERNMENT SERVICES INC.,2276893314.21,2002-09-15,Department of Energy,Department of Energy,,,SC,SALT WASTE PROCESSING FACILITY CONCEPTUAL DESIGN
MSFC0200205DNAS801140,"AEROJET ROCKETDYNE OF DE, INC",2264561937.05,2002-05-02,National Aeronautics and Space Administration,National Aeronautics and Space Administration,,,CA,SPACE SHUTTLE ENG SUPPORT FOR FLIGHT SCH OF 30  FLI FLIGHTS EXTENDING FROM 1/1/02 THRU 12/31/06
FA821413C0001,BAE SYSTEMS TECHNOLOGY SOLUTIONS & SERVICES INC.,2262462537.06,2013-07-31,Department of Defense,Department of the Air Force,,,MD,"IGF::CL::IGF SYSTEMS ENGINEERING, INTEGRATION AND PROGRAM MANAGEMENT SUPPORT FOR THE ICBM SYSTEMS DIRECTORATE."
W58RGZ12C0123,ARMY SUSTAINMENT LLC,2257290758.72,2012-07-24,Department of Defense,Department of the Army,,,AL,"AIRCRAFT MAINTENANCE SERVICES FOR FT RUCKER, AL IGF::OT::IGF"
FA865925CB003,RAYTHEON COMPANY,2248982500.3,2025-07-31,Department of Defense,Department of the Air Force,,,AZ,ADVANCED MEDIUM RANGE AIR-TO-AIR MISSILE (AMRAAM)LOTS 39-40
F3365701C4600,"TELEDYNE, INC",2237430306.72,2001-03-16,Department of Defense,Defense Contract Management Agency,,,CA,200106!000169!5700!GU72 !ASC/RWKR !F3365701C4600 !A!N!*!N! !20010316!20030228!008391203!008255408!016435559!N!NORTHROP GRUMMAN CORPORATION !17066 GOLDENTOP ROAD !SAN DIEGO !CA!92127!59416!073!06!RANCH
F1962802C0010,"L3HARRIS TECHNOLOGIES, INC.",2226709932.96,2002-01-30,Department of Defense,Department of the Air Force,,,CO,"200204!000024!5700!GV59 !ESC/NDK !F1962802C0010 !A!N! !N! !20020130!20020930!052819732!052819732!001216845!N!ITT INDUSTRIES, INC , SYSTEMS !4410 E FOUNTAIN BLVD !COLORADO SPRIN !CO!80916!16000!041!08!"
36C10G23K0058,TRIWEST HEALTHCARE ALLIANCE CORP,2224839172.7,2023-09-12,Department of Veterans Affairs,Department of Veterans Affairs,,,VA,EXPRESS REPORT: REGION 4 QUARTER 3 FY23
W31P4Q23C0005,LOCKHEED MARTIN CORPORATION,2213842633.09,2023-03-30,Department of Defense,Department of the Army,,,FL,AGMS PRODUCTION
N0001915C0004,RTX CORPORATION,2213245788.81,2015-04-30,Department of Defense,Defense Contract Management Agency,,,CT,F135 LRIP LOT 10 ADVANCED ACQUISITION CONTRACT
0007,"KBR SERVICES, LLC",2207263443.51,2014-12-16,Department of Defense,Department of the Army,,,,AWARD TASK ORDER  IGF::OT::IGF
W911QY21C0031,MERCK SHARP & DOHME LLC,2205000834.0,2021-06-07,Department of Defense,Department of the Army,,,NJ,COVID-19 ORAL ANTIVIRAL  MK-4482 (MOLNUPIRAVIR)
W52P1J19F0400,VECTRUS SYSTEMS LLC,2203610702.76,2019-04-12,Department of Defense,Department of the Army,,,,LOGISTICS CIVIL AUGMENTATION PROGRAM (LOGCAP) V SUPPORT SERVICES IN KUWAIT
N0001923F0002,LOCKHEED MARTIN CORPORATION,2198479923.74,2022-12-16,Department of Defense,Department of the Navy,,,TX,JPO F-35 CY23 MODS AND RETROFIT PROGRAM SUPPORT
FA881013C0002,LOCKHEED MARTIN CORP,2194921223.67,2013-03-15,Department of Defense,Department of the Air Force,,,CA,IGF::OT::IGF SUSTAINMENT SUPPORT FISCAL YEAR 12-16
FA867521C0034,RAYTHEON COMPANY,2177560015.51,2021-03-26,Department of Defense,Department of the Air Force,,,AZ,ADVANCED MEDIUM RANGE AIR TO AIR MISSILE (AMRAAM) PRODUCTION LOTS 34-36
DEAC0209CH11466,THE TRUSTEES OF PRINCETON UNIVERSITY,2170949215.38,2009-01-28,Department of Energy,Department of Energy,,,NJ,MANAGEMENT AND OPERATING CONTRACT FOR THE OPERATION OF THE PRINCETON PLASMA PHYSICS LABORATORY (PPPL)
NAS998100,LOCKHEED MARTIN CORPORATION,2150327425.31,1998-09-25,National Aeronautics and Space Administration,National Aeronautics and Space Administration,,,TX,CONSOLIDATED SPACE OPERATIONS CONTRACT PHASE 2.
HQ085120C0002,RAYTHEON COMPANY,2147446227.49,2020-03-25,Department of Defense,Defense Contract Management Agency,,,AZ,SM-3 BLK IB ALL UP ROUNDS
W31P4Q24C0024,RAYTHEON COMPANY,2141322930.0,2024-07-31,Department of Defense,Department of the Army,,,MA,UNDEFINITIED CONTRACT (UCA) FOR LOWER TIER AIR AND MISSILE DEFENSE SYSTEM (LTAMDS)
HQ027610C0005,RAYTHEON COMPANY,2139893963.44,2010-09-08,Department of Defense,Defense Contract Management Agency,,,AZ,BLOCK IIA AUR PRELIMINARY DESIGN
36C10G22K0036,TRIWEST HEALTHCARE ALLIANCE CORP,2110778408.75,2022-09-30,Department of Veterans Affairs,Department of Veterans Affairs,,,VA,EXPRESS REPORT: QUARTER 4
693KA821F00222,HARRIS CORPORATION,2099573343.09,2021-07-01,Department of Transportation,Federal Aviation Administration,,,DC,THE PURPOSE OF THIS DELIVERY ORDER AWARD IS TO ADD FUNDING FOR FTI TELECOMMUNICATIONS SERVICES.
NNK13MA14C,"AMENTUM TECHNOLOGY, INC.",2099373524.58,2012-12-17,National Aeronautics and Space Administration,National Aeronautics and Space Administration,,,FL,IGF::OT::IGF THE TEST AND OPERATIONS SUPPORT CONTRACT (TOSC) IS A COST-PLUS-AWARD-FEE CONTRACT WITH AN INDEFINITE DELIVERY INDEFINITE QUANTITY TASK ORDERING PROVISION. TOSC PROVIDES A PROCESSING CONTR
N0001918C1048,LOCKHEED MARTIN CORPORATION,2097972895.35,2018-05-24,Department of Defense,Department of the Navy,,,TX,IS SUPPORT EQUIPMENT
FA862616C2138,GENERAL ELECTRIC COMPANY,2090921087.07,2016-06-30,Department of Defense,Department of the Air Force,,,OH,ADAPTIVE ENGINE TRANSITION PROGRAM  (AETP)
SAQMMA11F0233,SCIENCE APPLICATIONS INTERNATIONAL CORPORATION,2087211597.56,2010-12-22,Department of State,Department of State,,,DC,"TASK ORDER TO PROVIDE PROJECT MANAGEMENT SUPPORT, TRANSITION SUPPORT, ENGINEERING AND DESIGN SUPPORT, SECURING THE INFRASTRUCTURE SUPPORT AND O&M SUPPORT FOR THE DEPARTMENT'S IT CONSOLIDATION PROGRAM."
HSCG2316CAFR625,"BOLLINGER SHIPYARDS LOCKPORT, L.L.C.",2075724899.08,2016-05-04,Department of Homeland Security,U.S. Coast Guard,,,LA,THE UNITED STATES COAST GUARD HAS A REQUIREMENT TO PROCURE UP TO TWENTY-SIX (26) FAST RESPONSE CUTTERS (FRCS) ON A FIRM FIXED PRICE (FFP) BASIS WITH AN ECONOMIC PRICE ADJUSTMENT (EPA).  PHASE II OF TH
0019,"GM GDLS DEFENSE GROUP, L.L.C.",2067459029.03,2006-12-21,Department of Defense,Department of the Army,,,MI,THIS ACTION IS FOR A NEW FOLLOW-ON CONTRACTOR LOGISTICS SUPPORT (CLS) DELIVERY ORDER 0019.  THE CONTRACTOR WILL PROVIDE CONTRACTOR LOGISTICS SUPPORT (CLS) FOR STRYKER FAMILY OF VEHICLES (FOV) IN BOTH 
N0002424C2473,HUNTINGTON INGALLS INCORPORATED,2067000000.0,2024-09-24,Department of Defense,Department of the Navy,,,MS,"LPD 33, 34, AND 35 DD&CS"
W56HZV20C0050,OSHKOSH DEFENSE LLC,2065705348.31,2020-03-13,Department of Defense,Department of the Army,,,WI,CONTRACT W56HZV-20-C-0050 IS ISSUED TO PROVIDE CONTINUATION OF CONTRACT W56HZV-15-C-0095.
DEAC0506OR23100,"OAK RIDGE ASSOCIATED UNIVERSITIES, INCORPORATED",2064774055.5,2005-12-21,Department of Energy,Department of Energy,,,TN,TECHNICAL SERVICES TO MANAGE AND DIRECT THE PROGRAMS OF ORISE
N0001920C0003,THE BOEING COMPANY,2058655011.17,2020-05-13,Department of Defense,Department of the Navy,,,MO,SLAM ER OBSOLESCENCE REDESIGN - NRE AND PRODUCTION OF SLAM ER MISSILES
NNM06AB13C,"AEROJET ROCKETDYNE OF DE, INC",2057069643.92,2006-06-02,National Aeronautics and Space Administration,National Aeronautics and Space Administration,,,CA,LETTER CONTRACT TO INITIATE DDT&E AND LONG LEAD PURCHASES
FA863422F0035,THE BOEING COMPANY,2039776433.36,2022-09-29,Department of Defense,Department of the Air Force,,,MO,F-15EX - LOT 4 ADVANCED PROCUREMENT
N0001924C0032,RAYTHEON COMPANY,2037514988.0,2024-09-27,Department of Defense,Department of the Navy,,,AZ,LOT 24-26 PRODUCTION - FMS
NNG09HR00C,LOCKHEED MARTIN CORP,2032336134.57,2008-12-04,National Aeronautics and Space Administration,National Aeronautics and Space Administration,,,CO,THE GOVERNMENT IS PROCURING THE NEXT-GENERATION GEOSTATIONARY OPERATIONAL ENVIRONMENTAL SATELLITES (GOES) SERIES TO CONTINUE ITS MISSION THROUGH NEW REQUIREMENTS SPECIFIED IN THE GOES-R LEVEL I REQUIR
N0001996C0054,BELL HELICOPTER TEXTRON INC,2032188650.77,1996-12-24,Department of Defense,Defense Contract Management Agency,,,TX,199712!1700!1384!AC5J0!NAVAL AIR SYSTEMS COMMAND       !N0001996C0054  !A!*!P00004             !19961224!19980930!620162602!062923321!001338979!N!*    !BELL HELICOPTER TEXTRON INC   !1235 JEFFERSON DA
N0002419C2210,"BOLLINGER MISSISSIPPI SHIPBUILDING, LLC",2019738356.06,2019-04-23,Department of Defense,Department of the Navy,,,MS,POLAR SECURITY CUTTER #1 (FORMERLY HPIB) DETAIL DESIGN AND CONSTRUCTION
FA880812C0010,LOCKHEED MARTIN CORP,2011989206.93,2012-05-15,Department of Defense,Defense Contract Management Agency,,,CA,IGF::CT::IGF  AEHF SV5/6 PRODUCTION - UCA PARTS
DEAC2901AL66444,WASHINGTON TRU SOLUTIONS LLC,2007900739.8,2000-12-14,Department of Energy,Department of Energy,,,NM,MANAGEMENT AND OPERATION OF THE WASTE ISOLATION PILOT PLANT
W56HZV15CA001,BAE SYSTEMS LAND AND ARMAMENTS L.P.,2006654646.36,2014-12-23,Department of Defense,Department of the Army,,,PA,"THIS ACTION IS COST PLUS INCENTIVE-FEE (CPIF) 52 MONTH ENGINEERING AND MANUFACTURING DEVELOPMENT CONTRACT, WITH THREE FIXED PRICE INCENTIVE (SUCCESSIVE TARGETS) (FPI(S)) OPTION YEARS OF LOW RATE INITI"
DEFE0011020,"FLUOR FEDERAL PETROLEUM OPERATIONS, LLC",1996329703.46,2013-09-18,Department of Energy,Department of Energy,,,LA,IGF::OT::IGF  MANAGEMENT AND OPERATION OF THE STRATEGIC PETROLEUM RESERVE FACILITIES.
DAAA0997C0098,"WASHINGTON DEMILITARIZATION COMPANY, LLC",1995254704.5,1997-07-25,Department of Defense,Department of the Army,,,AR,199710!2100!6000!AA09 !U.S. ARMY INDUSTRIAL OPERATIONS !DAAA0997C0098  !A!*!*                  !19970725!20051231!879410652!802675199!001339159!N!085U6!RAYTHEON ENGINEERS & CONSTRUCT!30 S 17TH ST     
80MSFC23CA014,"BLUE ORIGIN MANUFACTURING, LLC",1988511190.15,2023-05-18,National Aeronautics and Space Administration,National Aeronautics and Space Administration,,,AL,RAPID DDT&E AND DEMONSTRATION OF S SUSTAINABLE HUMAN LANDING SYSTEM INTEGRATED LANDER.
36C10G20K0021,TRIWEST HEALTHCARE ALLIANCE CORP,1981031881.25,2020-09-25,Department of Veterans Affairs,Department of Veterans Affairs,,,AZ,EXPRESS REPORT FOR THE PATIENT CENTERED COMMUNITY CARE (PC3) CONTRACT FOR THE OFFICE OF COMMUNITY CARE (OCC).
FA880615C0001,RANGE GENERATION NEXT LLC,1972677478.11,2014-11-06,Department of Defense,Department of the Air Force,,,VA,"IGF::CT::IGF OPERATE, MAINTAIN, AND SUSTAIN LAUNCH AND TEST RANGE SYSTEM (LTRS)"
N0002406C2115,HUNTINGTON INGALLS INC,1957373076.0,2005-11-29,Department of Defense,Department of the Navy,,,VA,
FA862518F7028,LOCKHEED MARTIN CORP,1949541131.1,2018-07-18,Department of Defense,Department of the Air Force,,,GA,"ACAT I, C-130J FIVE YEAR ORDERING CONTRACT"
36C10G23K0051,TRIWEST HEALTHCARE ALLIANCE CORP,1943190123.15,2023-06-15,Department of Veterans Affairs,Department of Veterans Affairs,,,VA,EXPRESS REPORT: QUARTER 2
N0001919F2474,LOCKHEED MARTIN CORPORATION,1940842446.62,2018-12-27,Department of Defense,Department of the Navy,,,TX,TECHNOLOGY REFRESH 3 (TR3) SYSTEM
80MSFC18C0011,"AMENTUM TECHNOLOGY, INC.",1940536081.05,2017-11-21,National Aeronautics and Space Administration,National Aeronautics and Space Administration,,,AL,ENGINEERING SERVICES AND SCIENCE CAPABILITY AUGMENTATION (ESSCA)
W911XK22C0006,"KOKOSING ALBERICI TRAYLOR, LLC",1936781003.61,2022-07-01,Department of Defense,Department of the Army,,,MI,"CONSTRUCTION OF THE NEW THIRD LOCK, NEW LOCK AT THE SOO, SAULT STE. MARIE, MICHIGAN."
F0470102C0009,NORTHROP GRUMMAN SYSTEMS CORPORATION,1926774531.37,2002-04-18,Department of Defense,Missile Defense Agency,,,CA,200208!000056!5700!CZ39 !SMC/PKZ LOS ANGELES AFB !F0470102C0009 !A!N! !N! !20020418!20100930!008324949!008324949!004179453!N!TRW INC !1 SPACE PARK BLVD !REDONDO BEACH !CA!90278!60018!037!06!REDONDO BE
F3365799C0036,LOCKHEED MARTIN CORP,1924919562.0,1999-12-30,Department of Defense,Defense Contract Management Agency,,,TX,
N0001918C1041,LOCKHEED MARTIN CORPORATION,1914366871.75,2018-04-30,Department of Defense,Department of the Navy,,,TX,FY18 GLOBAL F-35A REP/ROR
36C10G20K0020,TRIWEST HEALTHCARE ALLIANCE CORP,1908528940.11,2020-09-25,Department of Veterans Affairs,Department of Veterans Affairs,,,AZ,EXPRESS REPORT FOR THE PATIENT CENTERED COMMUNITY CARE (PC3) CONTRACT FOR THE OFFICE OF COMMUNITY CARE (OCC).
N0001920C0032,LOCKHEED MARTIN CORPORATION,1904520982.28,2020-07-17,Department of Defense,Department of the Navy,,,TX,"SUPPORT EQUIPMENT, AUTONOMIC LOGISTICS INFORMATION SYSTEM HARDWARE, TRAINING SYSTEMS, SITE ACTIVATIONS, INTEGRATED CONTRACTOR SUPPORT, AND THE RELIABILITY AND MAINTAINABILITY IMPROVEMENT PROGRAM FOR T"
N0002407C6119,RAYTHEON COMPANY,1904305418.03,2007-05-22,Department of Defense,Defense Contract Management Agency,,,AZ,STANDARD MISSILE 3
W58RGZ19C0027,"GENERAL ATOMICS AERONAUTICAL SYSTEMS, INC.",1896157069.11,2019-04-19,Department of Defense,Department of the Army,,,CA,REQUIREMENT IS FOR THE PROCUREMENT OF PERFORMANCE BASED LOGISTICS SUPPORT SERVICES FOR THE MQ-1C GRAY EAGLE UNMANNED AIRCRAFT SYSTEM.
N0002419C2235,NATIONAL STEEL AND SHIPBUILDING COMPANY,1893799844.07,2018-10-16,Department of Defense,Department of the Navy,,,CA,EXPEDITIONARY SEA BASE (ESB) HULL 6 LLTM UCA
N0002498C5197,LOCKHEED MARTIN CORPORATION,1883315467.25,1998-04-14,Department of Defense,Defense Contract Management Agency,,,NJ,199807!1700!2312!BZ005!NAVAL SEA SYSTEMS COMMAND       !N0002498C5197  !A!*!*                  !19980414!19980930!834951691!834951691!834951691!N!02769!LOCKHEED MARTIN CORPORATION   !6801 ROCKLEDGE DR
W912QR04C0004,WASHINGTON GROUP/ALBERICI JOINT VENTURE,1870676938.26,2004-01-28,Department of Defense,Department of the Army,,,IL,TAS::96 3134::TAS ARRA::YES::ARRA OLMSTED DAM CONSTRUCTION PROJECT (ARRA FUNDS ADDED 9/3/2009 BY MODIFICATION P00090)
FA862522F3027,LOCKHEED MARTIN CORP,1865607013.0,2022-08-16,Department of Defense,Department of the Air Force,,,GA,C-130J ADD AIRCRAFTS FY22 CONGRESSIONAL
HQ027615C0005,RAYTHEON COMPANY,1861040363.03,2015-04-30,Department of Defense,Defense Contract Management Agency,,,AZ,FY15 SM-3 BLK IB ALL UP ROUNDS (AUR)
N0001920C0006,LOCKHEED MARTIN CORPORATION,1857559785.7,2019-12-30,Department of Defense,Defense Contract Management Agency,,,TX,GLOBAL F-35A COMBINED ROR
W912PL19C0015,SOUTHWEST VALLEY CONSTRUCTORS CO,1857177427.39,2019-05-15,Department of Defense,Department of the Army,,,AZ,"DESIGN BUILD OF TUCSON SECTOR BARRIER WALL REPLACEMENT PROJECT, VARIOUS LOCATIONS, AZ"
W31P4Q15C0151,LOCKHEED MARTIN CORPORATION,1841506960.81,2015-09-15,Department of Defense,Department of the Army,,,FL,"THIS LETTER CONTRACT IS ISSUED TO ACQUIRE BUY 16 FISCAL YEAR (FY) 2015 HELLFIRE II MISSILE HARDWARE/COMPONENT PRODUCTION REQUIREMENTS FOR THE U.S. ARMY, U.S. AIR FORCE, AND FOREIGN MILITARY SALES COUN"
N0001917C0010,RTX CORPORATION,1838656695.12,2016-11-30,Department of Defense,Department of the Navy,,,CT,PERFORMANCE BASED LOGISTICS UCA
DOCDG133E09CN0094,"L3HARRIS TECHNOLOGIES, INC.",1826088581.86,2009-05-27,Department of Commerce,National Oceanic and Atmospheric Administration,,,FL,"THE PURPOSE OF THIS CONTRACT IS TO DEVELOP THE GROUND SYSTEM THAT WILL SUPPORT NOAA S NEXT GENERATION GEOSTATIONARY SATELLITE SERIES, GOES-R. THIS NEW SERIES OF SPACECRAFT, SET TO BEGIN LAUNCHING IN 2"
N4008521C0077,381 CONSTRUCTORS,1820300099.37,2021-08-13,Department of Defense,Department of the Navy,,,ME,"P-381 MULTI-MISSION DRY DOCK #1, PORTSMOUTH NAVAL SHIPYARD, KITTERY, ME"
N0002413C5116,LOCKHEED MARTIN CORPORATION,1812244593.06,2013-03-04,Department of Defense,Department of the Navy,,,NJ,"AEGIS COMBAT SYSTEM ENGINEERING AGENT (CSEA) ADVANCED CAPABILITY BUILD 16 (ACB 16), TECHNOLOGY INSERTION 16 (TI 16), FUTURE ACB/TI, BASELINE MAINTENANCE, TRAINING, AND STUDIES"
N0001919C0008,NORTHROP GRUMMAN SYSTEMS CORPORATION,1811548807.37,2019-05-29,Department of Defense,Department of the Navy,,,CA,MQ-4C TRITON LRIP LOT 5 LONG LEAD ITEMS TO SUPPORT U.S. NAVY AND COOPERATIVE PARTNER AUSTRALIA.
N0001918C1012,THE BOEING COMPANY,1806623532.79,2018-08-30,Department of Defense,Department of the Navy,,,MO,MQ-25 EMD
N0001922C0041,LOCKHEED MARTIN CORPORATION,1805581836.44,2022-05-17,Department of Defense,Department of the Navy,,,TX,"F-35 DEVELOPMENTAL FOUNDATION CONTRACT 3 - THIS CONTRACT PROVIDES A FOUNDATION, IN SUPPORT OF F-35 DEVELOPMENTAL FLIGHT TEST AT EDWARDS AIR FORCE BASE, NAVAL AIR STATION PATUXENT RIVER, AND F-35 DEVEL"
N0001916C0002,RAYTHEON COMPANY,1795489000.0,2016-04-13,Department of Defense,Department of the Navy,,,CA,IGF::OT::IGF  NEXT GENERATION JAMMER (NGJ) ENGINEERING&MANUFACTURING DEVELOPMENT (EMD) PHASE
36C10G23K0062,"OPTUM PUBLIC SECTOR SOLUTIONS, INC.",1793325708.71,2023-07-28,Department of Veterans Affairs,Department of Veterans Affairs,,,VA,EXPRESS REPORT: Q3 EXPRESS REPORT R3
W58P0522C0017,"MODERNA US, INC.",1788399999.0,2022-07-29,Department of Defense,Department of the Army,,,MA,COVID-19 MRNA VACCINES
70B01C26F00000073,FISHER SAND & GRAVEL CO,1787500000.0,2026-01-06,Department of Homeland Security,U.S. Customs and Border Protection,,,NM,"DESIGN AND CONSTRUCT NEW VERTICAL BARRIER AND POWER DISTRIBUTION, LIGHTING, CAMERAS, EQUIPMENT SHELTERS AND LINEAR GROUND DETECTION SYSTEM (LGDS) IN HILDAGO COUNTY, NM."
N0001913C0023,BELL TEXTRON INC,1782171428.98,2013-04-01,Department of Defense,Defense Contract Management Agency,,,TX,UH-1Y AND AH-1Z LONG LEAD PARTS LIST AAC
75N91020F00003,LEIDOS BIOMEDICAL RESEARCH INC,1775380496.13,2020-08-31,Department of Health and Human Services,National Institutes of Health,,,MD,NCI OPERATIONAL TASK ORDER
W58P0522C0009,IHEALTH LABS INC.,1774999987.2,2022-01-13,Department of Defense,Department of the Army,,,CA,COVID-19 ANTIGEN TEST
W56HZV06C0173,HONEYWELL INTERNATIONAL INC.,1773472789.45,2005-12-16,Department of Defense,Department of the Army,,,AZ,
FA867515C0022,RAYTHEON COMPANY,1769825200.93,2014-12-22,Department of Defense,Defense Contract Management Agency,,,AZ,ADVANCED MEDIUM RANGE AIR TO AIR MISSILE (AMRAAM) PRODUCTION LOTS 28-30 FY14-16
N0001915C0031,LOCKHEED MARTIN CORPORATION,1764499475.16,2014-10-28,Department of Defense,Department of the Navy,,,TX,LOGISTICS SUPPORT CONTRACT
75A50120C00034,"MODERNATX, INC.",1754345480.45,2020-04-03,Department of Health and Human Services,Office of Assistant Secretary for Preparedness and Response,,,MA,"DEVELOPMENT OF MRNA VACCINE TO LICENSURE FOR THE PREVENTION OF COVID-19. CLIN 0001 - PRE-AWARD COST, CLIN 0002 - DEVELOPMENT OF MRNA VACCINE TO BLA AND CLIN 0003 - DOMESTIC MANUFACTURING SCALE-OUT"
VA11817F1888,DELL FEDERAL SYSTEMS L.P,1730532626.58,2017-03-31,Department of Veterans Affairs,Department of Veterans Affairs,,,TX,THE PURPOSE OF THIS ACQUISITION IS TO PROVIDE THE DEPARTMENT OF VETERANS AFFAIRS WITH AN ENTERPRISE AGREEMENT FOR BRAND NAME MICROSOFT SOFTWARE PRODUCTS AND SERVICES.  THIS ENTERPRISE AGREEMENT WILL P
FA861517C6047,NORTHROP GRUMMAN SYSTEMS CORPORATION,1730517759.3,2017-05-31,Department of Defense,Department of the Air Force,,,MD,F-16 ACTIVE ELECTRONICALLY SCANNED ARRAY JOINT EMERGENT OPERATIONAL NEED
FA881119C0002,"UNITED LAUNCH SERVICES, LLC",1728709520.93,2018-10-24,Department of Defense,Defense Contract Management Agency,,,CO,DELTA IV HEAVY LAUNCH SERVICES
N0001914C0037,GENERAL ATOMICS,1726726793.3,2014-05-08,Department of Defense,Department of the Navy,,,CA,CVN 79 EMALS LONG LEAD TIME MATERIAL
F1962800C0100,NORTHROP GRUMMAN SYSTEMS CORPORATION,1726084211.32,2000-01-11,Department of Defense,Department of the Air Force,,,CA,200103!000014!5700!GV47  !ESC/JSK                         !F1962800C0100  !A!N!*!N!                   !20001211!20031231!938535028!008255408!016435559!N!NORTHROP GRUMMAN SYSTEMS CORPO!ONE HORNET WAY  
NMO710846,CALIFORNIA INSTITUTE OF TECHNOLOGY,1725568202.42,2003-09-30,National Aeronautics and Space Administration,National Aeronautics and Space Administration,,,CA,MARS SCIENCE LABORATORY
N0001904C0569,RAYTHEON COMPANY,1723610644.06,2004-08-18,Department of Defense,Defense Contract Management Agency,,,AZ,
70B01C26F00000345,SOUTHWEST VALLEY CONSTRUCTORS CO,1720040000.0,2026-05-11,Department of Homeland Security,U.S. Customs and Border Protection,,,TX,"AWARD OF CONSTRUCTION TASK ORDER FOR BORDER WALL IN BIG BEND TEXAS, SEGMENT IDENTIFIED AS BBT-4."
89303921FEM400037,"CENTRAL PLATEAU CLEANUP COMPANY, LLC",1701793004.73,2021-08-16,Department of Energy,Department of Energy,,,WA,"HANFORD CENTRAL PLATEAU CLEANUP CONTRACT - TASK ORDER 4 - END STATES & BASE OPS.  THIS TASK ORDER IS ISSUED AS AN UNDEFINITIZED TASK ORDER PURSUANT TO CLAUSE H.49, TASK ORDERING PROCEDURE.  NOTICE-TO-"
DTFAWA10C00080,THE MITRE CORPORATION,1701696966.84,2010-07-22,Department of Transportation,Federal Aviation Administration,,,VA,CENTER FOR ADVANCED AVIATION DEVELOPMENT (CAASD) FFRDC MITRE
W31P4Q19C0076,RAYTHEON/LOCKHEED MARTIN JAVELIN JV,1694838191.74,2019-09-12,Department of Defense,Department of the Army,,,AZ,"JAVELIN PRODUCTION CONTRACT AWARD TO INCLUDE THE ALL UP ROUNDS (AUR), BATTERY COOLANT UNITS (BCU), AND JAVELIN VEHICLE LAUNCHER ELECTRONICS (JVL-E)."
W15P7T06CM209,RAYTHEON COMPANY,1694462603.95,2006-07-29,Department of Defense,Department of the Army,,,TX,
N0003012C0101,LOCKHEED MARTIN CORP,1676646362.0,2012-07-06,Department of Defense,Department of the Navy,,,CA,FY13 LONG LEAD MATERIAL
N0002414C5315,RAYTHEON COMPANY,1671263971.83,2013-10-10,Department of Defense,Department of the Navy,,,MA,AMDR BASIC CONTRACT AWARD FOR EMD AND EXERCISE OF ENHANCED DATA RIGHTS CLIN
0006,THE BOEING COMPANY,1655050154.0,2011-05-13,Department of Defense,Defense Contract Management Agency,,,CA,FY10 UCA FOR 5 USAF A/C
HSCG2313CADB014,HUNTINGTON INGALLS INCORPORATED,1654352379.0,2013-04-30,Department of Homeland Security,U.S. Coast Guard,,,MS,PRODUCTION&DELIVERY OF NATIONAL SECURITY CUTTER (NSC) 6.
W52P1J21F0454,"KBR SERVICES, LLC",1654082845.44,2021-08-30,Department of Defense,Department of the Army,,,TX,"TASK ORDER AWARD FOR LOGCAP SUPPORT TO OPERATION ALLIES REFUGE FOR SUPPORT AT FT. BLISS, TX FT. MCCOY, WI FT. PICKETT, VA AND CAMP ATTERBURY, IN."
FA862616C2139,RTX CORPORATION,1651199673.57,2016-06-30,Department of Defense,Department of the Air Force,,,CT,ADAPTIVE ENGINE TRANSITION PROGRAM  (AETP)
70B01C26F00000044,FISHER SAND & GRAVEL CO,1650754000.0,2025-12-23,Department of Homeland Security,U.S. Customs and Border Protection,,,AZ,YUM-2 VERTICAL BORDER AND WATERBORNE BARRIER CONSTRUCTION
N0002408C2217,"AUSTAL USA, LLC",1650327235.1,2008-01-31,Department of Defense,Department of the Navy,,,AL,PHASE I: PRELIMINARY CONCEPT DESIGN FOR THE JOINT HIGH SPEED VESSEL.
W58RGZ04C0012,THE BOEING COMPANY,1632290425.87,2003-12-03,Department of Defense,Department of the Army,,,PA,200412!001129!2100!W58RGZ!USA AVIATION AND MISSILE COMMAND!W58RGZ04C0012  !A!N! !N!             !      !20031203!20070630!172316432!172316432!009256819!N!THE BOEING COMPANY            !ROUTE 291 & STE
N0002418C2300,LOCKHEED MARTIN CORPORATION,1629900048.52,2017-10-06,Department of Defense,Department of the Navy,,,MD,CONSTRUCTION OF LCS FLIGHT 0+ SHIP
0009,BAE SYSTEMS LAND & ARMAMENTS L.P.,1624180131.17,2006-07-26,Department of Defense,Department of the Army,,,PA,200612!007793!2100!W56HZV!TACOM - WARREN                  !W56HZV05G0005  !A!N! !N!0009         !      !20060726!20081231!834476079!824825459!217304393!N!BAE SYSTEMS LAND & ARMAMENTS I!1100 BAIRS RD  
N0001915C0114,LOCKHEED MARTIN CORPORATION,1621042892.68,2015-08-31,Department of Defense,Department of the Navy,,,TX,LRIP 9 NON ANNUALIZED AWARD
N6852022F7005,VERTEX AEROSPACE LLC,1617638447.88,2021-10-14,Department of Defense,Defense Contract Management Agency,,,MD,"T45 CLS CMMARS TASK ORDER, MATERIALS - AIRCRAFT MAINTENANCE"
NNH15CN76C,NORTHROP GRUMMAN SYSTEMS CORPORATION,1614792955.3,2015-09-03,National Aeronautics and Space Administration,National Aeronautics and Space Administration,,,VA,IGF::OT::IGF NEXTSTEP NRA AWARD.  THIS NEXTSTEP CONTRACT BUILDS UPON THE SUCCESS OF COMMERCIAL ORBITAL TRANSPORTATION SERVICES SPACE ACT AGREEMENT DEVELOPMENT PROGRAM AND AN EXISTING INTERNATIONAL SPA
W31P4Q23F0006,LOCKHEED MARTIN CORPORATION,1611793487.23,2022-10-21,Department of Defense,Department of the Army,,,TX,GUIDED MULTIPLE LAUNCH ROCKET SYSTEM (GMLRS) AND LOW COST REDUCED RANGE PRACTICE ROCKET (LCRRPR) FY 23 FULL RATE PRODUCTION LOT 18 DELIVERY ORDER
W31P4Q23C0036,RAYTHEON COMPANY,1607872304.74,2023-09-29,Department of Defense,Department of the Army,,,MA,REQUIREMENT FOR PATRIOT M903 LAUNCHING STATIONS.
80NM0021F0008,CALIFORNIA INSTITUTE OF TECHNOLOGY,1604322463.0,2020-12-17,National Aeronautics and Space Administration,National Aeronautics and Space Administration,,,CA,MARS SAMPLE RETURN (MSR) PROGRAM - PHASE A 40-108270
FA862512C6598,NORTHROP GRUMMAN SYSTEMS CORPORATION,1603584166.83,2012-02-17,Department of Defense,Department of the Air Force,,,IL,"ACAT 1C, ASC/WLY, LAIRCM FOLLOW-ON (LAF)"
W58P0522C0002,"GLAXOSMITHKLINE, LLC",1597461996.0,2021-11-15,Department of Defense,Department of the Army,,,NC,:COVID-19: SOTROVIMAB MONOCLONAL ANDTIBODIES
0007,MASSACHUSETTS INSTITUTE OF TECHNOLOGY,1594101040.69,2016-06-03,Department of Defense,Department of the Air Force,,,MA,IGF::OT::IGF TRANSITION OF PROGRAMS FROM MIT LL CONTRACT FA8721-05-C-0002 TO MIT LL CONTRACT FA8702-15-D-0001
89303321CEM000080,"BATTELLE SAVANNAH RIVER ALLIANCE, LLC",1593068301.18,2020-12-22,Department of Energy,Department of Energy,,,SC,SAVANNAH RIVER NATIONAL LABORATORY MANAGEMENT AND OPERATING (M&O) CONTRACT
36C10B22F0089,DELL FEDERAL SYSTEMS L.P,1590136261.87,2022-03-29,Department of Veterans Affairs,Department of Veterans Affairs,,,TX,VA MICROSOFT ENTERPRISE LICENSE AGREEMENT.
N0001911C0020,LOCKHEED MARTIN CORPORATION,1589570893.76,2011-01-05,Department of Defense,Department of the Navy,,,NY,"ADVANCE ACQUISITION CONTRACT TO PROCURE LONG-LEAD ITEMS FOR FY12 MH-60R MISSION AVIONICS SYSTEMS AND MH-60R/S COMMON COCKPITS, AS WELL AS END-OF-LIFE COMPONENTS TO PROTECT DELIVERY SCHEDULE REQUIREMEN"
19AQMM18C0185,"GENERAL DYNAMICS INFORMATION TECHNOLOGY, INC.",1585600444.54,2018-09-05,Department of State,Department of State,,,VA,GLOBAL SECURITY ENGINEERING&SUPPLY CHAIN SERVICES.
70B01C26F00000292,"BARNARD CONSTRUCTION COMPANY, INCORPORATED",1585324926.0,2026-04-24,Department of Homeland Security,U.S. Customs and Border Protection,,,TX,BORDER WALL CONSTRUCTION FOR EL PASO SECTOR - EPT-5
HSCG2314CAPC002,"EASTERN SHIPBUILDING GROUP, INC.",1578692803.24,2014-02-11,Department of Homeland Security,U.S. Coast Guard,,,FL,OPC P&CD CONTRACT 2 REFERENCE SOLICITATION NUMBER HSCG23-12-R-OPC0001
FA872609C0010,NORTHROP GRUMMAN SYSTEMS CORPORATION,1578172932.36,2009-06-24,Department of Defense,Department of the Air Force,,,CA,BATTLEFIELD AIRBORNE COMMUNICATIONS NODE RAPID FIELDING
N0002407C6311,L3HARRIS NEXGEN COMMUNICATIONS LLC,1573743464.29,2007-04-09,Department of Defense,Defense Contract Management Agency,,,NH,BASIC AWARD OF THE 2.1 PRODUCTION SYSTEMS
FA861120F1010,RTX CORPORATION,1573148446.22,2019-12-18,Department of Defense,Department of the Air Force,,,CT,F119 ENGINE SUSTAINMENT
DTFA0102D03006CALL0001,HARRIS CORPORATION,1568875082.68,2003-10-20,Department of Transportation,Federal Aviation Administration,,,FL,DAFIS UDO RECONSTRUCT W/O ADVANCE
HT940213C0008,PACMED CLINICS,1564810239.08,2013-09-12,Department of Defense,Defense Health Agency,,,WA,COMPREHENSIVE HEALTHCARE SERVICES
FA862524F3034,LOCKHEED MARTIN CORP,1564462687.0,2023-12-21,Department of Defense,Department of the Air Force,,,GA,C-130J COMBINED AIRCRAFT DELIVERY DEVELOPMENT INTEGRATION AND ENGINEERING (CADDIE) FY23 C-130J CONGRESSIONAL ADD AIRCRAFT
W90BRJ15C0004,"VINNELL ARABIA, LLC",1558808139.13,2014-12-21,Department of Defense,Department of the Army,,,,IGF::OT::IGF TRAINING AND SUPPORT FOR THE BENEFIT OF MNG.
89304223FEM400000,IDAHO ENVIRONMENTAL COALITION LLC,1554869544.09,2023-09-08,Department of Energy,Department of Energy,,,ID,THE PURPOSE OF THIS ACTION IS TO AWARD THE ICP TEN YEAR PLAN HYBRID TASK ORDER UNDER SINGLE AWARD MASTER IDIQ CONTRACT 89303321DEM000061.  CLIN 05 S1W D&D IS INCLUDED WITH AUTHORIZATION TO COMMENCE SC
N0001922F0030,THE BOEING COMPANY,1553797869.15,2022-03-02,Department of Defense,Department of the Navy,,,MO,"HARPOON COASTAL DEFENSE SYSTEM FOR LAUNCHER TRANSPORTER UNITS (LTUS), RADAR UNITS (RUS) AND TRAINING EQUIPMENT."
0004,OSHKOSH DEFENSE LLC,1553283936.83,2010-11-29,Department of Defense,Department of the Army,,,WI,"ADDING 1,941 EACH FAMILY OF MEDIUM TACTICAL VEHICLES (FMTV) AND FRET FOR ARMY NATIONAL GUARD REQUIREMENTS"
W58RGZ08C0023,TEXTRON SYSTEMS CORPORATION,1551565403.77,2007-10-31,Department of Defense,Department of the Army,,,MD,PROCURE 14 SHADOW UNMANNED AIRCRAFT SYSTEMS
80KSC019C0013,"BECHTEL NATIONAL, INC.",1550689354.01,2019-06-25,National Aeronautics and Space Administration,National Aeronautics and Space Administration,,,VA,DESIGN AND CONSTRUCTION OF THE NASA SPACE LAUNCH SYSTEM (SLS) MOBILE LAUNCHER 2 (ML2).
NAS503127,"ASSOCIATION OF UNIVERSITIES FOR RESEARCH IN ASTRONOMY, INC.",1549311664.49,2003-06-06,National Aeronautics and Space Administration,National Aeronautics and Space Administration,,,MD,"THE PRIMARY ACTIVITIES COVERED BY THIS EFFORT SPAN THE MAJOR PHASES OF THE MISSION BEGINNING WITH FORMULATION THROUGH DEVELOPMENT AND TESTING, AND ENDING ONE YEAR AFTER LAUNCH WITH THE INITIATION OF T"
N0001914C0004,RTX CORPORATION,1540870365.89,2014-05-02,Department of Defense,Department of the Navy,,,CT,LRIP LOT IX F135 PROPULSION SYTEMS FOR LONG LEAD-TIME ITEMS
HSCG2308C2FR125,"BOLLINGER SHIPYARDS LOCKPORT, L.L.C.",1536934924.76,2008-09-26,Department of Homeland Security,U.S. Coast Guard,,,LA,USCG FAST RESPONSE CUTTER B CLASS (FRC-B)
N0003015C0100,LOCKHEED MARTIN CORP,1533695409.0,2015-07-07,Department of Defense,Department of the Navy,,,CA,LONG LEAD MATERIAL
36C10G23K0055,"OPTUM PUBLIC SECTOR SOLUTIONS, INC.",1529647200.16,2023-01-01,Department of Veterans Affairs,Department of Veterans Affairs,,,VA,EXPRESS REPORT: Q2 FY23 CCN REGION 3
N0001918C1060,THE BOEING COMPANY,1518660771.0,2018-06-27,Department of Defense,Defense Contract Management Agency,,,MO,28 KUWAIT KAF-18E/F AIRCRAFT AND 56 COMMERCIAL PXMC CARDS
N0002415C4301,HUNTINGTON INGALLS INC,1514555869.0,2015-08-14,Department of Defense,Department of the Navy,,,VA,USS COLUMBUS (SSN 762) EOH PLANNING
M6785419C0043,NORTHROP GRUMMAN SYSTEMS CORPORATION,1511353721.66,2019-06-07,Department of Defense,Department of the Navy,,,MD,G/ATOR GAN FRP LOT 1 QTY 4
HQ014711C0006,NORTHROP GRUMMAN SYSTEMS CORPORATION,1510737189.71,2011-03-07,Department of Defense,Missile Defense Agency,,,AZ,IRBM TARGETS
36C10G23K0052,TRIWEST HEALTHCARE ALLIANCE CORP,1510328699.11,2023-06-15,Department of Veterans Affairs,Department of Veterans Affairs,,,VA,EXPRESS REPORT: QUARTER 1
F3365701C0047,THE BOEING COMPANY,1510098200.2,2001-07-30,Department of Defense,Defense Contract Management Agency,,,KS,
EDFSA15C0006,ACCENTURE FEDERAL SERVICES LLC,1507684723.07,2015-03-05,Department of Education,Department of Education,,,DC,"IGF::CL::IGF - TIVOD SUPPORTS THE ORIGINATION, DISBURSEMENT, AND REPORTING OF TITLE IV FEDERAL STUDENT AID PROGRAMS, INCLUDING - BUT NOT LIMITED TO - DIRECT LOANS, PELL GRANTS, AND THE TEACHER EDUCATI"
W31P4Q08C0418,NORTHROP GRUMMAN SYSTEMS CORPORATION,1505614414.06,2008-09-23,Department of Defense,Department of the Army,,,AL,INTEGRATED AIR AND MISSILE DEFENSE (IAMD)BATTLE COMMAND SYSTEM (IBCS) BASIC AWARD FOR STEP I/PHASE-I PRELIMINARY DESIGN REVIEW (PDR)
FA861512C6012,LOCKHEED MARTIN CORPORATION,1504761364.98,2011-12-02,Department of Defense,Department of the Air Force,,,TX,IRAQ F-16C/D BLOCK 52 AIRCRAFT PRODUCTION PROGRAM
W15P7T04CE405,"GENERAL DYNAMICS MISSION SYSTEMS, INC.",1504359694.01,2004-07-16,Department of Defense,Defense Contract Management Agency,,,AZ,200410!005969!2100!W15P7T!USA COMMUNICATIONS-ELECTRONICS  !W15P7T04CE405  !A!N! !N!             !      !20040716!20111230!046863929!046863929!001381284!N!GENERAL DYNAMICS DECISION SYST!8201 E  MCDOWEL
DTFAWA12C00064,PARSONS GOVERNMENT SERVICES INC.,1501103618.93,2012-08-23,Department of Transportation,Federal Aviation Administration,,,DC,"THE CONTRACTOR MUST FURNISH ALL PROFESSIONAL, TECHNICAL AND SUPPORT LABOR, MATERIAL, SUPPLIES, MANAGEMENT SERVICES, DATA, AND FACILITIES REQUIRED TO ACCOMPLISH THE WORK TO BE ORDERED UNDER TECHNICAL F"
80GSFC19C0063,PERATON INC.,1499608688.36,2019-06-27,National Aeronautics and Space Administration,National Aeronautics and Space Administration,,,VA,THE EXPLORATION AND SPACE COMMUNICATIONS PROJECTS DIVISION (ESC) IS A NATIONAL RESOURCE LOCATED AT GODDARD SPACE FLIGHT CENTER (GSFC) WHICH ENABLES SCIENTIFIC DISCOVERY AND SPACE EXPLORATION BY PROVID
36C10B18N0003,"ORACLE HEALTH GOVERNMENT SERVICES, INC.",1496628663.21,2018-05-17,Department of Veterans Affairs,Department of Veterans Affairs,,,KS,"IGF::OT::IGF TASK ORDER 36C10B18N0003 UNDER IDIQ CONTRACT 36C10B18D5000 FOR OPERATIONAL MANAGEMENT SERVICES, TO INCLUDE HOSTING, FOR THE EHRM APPLICATIONS, APPLICATION SERVICES, AND ALL SUPPORTING EHR"
W52P1J19F0402,VECTRUS SYSTEMS LLC,1493875576.56,2019-04-12,Department of Defense,Department of the Army,,,,LOGISTICS CIVIL AUGMENTATION PROGRAM (LOGCAP) V AWARD FOR IRAQ.
W58RGZ14C0018,THE BOEING COMPANY,1491571063.47,2014-04-24,Department of Defense,Defense Contract Management Agency,,,AZ,ADVANCED PROCUREMENT FUNDING FOR LONG LEAD ITEMS
W15QKN13C0074,NORTHROP GRUMMAN SYSTEMS CORPORATION,1490942764.8,2013-08-30,Department of Defense,Department of the Army,,,MN,"TO AWARD PRODUCTION EFFORT FOR THE PRECISION GUIDANCE KIT (PGK)TO INCLUDE ARMY, MARINES, FMS QUANTITIES, FFP, BASE WITH 2 OPTIONS INCLUDING SPECIAL LICENSE RIGHTS (TDP)."
36C10G23K0056,"OPTUM PUBLIC SECTOR SOLUTIONS, INC.",1484762480.58,2023-07-28,Department of Veterans Affairs,Department of Veterans Affairs,,,VA,EXPRESS REPORT:Q3 EXPRESS REPORT R2
FA860926FB002,THE BOEING COMPANY,1484114000.0,2026-02-27,Department of Defense,Department of the Air Force,,,WA,KC-46 FMS EFFORT FOR ISRAEL AIRCRAFT 5&6 AND JAPAN AIRCRAFT 7-10.
HT940223C0006,THE JOHNS HOPKINS MEDICAL SERVICES CORPORATION,1480800000.0,2023-09-26,Department of Defense,Defense Health Agency,,,MD,MANAGED HEALTH CARE PLAN SERVICES FROM A DESIGNATED PROVIDER
HHSD200201458150C,MERCK SHARP & DOHME LLC,1480605083.86,2014-03-27,Department of Health and Human Services,Centers for Disease Control and Prevention,,,PA,VSCCINE FOR CHILDREN (VFC) 2014
DOC003,T-REX SOLUTIONS LLC,1480169956.14,2016-08-26,Department of Commerce,U.S. Census Bureau,,,MD,IGF::OT::IGF  ENTERPRISE SOLUTIONS FRAMEWORK (ESF) FOR MULTI-TIERED ACQUISITION FRAMEWORK FOR SYSTEMS ENGINEERING AND INTEGRATION - PROGRAM TIER WORK ORDER 003 - 2020 CENSUS TECHNICAL INTEGRATOR
70B01C26C00000006,"AMI METALS, INC",1474828685.83,2026-02-11,Department of Homeland Security,U.S. Customs and Border Protection,,,TX,BULK STEEL FOR SOUTHWEST BORDER BARRIER CONSTRUCTION PROJECTS
N0002423C5403,RAM-SYSTEM GMBH,1472521136.67,2022-10-26,Department of Defense,Department of the Navy,,,,RAM MK 44 MOD 6 GMRP (BLK 2B)
80NM0018F0850,CALIFORNIA INSTITUTE OF TECHNOLOGY,1470526588.34,2018-09-18,National Aeronautics and Space Administration,National Aeronautics and Space Administration,,,CA,"DEEP SPACE NETWORK (DSN)  THE CONTRACT IS THE SPONSORING AGREEMENT BETWEEN THE NATIONAL AERONAUTICS AND SPACE ADMINISTRATION (NASA) AND THE CALIFORNIA INSTITUTE OF TECHNOLOGY (CONTRACTOR), A PRIVATE N"
N0002416C2111,ELECTRIC BOAT CORPORATION,1469859369.0,2016-08-26,Department of Defense,Department of the Navy,,,CT,IGF::OT::IGF VCS LEAD YARD SERVICES
FA870219F0001,MASSACHUSETTS INSTITUTE OF TECHNOLOGY,1469693798.1,2019-02-26,Department of Defense,Department of the Air Force,,,MA,IGF::OT::IGF MASSACHUSETTS INSTITUTE OF TECHNOLOGY: LINCOLN LABORATORY - RESEARCH AND DEVELOPMENT
HT940213C0007,"BRIGHTON MARINE, INC.",1467822926.94,2013-09-10,Department of Defense,Defense Health Agency,,,MA,COMPREHENSIVE HEALTHCARE SERVICES
W58P0522C0012,ELI LILLY AND COMPANY,1463250000.0,2022-02-10,Department of Defense,Department of the Army,,,IN,LYCOV1404 BEBTELOVIMAB
HSCG2316CADB016,HUNTINGTON INGALLS INCORPORATED,1460701662.72,2016-08-30,Department of Homeland Security,U.S. Coast Guard,,,MS,LONG LEAD TIME MATERIAL (LLTM) FOR NATIONAL SECURITY CUTTER (NSC) 9
HHSD200201793273C,MERCK SHARP & DOHME LLC,1453663189.8,2017-03-30,Department of Health and Human Services,Centers for Disease Control and Prevention,,,NJ,IGF::OT::IGF 2017 VACCINES FOR CHILDREN
HQ085121C0001,LOCKHEED MARTIN CORPORATION,1453527651.73,2020-10-02,Department of Defense,Missile Defense Agency,,,NJ,BASELINE J7.B DEVELOPMENT LOE
NNJ10TB01C,"HAMILTON SUNDSTRAND SPACE SYSTEMS INTERNATIONAL, INC.",1451665745.1,2010-09-30,National Aeronautics and Space Administration,National Aeronautics and Space Administration,,,TX,EXTRAVEHICULAR SPACE OPERATIONS CONTRACT (ESOC)
W31P4Q25F0080,LOCKHEED MARTIN CORPORATION,1448823842.98,2025-06-23,Department of Defense,Department of the Army,,,TX,GUIDED MULTIPLE LAUNCH ROCKET SYSTEM (GMLRS) AND LOW COST REDUCED RANGE PRACTICE ROCKET (LCRRPR) FY26 FULL RATE PRODUCTION LOT 21 DELIVERY ORDER.
W912GB10C0031,MISCELLANEOUS FOREIGN AWARDEES,1448239262.48,2010-06-18,Department of Defense,Department of the Army,,,,ADDITIONAL SERVICES MCA-FUNDED
N0001917C0045,LOCKHEED MARTIN CORPORATION,1443726578.57,2017-02-28,Department of Defense,Department of the Navy,,,TX,FY17A F-35 SUSTAINMENT - FMS
N0002423C2452,TEXTRON SYSTEMS CORP,1436316386.0,2023-08-04,Department of Defense,Department of the Navy,,,LA,THREE FUTURE LCAC 100 CLASS CRAFT LONG LEAD TIME MATERIAL
47QFSA20F0057,SCIENCE APPLICATIONS INTERNATIONAL CORPORATION,1432945155.91,2020-05-05,General Services Administration,Federal Acquisition Service,,,AL,SOFTWARE LIFE CYCLE DEVELOPMENT
HHSO100200900101C,SEQIRUS INC,1430622665.0,2009-01-13,Department of Health and Human Services,Office of Assistant Secretary for Preparedness and Response,,,MA,TAS::75 0140::TAS CONSTRUCTION OF VACCINE MANUFACTURING FACILITY
36C10B22N0051EHRM,"ORACLE HEALTH GOVERNMENT SERVICES, INC.",1424879474.43,2022-09-28,Department of Veterans Affairs,Department of Veterans Affairs,,,KS,"EHRM WAVES K, L, M (VISN 23) AND N, O (VISN 15) DEPLOYMENTS"
FA882321C0001,LOCKHEED MARTIN CORP,1424651424.09,2021-06-04,Department of Defense,Department of the Air Force,,,CO,"SPACE BASED INFRARED SYSTEMS CONTRACTOR LOGISTICS SUPPORT. PRODUCT SUPPORT INTEGRATION, CONTRACT EVOLUTION"
N0002420C5405,RAYTHEON COMPANY,1418484083.6,2019-12-20,Department of Defense,Defense Contract Management Agency,,,AZ,SM-6 BLK IA TACTICAL ALL UP ROUND (AUR)
N0002410C2118,ELECTRIC BOAT CORPORATION,1418130936.0,2010-07-02,Department of Defense,Department of the Navy,,,CT,LEAD YARD SERVICES
W31P4Q13C0129,RAYTHEON/LOCKHEED MARTIN JAVELIN JV,1415941922.87,2013-05-17,Department of Defense,Department of the Army,,,AZ,UCA AWARD FY13 BLOCK 1 TACTICAL ROUNDS: US ARMY AND USMC
FA865622FA071,RAYTHEON COMPANY,1411745212.76,2022-09-22,Department of Defense,Department of the Air Force,,,AZ,HACM - SCIFIRE
N0002420C5519,NORTHROP GRUMMAN SYSTEMS CORPORATION,1409895949.82,2020-09-30,Department of Defense,Defense Contract Management Agency,,,MD,BLOCK 3 EA SUBSYSTEM HEMISPHERE PRODUCTION
36C24026K1002,MCKESSON CORPORATION,1406868182.35,2025-11-01,Department of Veterans Affairs,Department of Veterans Affairs,,,TX,EXPRESS REPORT: PHARMACEUTICAL PRIME VENDOR (PPV)FY2026 NOVEMBER
NNN13D496T,CALIFORNIA INSTITUTE OF TECHNOLOGY,1403381590.45,2013-07-24,National Aeronautics and Space Administration,National Aeronautics and Space Administration,,,CA,IGF::CL::IGF 2020 MARS SCIENCE ROVER PROJECT - PHASE A THE CONTRACT IS THE SPONSORING AGREEMENT BETWEEN THE NATIONAL AERONAUTICS AND SPACE ADMINISTRATION (NASA) AND THE CALIFORNIA INSTITUTE OF TECHNOL
N0002411C2305,BATH IRON WORKS CORPORATION,1403317277.0,2011-09-26,Department of Defense,Department of the Navy,,,ME,CONSTRUCTION OF DDG 51 CLASS DESTROYER
36C10G21K0056,TRIWEST HEALTHCARE ALLIANCE CORP,1402860602.01,2021-08-05,Department of Veterans Affairs,Department of Veterans Affairs,,,AZ,EXPRESS REPORT FOR 2QTR FY2021 UNDER PC3 CONTRACT
70Z02322C93220001,"AUSTAL USA, LLC",1402839310.77,2022-07-05,Department of Homeland Security,U.S. Coast Guard,,,AL,OFFSHORE PATROL CUTTER (OPC) STAGE 2 CONTRACT: DETAILED DESIGN AND PRODUCTION (DD&P) OF 11 OPCS.
HQ085121C0002,LOCKHEED MARTIN CORPORATION,1401875693.1,2020-10-30,Department of Defense,Missile Defense Agency,,,NJ,AEGIS BASELINE 5.4.1 (BMD 4.2)
NMO710820,CALIFORNIA INSTITUTE OF TECHNOLOGY,1399491608.19,2003-09-30,National Aeronautics and Space Administration,National Aeronautics and Space Administration,,,CA,DEEP SPACE NETWORK
N0002421C5408,RAYTHEON COMPANY,1398663146.82,2021-09-29,Department of Defense,Defense Contract Management Agency,,,AZ,GUIDED MISSILE ASSEMBLY AND PIO CEILING TRACKER CLINS AWARD
36C24026K1008,MCKESSON CORPORATION,1398025092.11,2026-05-01,Department of Veterans Affairs,Department of Veterans Affairs,,,TX,EXPRESS REPORT: PHARMACEUTICAL PRIME VENDOR (PPV)FY2026 MAY
FA863416C2653,THE BOEING COMPANY,1397282803.14,2015-10-30,Department of Defense,Department of the Air Force,,,MO,F-15; ACAT II: RMP/V3 COMBINED RADAR BUY FY15
DAAB0702CF404,"GENERAL DYNAMICS MISSION SYSTEMS, INC.",1396492096.87,2002-08-09,Department of Defense,Defense Contract Management Agency,,,MA,
F3365701C0022,TEXTRON AVIATION DEFENSE LLC,1395147014.14,2001-12-28,Department of Defense,Defense Contract Management Agency,,,KS,200211!000030!5700!GU47 !ASC/YTK !F3365701C0022 !A!N! !N! !20011228!20090228!007482011!788153588!001339159!N!RAYTHEON AIRCRAFT COMPANY !10511 E CENTRAL AVE !WICHITA !KS!67206!79000!173!20!WICHITA !SED
FA873918C5030,THE BOEING COMPANY,1391899887.04,2018-09-24,Department of Defense,Department of the Air Force,,,PA,UH-1N REPLACEMENT HELICOPTER SYSTEM
HHSO100201600030C,EMERGENT PRODUCT DEVELOPMENT GAITHERSBURG INC.,1385742139.1,2016-09-30,Department of Health and Human Services,Office of Assistant Secretary for Preparedness and Response,,,MD,IGF::OT::IGF
89303925FEM400064,"HANFORD TANK WASTE OPERATIONS & CLOSURE, LLC",1385702409.03,2025-02-18,Department of Energy,Department of Energy,,,WA,"THE AWARD CONTINUES PERFORMANCE OF INTEGRATED TANK DISPOSITION CONTRACT VIA THE IMPLEMENTATION TASK ORDER, TO-02."
DEAC3010CC60025,"CENTERRA GROUP, LLC",1382722835.71,2009-10-08,Department of Energy,Department of Energy,,,SC,PROTECTIVE FORCE SECURITY SERVICES FOR THE DEPARTMENT OF ENERGY'S SAVANNAH RIVER SITE
N0002424C5408,RAYTHEON COMPANY,1380494831.69,2024-09-27,Department of Defense,Defense Contract Management Agency,,,AZ,GMA (MK25) C-BAND
47QFCA21F0018,BOOZ ALLEN HAMILTON INC,1379603153.12,2021-03-09,General Services Administration,Federal Acquisition Service,,,DC,"TASK ORDER (TO) 47QFCA21F0018 IS HEREBY AWARDED TO BOOZ ALLEN HAMILTON, INC. (BAH) TO PROVIDE ENTERPRISE LEVEL DATA TO THE OUSD(C), AND ITS STRATEGIC PARTNERS (I.E., DOD FOURTH ESTATE, DOD DEPARTMENTS"
